#include <stdint.h>

static int logo_en_320x172_lcd_width = 320;
static int logo_en_320x172_lcd_height = 172;
static const uint16_t logo_en_320x172_lcd[55040] = {
    0x8d9a, 0x8d7a, 0x855a, 0x855a, 0x7d39, 0x7519, 0x7519, 0x74f9, 0x6cf9, 0x7519, 0x7519, 0x7519, 0x7519, 0x6cf9, 0x74f9, 0x6cf9, 0x64b8, 0x64b8, 0x64b8, 0x64b8, 
    0x5cb8, 0x64b8, 0x64b8, 0x64b8, 0x5c98, 0x5498, 0x5478, 0x4c58, 0x4437, 0x4457, 0x4c58, 0x4c58, 0x4c58, 0x5478, 0x5498, 0x5498, 0x5cb8, 0x5c98, 0x5498, 0x5498, 
    0x5498, 0x5c98, 0x5cb8, 0x5cb8, 0x5cb8, 0x5cb8, 0x5498, 0x4c78, 0x4c78, 0x4478, 0x4478, 0x4478, 0x4458, 0x3c58, 0x3c58, 0x3438, 0x2c38, 0x1c17, 0x0bf7, 0x0bf7, 
    0x2418, 0x2c38, 0x3438, 0x3c78, 0x4478, 0x4478, 0x4c78, 0x4c98, 0x4c98, 0x4c98, 0x4c98, 0x5499, 0x54b9, 0x4c98, 0x4c98, 0x5499, 0x54b9, 0x54b9, 0x5499, 0x5499, 
    0x5499, 0x54b9, 0x54b9, 0x54b9, 0x54b9, 0x54b9, 0x54b9, 0x4cb9, 0x4c99, 0x4c99, 0x4499, 0x4478, 0x3c78, 0x3c78, 0x3458, 0x2c38, 0x2438, 0x2438, 0x2438, 0x2438, 
    0x1c58, 0x0c38, 0x0418, 0x0418, 0x0418, 0x03f8, 0x03f8, 0x03f8, 0x03f8, 0x03f8, 0x03f8, 0x03f8, 0x03f8, 0x03f7, 0x03f7, 0x03f7, 0x03d7, 0x03d7, 0x03d7, 0x03d7, 
    0x03d7, 0x03d7, 0x03d7, 0x03d7, 0x03d7, 0x03d7, 0x03d7, 0x03d7, 0x03d7, 0x03d7, 0x03d7, 0x03d7, 0x03d7, 0x03d7, 0x03d7, 0x03d7, 0x03d7, 0x03d7, 0x03d7, 0x03d7, 
    0x03d7, 0x03d7, 0x03d7, 0x03d7, 0x03d7, 0x03d7, 0x03d7, 0x03d7, 0x03d7, 0x03d7, 0x03d7, 0x03d7, 0x03d7, 0x03d7, 0x03d7, 0x03d7, 0x03d7, 0x03d7, 0x03d7, 0x03f7, 
    0x03f7, 0x03f7, 0x03f7, 0x03f7, 0x03f7, 0x03f7, 0x0417, 0x0418, 0x0418, 0x0c17, 0x0c18, 0x1418, 0x2438, 0x2c58, 0x3c78, 0x3c78, 0x4498, 0x4c98, 0x4498, 0x4478, 
    0x4498, 0x4c98, 0x4c98, 0x54b9, 0x54b9, 0x54b9, 0x54b9, 0x54b8, 0x5cb9, 0x5cd9, 0x5cd9, 0x5cd9, 0x64d9, 0x64d9, 0x64d9, 0x64f9, 0x64f9, 0x64f9, 0x6cf9, 0x6cf9, 
    0x6cf9, 0x6d19, 0x6d19, 0x6d19, 0x6cf9, 0x6d19, 0x7519, 0x7519, 0x7519, 0x7519, 0x7539, 0x7d3a, 0x855a, 0x857a, 0x8d9a, 0x8d9a, 0x8d9a, 0x959a, 0x95ba, 0x95ba, 
    0x95ba, 0x95ba, 0x959a, 0x8d9a, 0x8d9a, 0x8d9a, 0x8d9a, 0x959a, 0x95ba, 0x95ba, 0x95ba, 0x95ba, 0x95ba, 0x95ba, 0x95ba, 0x95ba, 0x9dba, 0x9dda, 0x9dda, 0x9dfb, 
    0xa61b, 0xa61b, 0xa61b, 0xa61b, 0xa61b, 0xa61b, 0xa5fb, 0x9dfa, 0xa5fb, 0xa5fb, 0xa61b, 0xae1b, 0xae3b, 0xae3b, 0xae3b, 0xae3b, 0xae3b, 0xae3b, 0xae3b, 0xae3b, 
    0xae3b, 0xae3b, 0xae3b, 0xae3b, 0xae3b, 0xae3b, 0xae3b, 0xae3b, 0xae1b, 0xae1b, 0xae3b, 0xae1b, 0xae1b, 0xae1b, 0xa61b, 0xa61b, 0xa61b, 0xa61b, 0xa61b, 0xa5fb, 
    0xa5fb, 0xa5fb, 0xa5fb, 0xa5fb, 0xa5fb, 0xa5fb, 0xa5fb, 0xa5fb, 0xa5fb, 0x9dfb, 0x9dfb, 0x9dfb, 0x9ddb, 0xa5fb, 0xa5db, 0x9dda, 0x9dda, 0x9dda, 0x9dda, 0x9dda, 
    0x9dda, 0x9dda, 0x9dda, 0x9dda, 0x9dda, 0x9dda, 0x9dda, 0x9dda, 0x9dda, 0x9dda, 0x9dda, 0x9dfb, 0x9dfb, 0x9dda, 0x9dda, 0x9dba, 0x9dba, 0x9dba, 0x9dba, 0x9dba, 
    
    0x959a, 0x8d9a, 0x8d7a, 0x8d9a, 0x855a, 0x7d19, 0x74f9, 0x6cf9, 0x64d9, 0x64d9, 0x64d9, 0x6cd9, 0x6cd9, 0x6cf9, 0x64d9, 0x64d8, 0x64b8, 0x5cb8, 0x64b8, 0x64b8, 
    0x5c98, 0x5c98, 0x5c98, 0x5c98, 0x5478, 0x4c78, 0x4c58, 0x4457, 0x4437, 0x4c58, 0x4c78, 0x5478, 0x5498, 0x5498, 0x5498, 0x5c98, 0x5cb8, 0x5cb8, 0x5cb8, 0x5cb8, 
    0x5cb8, 0x5cb8, 0x64b8, 0x64d9, 0x64d9, 0x64d9, 0x64d9, 0x64d9, 0x64d9, 0x5cb9, 0x54b9, 0x5498, 0x4c98, 0x4c78, 0x4478, 0x3c58, 0x2c38, 0x1c17, 0x2418, 0x2c38, 
    0x3438, 0x3458, 0x3c78, 0x4478, 0x4478, 0x4c98, 0x4c98, 0x5499, 0x5498, 0x5498, 0x5499, 0x54b9, 0x54b9, 0x4c98, 0x4c98, 0x4c98, 0x4c99, 0x5499, 0x5499, 0x4c99, 
    0x54b9, 0x54b9, 0x54b9, 0x54b9, 0x54b9, 0x54b9, 0x54b9, 0x54b9, 0x4cb9, 0x4c99, 0x4498, 0x4499, 0x4499, 0x4478, 0x3458, 0x2c58, 0x3458, 0x2c58, 0x2c58, 0x2c58, 
    0x2458, 0x0c38, 0x0418, 0x0418, 0x0418, 0x0418, 0x0418, 0x03f8, 0x03f8, 0x03f8, 0x03f8, 0x03f8, 0x03f8, 0x03f8, 0x03f8, 0x03f7, 0x03f7, 0x03f7, 0x03f7, 0x03f7, 
    0x03d7, 0x03f7, 0x03d7, 0x03d7, 0x03d7, 0x03d7, 0x03f7, 0x03d7, 0x03d7, 0x03d7, 0x03d7, 0x03d7, 0x03d7, 0x03d7, 0x03d7, 0x03d7, 0x03d7, 0x03d7, 0x03d7, 0x03d7, 
    0x03d7, 0x03d7, 0x03d7, 0x03d7, 0x03d7, 0x03d7, 0x03d7, 0x03d7, 0x03d7, 0x03d7, 0x03d7, 0x03d7, 0x03d7, 0x03d7, 0x03d7, 0x03d7, 0x03d7, 0x03d7, 0x03f7, 0x03f7, 
    0x03f7, 0x03f7, 0x0417, 0x0417, 0x0c18, 0x1438, 0x1c38, 0x2438, 0x2438, 0x2c58, 0x2c58, 0x2c58, 0x2c58, 0x3458, 0x3c58, 0x3c78, 0x4478, 0x4498, 0x4498, 0x4498, 
    0x4478, 0x4498, 0x4c98, 0x54b9, 0x54b9, 0x54b9, 0x54b9, 0x5cb9, 0x5cd9, 0x64d9, 0x5cd9, 0x5cd9, 0x64d9, 0x64d9, 0x64d9, 0x64d9, 0x64d9, 0x64f9, 0x6cf9, 0x6cf9, 
    0x6d19, 0x6d19, 0x6d19, 0x6d19, 0x6d19, 0x6cf9, 0x6cf9, 0x6d19, 0x6d19, 0x7519, 0x7d39, 0x7d59, 0x857a, 0x8d9a, 0x8d9a, 0x95ba, 0x95ba, 0x95ba, 0x95ba, 0x95ba, 
    0x95ba, 0x95ba, 0x95ba, 0x95ba, 0x959a, 0x95ba, 0x95ba, 0x95ba, 0x95ba, 0x95ba, 0x95ba, 0x95ba, 0x9dda, 0x9dda, 0x9dda, 0x9dfb, 0xa5fb, 0xa61b, 0xa61b, 0xa61b, 
    0xa61b, 0xa61b, 0xae3b, 0xae3b, 0xae1b, 0xae1b, 0xae1b, 0xae1b, 0xae3b, 0xae3b, 0xae1b, 0xa61b, 0xa61b, 0xa61b, 0xa61b, 0xa61b, 0xae1b, 0xae1b, 0xae3b, 0xae3b, 
    0xae3b, 0xae3b, 0xae3b, 0xae3b, 0xae3b, 0xae3b, 0xae3b, 0xae3b, 0xae3b, 0xae1b, 0xae1b, 0xae1b, 0xae1b, 0xae1b, 0xae1b, 0xa61b, 0xa61b, 0xa61b, 0xa61b, 0xa61b, 
    0xa5fb, 0xa5fb, 0xa5fb, 0x9dfb, 0x9dfb, 0x9dfb, 0x9dda, 0x9dfb, 0x9dfb, 0x9ddb, 0x9dda, 0x9dda, 0x9dda, 0x9dda, 0x9dda, 0x9dda, 0x9dda, 0x9dda, 0x9dda, 0x9dda, 
    0x9dda, 0x9dda, 0x9dda, 0x9dda, 0x9dda, 0x9dda, 0x9dda, 0x9dda, 0x9ddb, 0x9dfb, 0x9dfb, 0x9dfb, 0x9dfb, 0x9dda, 0x9dba, 0x9dba, 0x95ba, 0x95ba, 0x95ba, 0x959a, 
    
    0x9ddb, 0x9ddb, 0x95bb, 0x959a, 0x8d9a, 0x7d39, 0x6cf9, 0x6cd9, 0x64d8, 0x5cb8, 0x5498, 0x5478, 0x5498, 0x5478, 0x5478, 0x5498, 0x5498, 0x5498, 0x5498, 0x5c98, 
    0x5498, 0x5478, 0x5478, 0x5478, 0x4c78, 0x4458, 0x4457, 0x4438, 0x4c58, 0x5498, 0x5c98, 0x5c98, 0x5c98, 0x5498, 0x5c98, 0x5cb8, 0x5cb8, 0x64b8, 0x64b9, 0x64d9, 
    0x64d9, 0x64d9, 0x64d9, 0x6cf9, 0x6cf9, 0x6cf9, 0x6cf9, 0x6d19, 0x6d19, 0x6d19, 0x64f9, 0x54b9, 0x5498, 0x4c98, 0x4c78, 0x4478, 0x3c58, 0x3458, 0x3c58, 0x3c58, 
    0x3c58, 0x4478, 0x4478, 0x4478, 0x4478, 0x4c98, 0x5498, 0x54b9, 0x54b9, 0x4c99, 0x5499, 0x5499, 0x4c98, 0x4c98, 0x4c98, 0x4c99, 0x4c99, 0x4c99, 0x5499, 0x5499, 
    0x54b9, 0x54b9, 0x54b9, 0x54d9, 0x54b9, 0x54b9, 0x54b9, 0x4cb9, 0x4498, 0x4498, 0x4498, 0x4499, 0x3c78, 0x3c78, 0x3458, 0x3458, 0x3478, 0x3478, 0x2c58, 0x2458, 
    0x2458, 0x0c38, 0x0418, 0x0418, 0x0418, 0x0418, 0x0418, 0x03f8, 0x03f8, 0x03f8, 0x03f8, 0x03f8, 0x03f8, 0x03f8, 0x03f8, 0x03f8, 0x03f7, 0x03f7, 0x03f7, 0x03f8, 
    0x03f7, 0x03f7, 0x03f7, 0x03f7, 0x03f7, 0x03f7, 0x03f7, 0x03f7, 0x03f7, 0x03f7, 0x03f7, 0x03f7, 0x03f7, 0x03f7, 0x03d7, 0x03d7, 0x03d7, 0x03f7, 0x03f7, 0x03d7, 
    0x03d7, 0x03d7, 0x03d7, 0x03d7, 0x03d7, 0x03d7, 0x03d7, 0x03d7, 0x03d7, 0x03d7, 0x03d7, 0x03d7, 0x03d7, 0x03d7, 0x03d7, 0x03d7, 0x03d7, 0x03f7, 0x03f7, 0x03f7, 
    0x0417, 0x0418, 0x0c38, 0x1438, 0x2438, 0x2c58, 0x3458, 0x3c78, 0x4478, 0x4498, 0x4478, 0x4478, 0x4478, 0x3c78, 0x3c78, 0x3c78, 0x3c78, 0x4478, 0x4c99, 0x4c99, 
    0x54b9, 0x4c99, 0x4c98, 0x4c98, 0x4c98, 0x4c98, 0x4c98, 0x4c98, 0x54b9, 0x5cd9, 0x5cd9, 0x5cd9, 0x64d9, 0x64f9, 0x6cf9, 0x6cf9, 0x64f9, 0x6cf9, 0x6cf9, 0x6cf9, 
    0x6d19, 0x6d19, 0x6d19, 0x6cf9, 0x6cf9, 0x6cf9, 0x6d19, 0x7519, 0x7539, 0x7d59, 0x855a, 0x857a, 0x8d9a, 0x8d9a, 0x95ba, 0x95ba, 0x95da, 0x9dda, 0x9dda, 0x9dda, 
    0x9dda, 0x9dda, 0x95da, 0x95ba, 0x95da, 0x95da, 0x9dda, 0x9dda, 0x9dda, 0x9ddb, 0x9ddb, 0x9ddb, 0x9dfb, 0x9dfb, 0xa5fb, 0xa61b, 0xa61b, 0xa61b, 0xa61b, 0xa61b, 
    0xa61b, 0xa61b, 0xae3b, 0xae3b, 0xae3b, 0xb65b, 0xb65b, 0xb65b, 0xb65b, 0xb65c, 0xb63b, 0xae3b, 0xae1b, 0xa61b, 0xa61b, 0xa61b, 0xa61b, 0xae1b, 0xae3b, 0xae1b, 
    0xae3b, 0xae3b, 0xae3b, 0xae3b, 0xae3b, 0xae3b, 0xae3b, 0xae3b, 0xae3b, 0xae3b, 0xae3b, 0xae3b, 0xae3b, 0xae1b, 0xae1b, 0xae1b, 0xae1b, 0xae1b, 0xae1b, 0xa61b, 
    0xa61b, 0xa5fb, 0xa5fb, 0xa5fb, 0x9dfb, 0x9dfb, 0x9dfb, 0x9ddb, 0x9dda, 0x9dda, 0x9dda, 0x9dda, 0x9dda, 0x9dda, 0x9dda, 0x9dba, 0x9dba, 0x9dba, 0x9dda, 0x9dba, 
    0x9dda, 0x9dda, 0x9dda, 0x9dda, 0x9dda, 0x9dda, 0x9dda, 0x9dda, 0x9dda, 0x9dda, 0x9ddb, 0x9dfa, 0x9dda, 0x9dba, 0x95ba, 0x959a, 0x959a, 0x8d9a, 0x959a, 0x8d7a, 
    
    0x9ddb, 0x9ddb, 0x959a, 0x959a, 0x8d9a, 0x7d5a, 0x7519, 0x6cf9, 0x64d9, 0x5cb8, 0x5498, 0x4c78, 0x4c57, 0x4c57, 0x4c58, 0x4c78, 0x5478, 0x5c98, 0x5498, 0x5498, 
    0x5498, 0x5478, 0x5478, 0x4c78, 0x4458, 0x4458, 0x4458, 0x4c78, 0x5498, 0x5498, 0x5498, 0x5498, 0x5cb8, 0x5cb8, 0x5cb8, 0x64b8, 0x64b8, 0x64d9, 0x64d9, 0x6cf9, 
    0x6cf9, 0x6cf9, 0x64d9, 0x64d9, 0x64d9, 0x64f9, 0x6cf9, 0x7519, 0x7519, 0x7539, 0x7519, 0x5cd9, 0x54b9, 0x5499, 0x54b9, 0x54b9, 0x4c98, 0x4c98, 0x4c98, 0x4c98, 
    0x4c99, 0x4c99, 0x4c98, 0x4c98, 0x4c98, 0x4c98, 0x5499, 0x54b9, 0x54b9, 0x5499, 0x4c99, 0x4c98, 0x4498, 0x4c98, 0x4c99, 0x4c99, 0x4c99, 0x4c99, 0x4c99, 0x54b9, 
    0x54b9, 0x54b9, 0x5cd9, 0x54b9, 0x54b9, 0x54b9, 0x4cb9, 0x4498, 0x3c98, 0x3c78, 0x3c78, 0x3478, 0x3478, 0x3458, 0x3458, 0x2c58, 0x2c58, 0x2c58, 0x2438, 0x1c38, 
    0x1438, 0x0438, 0x0418, 0x0418, 0x0418, 0x0418, 0x0418, 0x0418, 0x0418, 0x0418, 0x03f8, 0x0418, 0x0418, 0x03f8, 0x03f8, 0x03f8, 0x03f8, 0x03f8, 0x03f8, 0x03f8, 
    0x03f8, 0x03f8, 0x03f8, 0x03f8, 0x03f8, 0x03f8, 0x03f8, 0x03f8, 0x03f8, 0x03f8, 0x03f8, 0x03f8, 0x03f8, 0x03f8, 0x03f7, 0x03f7, 0x03f8, 0x03f8, 0x03f8, 0x03f7, 
    0x03f7, 0x03d7, 0x03d7, 0x03d7, 0x03d7, 0x03d7, 0x03d7, 0x03d7, 0x03d7, 0x03d7, 0x03d7, 0x03d7, 0x03d7, 0x03d7, 0x03f7, 0x03f7, 0x03f8, 0x03f8, 0x03f8, 0x0418, 
    0x0418, 0x1438, 0x1c38, 0x2c58, 0x3458, 0x3c78, 0x4498, 0x4c99, 0x4c99, 0x4498, 0x4498, 0x4498, 0x4c98, 0x4498, 0x4498, 0x3c78, 0x3c78, 0x3c78, 0x3c78, 0x4498, 
    0x54b9, 0x4cb9, 0x4c98, 0x4c98, 0x4c98, 0x4c98, 0x4c98, 0x4c98, 0x4c98, 0x54b9, 0x5cb9, 0x5cd9, 0x64d9, 0x6cf9, 0x6cf9, 0x6cf9, 0x6d19, 0x6d19, 0x6d19, 0x6d19, 
    0x6d19, 0x6d19, 0x6d19, 0x6cf9, 0x6d19, 0x7539, 0x7d59, 0x855a, 0x857a, 0x855a, 0x8559, 0x857a, 0x8d9a, 0x8d9a, 0x95ba, 0x95da, 0x9dfb, 0xa61b, 0xa61b, 0xa61b, 
    0xa61b, 0xa5fb, 0x9dfb, 0x9dfb, 0xa5fb, 0xa5fb, 0xa61b, 0xa61b, 0xa61b, 0xa61b, 0xa61b, 0xa61b, 0xa61b, 0xa63b, 0xae3b, 0xae3b, 0xae3b, 0xae3b, 0xae3b, 0xae3b, 
    0xae3b, 0xae3b, 0xae3b, 0xae5b, 0xb65c, 0xb65c, 0xb65c, 0xb65c, 0xb65b, 0xb65b, 0xae3b, 0xae1b, 0xae1b, 0xae1b, 0xae1b, 0xae1b, 0xae1b, 0xae1b, 0xae1b, 0xae1b, 
    0xae3b, 0xae3b, 0xae3b, 0xae3b, 0xae3b, 0xae3b, 0xae3b, 0xae3b, 0xae3b, 0xae3b, 0xae3b, 0xae3b, 0xae3b, 0xae3b, 0xae1b, 0xae3b, 0xae3b, 0xae1b, 0xa61b, 0xae1b, 
    0xae1b, 0xa61b, 0xa61b, 0xa5fb, 0xa5fb, 0x9dfb, 0x9dda, 0x9dda, 0x9dda, 0x9dda, 0x9dda, 0x9dda, 0x9dda, 0x9dda, 0x9dda, 0x9dba, 0x9dba, 0x9dda, 0x9dda, 0x9dda, 
    0x9dda, 0x9dda, 0x9dda, 0x9dda, 0x9dda, 0x9dda, 0x9ddb, 0x9ddb, 0x9dda, 0x9dda, 0x9dda, 0x9dba, 0x95ba, 0x95ba, 0x8d9a, 0x8d9a, 0x8d7a, 0x8d7a, 0x8d7a, 0x8d7a, 
    
    0x9ddb, 0x95ba, 0x959a, 0x959a, 0x8d9a, 0x857a, 0x7d39, 0x74f9, 0x64d8, 0x5498, 0x5498, 0x5498, 0x5478, 0x5498, 0x5498, 0x5c98, 0x5cb8, 0x5cb8, 0x5cb8, 0x5c98, 
    0x5c98, 0x5498, 0x5478, 0x4c78, 0x4c58, 0x4c78, 0x5498, 0x5498, 0x5498, 0x4c78, 0x5478, 0x5498, 0x5cb8, 0x5cb8, 0x5cb8, 0x64b8, 0x64d9, 0x64f9, 0x6cf9, 0x64d9, 
    0x64d9, 0x5cd9, 0x5cd8, 0x64d9, 0x64f9, 0x6cf9, 0x6d19, 0x6d19, 0x6d19, 0x6d19, 0x6d19, 0x6cf9, 0x64f9, 0x5cd9, 0x5cd9, 0x5cb9, 0x5cb9, 0x5cb9, 0x5cb9, 0x5cd9, 
    0x5cb9, 0x5cb9, 0x5cb9, 0x54b9, 0x54b9, 0x54b9, 0x54b9, 0x54b9, 0x54b9, 0x54b9, 0x4c99, 0x4c99, 0x4c99, 0x4c99, 0x4c99, 0x4c99, 0x4c99, 0x4c99, 0x4cb9, 0x54b9, 
    0x54b9, 0x54b9, 0x54b9, 0x4cb9, 0x4c99, 0x4499, 0x3c99, 0x3c78, 0x3c78, 0x3478, 0x3478, 0x2c78, 0x2c58, 0x2c58, 0x2c58, 0x2458, 0x2458, 0x1c38, 0x1438, 0x0c38, 
    0x0438, 0x0418, 0x0418, 0x0418, 0x0418, 0x0418, 0x0418, 0x0418, 0x0418, 0x0418, 0x0418, 0x0418, 0x0418, 0x0418, 0x0418, 0x0418, 0x03f8, 0x03f8, 0x03f8, 0x03f8, 
    0x03f8, 0x0418, 0x0418, 0x0418, 0x0418, 0x0418, 0x0418, 0x0418, 0x03f8, 0x03f8, 0x03f8, 0x03f8, 0x03f8, 0x03f8, 0x03f8, 0x03f8, 0x03f8, 0x03f8, 0x03f8, 0x03f8, 
    0x03f7, 0x03f7, 0x03f7, 0x03f7, 0x03f7, 0x03f7, 0x03f7, 0x03f7, 0x03f7, 0x03f7, 0x03f7, 0x03f7, 0x03f8, 0x03f8, 0x03f8, 0x03f8, 0x03f8, 0x0418, 0x0418, 0x0c38, 
    0x1438, 0x1c38, 0x2c58, 0x3458, 0x3c78, 0x4499, 0x4cb9, 0x4cb9, 0x4cb9, 0x4cb9, 0x4cb9, 0x54b9, 0x54b9, 0x54b9, 0x54b9, 0x5cd9, 0x54b9, 0x4c99, 0x4498, 0x4498, 
    0x4c98, 0x4cb8, 0x54b9, 0x54b9, 0x54b9, 0x54b9, 0x54b9, 0x54b9, 0x54b9, 0x54b9, 0x5cb9, 0x5cd9, 0x64d9, 0x6cf9, 0x6d19, 0x6d19, 0x6d19, 0x6d19, 0x6d19, 0x7519, 
    0x6d19, 0x7519, 0x7539, 0x7d5a, 0x7d7a, 0x857a, 0x857a, 0x857a, 0x857a, 0x7d59, 0x7d59, 0x8559, 0x857a, 0x8d9a, 0x95ba, 0x9dfb, 0xa5fb, 0xa61b, 0xa61b, 0xa61b, 
    0xa5fb, 0x9dfb, 0xa5fb, 0xa61b, 0xa61b, 0xa63b, 0xa63b, 0xae3b, 0xae3b, 0xae3b, 0xae3b, 0xae3b, 0xae3b, 0xae3b, 0xae3b, 0xb65c, 0xb67c, 0xb67c, 0xb65c, 0xb65c, 
    0xb65c, 0xb65c, 0xb65b, 0xb65b, 0xb65c, 0xb65c, 0xb65b, 0xb65c, 0xb65b, 0xae5b, 0xae3b, 0xae3b, 0xae3b, 0xae3b, 0xae3b, 0xae3b, 0xae3b, 0xae1b, 0xae1b, 0xae3b, 
    0xae3b, 0xa61b, 0xae3b, 0xae3b, 0xae3b, 0xae3b, 0xae3b, 0xae3b, 0xae3b, 0xae3b, 0xb65b, 0xb65c, 0xb65c, 0xb65b, 0xae3b, 0xae1b, 0xae1b, 0xa61b, 0xae1b, 0xae1b, 
    0xae1b, 0xae1b, 0xa61b, 0xa61b, 0xa5fb, 0xa5fb, 0x9dfb, 0x9dda, 0x9dda, 0x9dda, 0x9dda, 0x9dda, 0x9dba, 0x95ba, 0x95ba, 0x95ba, 0x95ba, 0x95ba, 0x9dba, 0x9dda, 
    0x9dda, 0x9dda, 0x9dda, 0x9dda, 0x9dda, 0x9dda, 0x9dda, 0x9dda, 0x9dda, 0x9ddb, 0x95ba, 0x95ba, 0x8d9a, 0x8d9a, 0x8d9a, 0x8d7a, 0x8d7a, 0x8d7a, 0x8d7a, 0x8d7a, 
    
    0x95ba, 0x959a, 0x959a, 0x8d9a, 0x8d9a, 0x857a, 0x7d39, 0x7519, 0x6cf9, 0x5498, 0x5498, 0x5498, 0x5478, 0x5498, 0x5cb8, 0x5cb8, 0x5cb8, 0x5c98, 0x5498, 0x4c78, 
    0x5478, 0x4c78, 0x4c78, 0x4c78, 0x4c78, 0x5498, 0x5498, 0x5498, 0x5498, 0x5498, 0x5498, 0x5cb8, 0x5cb8, 0x5cb8, 0x64d9, 0x64d9, 0x6cf9, 0x64f9, 0x64d9, 0x5cd8, 
    0x5cb8, 0x64d9, 0x64f9, 0x6cf9, 0x6d19, 0x6d19, 0x751a, 0x7519, 0x7519, 0x7539, 0x7539, 0x753a, 0x7539, 0x7519, 0x6d19, 0x6cf9, 0x6cf9, 0x64f9, 0x64f9, 0x64f9, 
    0x64d9, 0x64f9, 0x64f9, 0x64f9, 0x64f9, 0x64f9, 0x64d9, 0x64f9, 0x5cd9, 0x54b9, 0x4c99, 0x4c99, 0x4c99, 0x4c99, 0x4c99, 0x4c99, 0x4c99, 0x4cb9, 0x54b9, 0x54b9, 
    0x54b9, 0x4cb9, 0x4c99, 0x4499, 0x3c79, 0x3c78, 0x3c78, 0x3478, 0x3478, 0x2c58, 0x2c58, 0x2458, 0x2458, 0x1c58, 0x1c38, 0x1438, 0x0c38, 0x0c38, 0x0418, 0x0418, 
    0x0418, 0x0418, 0x0418, 0x0418, 0x0418, 0x0418, 0x0418, 0x0418, 0x0418, 0x0418, 0x0418, 0x0418, 0x0418, 0x0418, 0x0418, 0x0418, 0x0418, 0x0418, 0x0c38, 0x1438, 
    0x1438, 0x0c38, 0x0438, 0x0418, 0x0418, 0x0418, 0x0418, 0x0418, 0x0418, 0x03f8, 0x03f8, 0x03f8, 0x03f8, 0x03f8, 0x03f8, 0x03f8, 0x03f8, 0x03f8, 0x03f8, 0x03f8, 
    0x03f8, 0x03f8, 0x03f8, 0x03f8, 0x03f8, 0x03f7, 0x03f7, 0x03f7, 0x03f7, 0x03f8, 0x03f8, 0x03f7, 0x03f8, 0x03f8, 0x03f8, 0x0418, 0x0418, 0x0418, 0x0c38, 0x1c38, 
    0x2458, 0x2c58, 0x3478, 0x3478, 0x3c78, 0x4498, 0x4499, 0x4cb9, 0x54b9, 0x5cd9, 0x5cd9, 0x5cd9, 0x64f9, 0x6d19, 0x6d1a, 0x6d19, 0x64f9, 0x5cd9, 0x54b9, 0x4cb9, 
    0x4c99, 0x54b9, 0x54d9, 0x5cd9, 0x5cd9, 0x5cd9, 0x5cd9, 0x5cd9, 0x5cd9, 0x5cd9, 0x5cd9, 0x64f9, 0x6cf9, 0x6d19, 0x7519, 0x7519, 0x6d19, 0x6d19, 0x7519, 0x7519, 
    0x7539, 0x7d3a, 0x7d5a, 0x855a, 0x857a, 0x857a, 0x857a, 0x857a, 0x857a, 0x857a, 0x855a, 0x857a, 0x8d9a, 0x95ba, 0x9ddb, 0x9dfa, 0xa5fb, 0xa5fb, 0xa5fb, 0x9dfb, 
    0x9dfb, 0xa5fb, 0xa61b, 0xa61b, 0xa61b, 0xae3b, 0xae3b, 0xae3b, 0xae3b, 0xae5b, 0xae5c, 0xb65c, 0xae5c, 0xae5b, 0xb65c, 0xb67c, 0xb67c, 0xb67c, 0xb67c, 0xb67c, 
    0xb67c, 0xb67c, 0xb65c, 0xb65c, 0xb65c, 0xb65c, 0xb65c, 0xb65c, 0xb65b, 0xb65b, 0xb65b, 0xb65b, 0xb65b, 0xb65c, 0xb65c, 0xb65b, 0xb65b, 0xae3b, 0xae3b, 0xae3b, 
    0xae3b, 0xae3b, 0xae3b, 0xae3b, 0xae3b, 0xb65b, 0xb65c, 0xb65c, 0xb65c, 0xb65c, 0xb65c, 0xb67c, 0xbe7c, 0xb67c, 0xb65c, 0xae3b, 0xae3b, 0xae3b, 0xae1b, 0xae1b, 
    0xae1b, 0xa61b, 0xa61b, 0xa61b, 0xa5fb, 0xa5fb, 0xa5fb, 0x9dfb, 0x9dda, 0x9dda, 0x95ba, 0x95ba, 0x95ba, 0x95ba, 0x95ba, 0x95ba, 0x95ba, 0x95ba, 0x9dba, 0x9dda, 
    0x9dda, 0x9dda, 0x9dda, 0x9dda, 0x9ddb, 0x9ddb, 0x9dda, 0x9dda, 0x9dda, 0x95ba, 0x95ba, 0x8d9a, 0x8d9a, 0x8d9a, 0x8d9a, 0x8d7a, 0x8d7a, 0x8d7a, 0x8d7a, 0x8d7a, 
    
    0x8d9a, 0x8d9a, 0x8d9a, 0x8d9a, 0x8d7a, 0x855a, 0x7d39, 0x7519, 0x6cd9, 0x5cb8, 0x5498, 0x5498, 0x5498, 0x5c98, 0x5cb8, 0x5c98, 0x5498, 0x5478, 0x4c78, 0x4c78, 
    0x4c78, 0x4478, 0x4c78, 0x4c98, 0x5498, 0x4c98, 0x4c98, 0x4c98, 0x5498, 0x5498, 0x54b8, 0x5cb8, 0x5cd8, 0x64d9, 0x6cf9, 0x6cf9, 0x6cf9, 0x64d9, 0x64d9, 0x64d9, 
    0x6cf9, 0x6d19, 0x7539, 0x6d19, 0x6d19, 0x6d19, 0x7519, 0x7519, 0x7539, 0x7d3a, 0x7d5a, 0x7d5a, 0x857a, 0x855a, 0x7d5a, 0x7d5a, 0x753a, 0x7519, 0x6d19, 0x6d19, 
    0x6d19, 0x6cf9, 0x6d19, 0x6d1a, 0x6d1a, 0x6d19, 0x6d19, 0x64f9, 0x5cd9, 0x54b9, 0x4c99, 0x4c99, 0x4c99, 0x4c99, 0x4c99, 0x4c99, 0x4c99, 0x4c99, 0x4cb9, 0x54b9, 
    0x54b9, 0x4c99, 0x4499, 0x3c79, 0x3478, 0x3479, 0x3c79, 0x3478, 0x2c78, 0x2458, 0x1c58, 0x1458, 0x0c38, 0x0438, 0x0438, 0x0438, 0x0418, 0x0418, 0x0418, 0x0418, 
    0x0418, 0x0438, 0x0418, 0x0438, 0x0438, 0x0438, 0x0438, 0x0418, 0x0418, 0x0418, 0x0418, 0x0418, 0x0418, 0x0c38, 0x1458, 0x1458, 0x1c58, 0x2458, 0x3499, 0x3479, 
    0x2478, 0x0c38, 0x0438, 0x0438, 0x0418, 0x0418, 0x0418, 0x0418, 0x0418, 0x0418, 0x0418, 0x0418, 0x0418, 0x0418, 0x0418, 0x0418, 0x03f8, 0x03f8, 0x03f8, 0x03f8, 
    0x03f8, 0x03f8, 0x03f8, 0x03f8, 0x03f8, 0x03f8, 0x03f8, 0x03f8, 0x03f8, 0x03f8, 0x03f8, 0x03f8, 0x03f8, 0x03f8, 0x0418, 0x0418, 0x0418, 0x0418, 0x0c38, 0x1438, 
    0x1c58, 0x2458, 0x2458, 0x2c58, 0x2c58, 0x3478, 0x3478, 0x3c78, 0x3c98, 0x4499, 0x4cb9, 0x54b9, 0x5cf9, 0x64f9, 0x64f9, 0x64f9, 0x5cf9, 0x5cf9, 0x5cd9, 0x5cd9, 
    0x5cd9, 0x5cd9, 0x5cd9, 0x5cd9, 0x5cf9, 0x64f9, 0x64f9, 0x64f9, 0x64f9, 0x6cf9, 0x6cf9, 0x6cf9, 0x6cf9, 0x6d19, 0x7539, 0x7539, 0x7539, 0x7539, 0x7539, 0x753a, 
    0x753a, 0x7539, 0x7539, 0x7d3a, 0x7d5a, 0x7d5a, 0x857a, 0x857a, 0x8d9a, 0x8d9a, 0x8d9a, 0x8d9a, 0x95ba, 0x95ba, 0x9dda, 0x9dfb, 0xa5fb, 0xa5fb, 0xa5fb, 0x9dfb, 
    0xa5fb, 0xa61b, 0xa61b, 0xa61b, 0xa63b, 0xae3b, 0xae5b, 0xae5b, 0xae5b, 0xae5b, 0xb65c, 0xae5b, 0xae5b, 0xae5b, 0xb65b, 0xb65c, 0xb67c, 0xb65c, 0xb65c, 0xb65c, 
    0xb65c, 0xb65c, 0xb67c, 0xb67c, 0xb67c, 0xb67c, 0xb67c, 0xb67c, 0xb65b, 0xb65c, 0xb67c, 0xbe7c, 0xbe7c, 0xb67c, 0xb65c, 0xb65c, 0xb65c, 0xb65c, 0xb65c, 0xb67c, 
    0xb65c, 0xb65c, 0xb65c, 0xb65c, 0xb65c, 0xb65b, 0xb65c, 0xbe7c, 0xbe7c, 0xbe7c, 0xbe7c, 0xbe7c, 0xbe7c, 0xbe7c, 0xb67c, 0xb65c, 0xb65c, 0xb65c, 0xae3b, 0xae3b, 
    0xae1b, 0xae1b, 0xae1b, 0xae1b, 0xa61b, 0xa5fb, 0xa5fb, 0x9dfb, 0x9dda, 0x9dda, 0x95ba, 0x95ba, 0x95ba, 0x8d9a, 0x95ba, 0x95ba, 0x95ba, 0x95ba, 0x95ba, 0x9dba, 
    0x9dda, 0x9dda, 0x9dfb, 0x9dfb, 0x9dfb, 0x9dfb, 0x9ddb, 0x9dda, 0x9dda, 0x95ba, 0x95ba, 0x95ba, 0x8d9a, 0x8d9a, 0x8d9a, 0x8d7a, 0x8d7a, 0x857a, 0x857a, 0x857a, 
    
    0x857a, 0x95bb, 0x95bb, 0x959b, 0x8d9a, 0x855a, 0x7519, 0x6cf9, 0x6cd9, 0x5cb8, 0x5c98, 0x5cb8, 0x5cb8, 0x5cb8, 0x5498, 0x5498, 0x5498, 0x4c78, 0x4c78, 0x4478, 
    0x4c78, 0x4c78, 0x4c98, 0x4c78, 0x4c78, 0x4c78, 0x4c78, 0x4c98, 0x4c98, 0x4c98, 0x54b8, 0x64d9, 0x64f9, 0x6cf9, 0x6cf9, 0x6cf9, 0x64d9, 0x64f9, 0x6cf9, 0x7519, 
    0x7519, 0x6d19, 0x6d19, 0x6cf9, 0x6cf9, 0x6d19, 0x7519, 0x7539, 0x7d5a, 0x7d5a, 0x857a, 0x857a, 0x857a, 0x857a, 0x7d5a, 0x7d5a, 0x7d5a, 0x7d5a, 0x753a, 0x753a, 
    0x753a, 0x753a, 0x753a, 0x7d3a, 0x7d3a, 0x753a, 0x6d19, 0x6cf9, 0x64f9, 0x54b9, 0x4c99, 0x4c99, 0x4c99, 0x4499, 0x4499, 0x4c99, 0x4c99, 0x4c99, 0x4cb9, 0x54b9, 
    0x4cb9, 0x4499, 0x3c79, 0x3478, 0x3479, 0x3479, 0x3479, 0x3479, 0x2c58, 0x2458, 0x1458, 0x0438, 0x0438, 0x0438, 0x0438, 0x0438, 0x0418, 0x0418, 0x0418, 0x0438, 
    0x0438, 0x0438, 0x0438, 0x0438, 0x0438, 0x0438, 0x0438, 0x0438, 0x0438, 0x0438, 0x0438, 0x0438, 0x0c38, 0x1c58, 0x2458, 0x2c78, 0x2c79, 0x3479, 0x2c79, 0x1c58, 
    0x0c58, 0x0438, 0x0438, 0x0438, 0x0438, 0x0418, 0x0418, 0x0418, 0x0418, 0x0418, 0x0418, 0x0418, 0x0418, 0x0418, 0x0418, 0x0418, 0x0418, 0x0418, 0x03f8, 0x03f8, 
    0x03f8, 0x03f8, 0x03f8, 0x03f8, 0x03f8, 0x03f8, 0x03f8, 0x03f8, 0x03f8, 0x03f8, 0x03f8, 0x03f8, 0x03f8, 0x03f8, 0x03f8, 0x0418, 0x0418, 0x0418, 0x0438, 0x0438, 
    0x0438, 0x0c38, 0x1438, 0x1c58, 0x1c58, 0x2458, 0x2458, 0x2458, 0x2c58, 0x3478, 0x3c79, 0x4cb9, 0x54b9, 0x54d9, 0x5cd9, 0x5cf9, 0x64f9, 0x64f9, 0x6519, 0x64f9, 
    0x6519, 0x64f9, 0x64f9, 0x64f9, 0x64f9, 0x64f9, 0x6d19, 0x7519, 0x753a, 0x753a, 0x7519, 0x6d19, 0x6d19, 0x7519, 0x7519, 0x7539, 0x7539, 0x7539, 0x7539, 0x7539, 
    0x7519, 0x7519, 0x7539, 0x7d5a, 0x855a, 0x857a, 0x857a, 0x8d9a, 0x8d9a, 0x8d9a, 0x8d9a, 0x8d9a, 0x8d9a, 0x95ba, 0x95da, 0x9dfb, 0x9dfb, 0xa5fb, 0x9dfb, 0x9dfb, 
    0xa5fb, 0xa61b, 0xa61b, 0xa61b, 0xae3b, 0xae3b, 0xae5b, 0xae5b, 0xae5b, 0xae5b, 0xae5b, 0xae5b, 0xae5b, 0xae5b, 0xb65b, 0xb65c, 0xae5b, 0xae3b, 0xae5b, 0xb65b, 
    0xb65c, 0xb67c, 0xbe7c, 0xbe7c, 0xbe7c, 0xbe7c, 0xbe7c, 0xbe7c, 0xbe7c, 0xbe7c, 0xbe9c, 0xbe7c, 0xbe7c, 0xbe7c, 0xbe7c, 0xbe7c, 0xbe7c, 0xb67c, 0xb65c, 0xb67c, 
    0xb67c, 0xbe7c, 0xbe7c, 0xbe7c, 0xb67c, 0xbe7c, 0xbe9c, 0xc6bc, 0xc6bc, 0xc6bc, 0xc69c, 0xbe9c, 0xbe9c, 0xbe9c, 0xbe9c, 0xbe7c, 0xbe7c, 0xb67c, 0xb65c, 0xb63b, 
    0xae3b, 0xae3b, 0xae3b, 0xae3b, 0xae1b, 0xa61b, 0xa61b, 0xa5fb, 0x9dfb, 0x9dda, 0x95ba, 0x95ba, 0x95ba, 0x95ba, 0x95ba, 0x95ba, 0x95ba, 0x95ba, 0x95ba, 0x9dba, 
    0x9dda, 0x9ddb, 0x9dfb, 0x9dda, 0x9dda, 0x9dda, 0x9dda, 0x9dda, 0x95ba, 0x95ba, 0x95ba, 0x95ba, 0x95ba, 0x959a, 0x8d9a, 0x8d7a, 0x8d7a, 0x8d7a, 0x857a, 0x8d7a, 
    
    0x7519, 0x855a, 0x8d9a, 0x95bb, 0x959a, 0x855a, 0x7519, 0x7519, 0x7519, 0x6cf9, 0x64d9, 0x5cb8, 0x5cb8, 0x5498, 0x5498, 0x4c98, 0x4c98, 0x4c78, 0x4c78, 0x4c78, 
    0x4c98, 0x4c78, 0x4478, 0x4478, 0x4478, 0x4c78, 0x4c98, 0x4c98, 0x5498, 0x5cb9, 0x64d9, 0x6cf9, 0x6cf9, 0x64d9, 0x64f9, 0x6cf9, 0x6d19, 0x7519, 0x7519, 0x6d19, 
    0x6d19, 0x6d19, 0x6d19, 0x6d19, 0x7519, 0x7539, 0x753a, 0x7d5a, 0x857a, 0x857a, 0x857a, 0x855a, 0x857a, 0x7d5a, 0x7d5a, 0x7d5a, 0x7d5a, 0x7d5a, 0x7d5a, 0x7d5a, 
    0x857a, 0x857a, 0x857a, 0x857a, 0x7d5a, 0x753a, 0x6d1a, 0x6d19, 0x64f9, 0x5cf9, 0x54b9, 0x4cb9, 0x4c99, 0x4cb9, 0x54b9, 0x4cb9, 0x4cb9, 0x4cb9, 0x4cb9, 0x4cb9, 
    0x4cb9, 0x4499, 0x3c79, 0x3479, 0x3479, 0x3479, 0x3479, 0x2c59, 0x2458, 0x1c58, 0x1458, 0x0438, 0x0438, 0x0438, 0x0438, 0x0438, 0x0438, 0x0438, 0x0438, 0x0438, 
    0x0438, 0x0438, 0x0438, 0x0438, 0x0438, 0x0438, 0x0438, 0x0438, 0x0438, 0x0438, 0x0438, 0x0c38, 0x1458, 0x2458, 0x2c79, 0x3479, 0x3479, 0x2459, 0x1458, 0x0438, 
    0x0438, 0x0438, 0x0438, 0x0438, 0x0438, 0x0438, 0x0438, 0x0438, 0x0438, 0x0418, 0x0418, 0x0418, 0x0418, 0x0418, 0x0418, 0x0418, 0x0418, 0x0418, 0x0418, 0x03f8, 
    0x03f8, 0x03f8, 0x03f8, 0x03f8, 0x03f8, 0x03f8, 0x03f8, 0x03f8, 0x03f8, 0x03f8, 0x03f8, 0x03f8, 0x03f8, 0x03f8, 0x0418, 0x0418, 0x0418, 0x0438, 0x0438, 0x0438, 
    0x0438, 0x0c38, 0x1438, 0x1438, 0x1c58, 0x1c58, 0x2458, 0x2c58, 0x3c78, 0x3c98, 0x4499, 0x4cb9, 0x54b9, 0x54d9, 0x54d9, 0x5cd9, 0x5cf9, 0x6519, 0x6d19, 0x6d19, 
    0x6d19, 0x6d19, 0x6519, 0x6519, 0x6d19, 0x6d19, 0x753a, 0x7d5a, 0x7d5a, 0x753a, 0x7519, 0x6d19, 0x6d19, 0x6d19, 0x6cf9, 0x6d19, 0x6d19, 0x7519, 0x7539, 0x7539, 
    0x753a, 0x753a, 0x7d5a, 0x855a, 0x857a, 0x859a, 0x8d9a, 0x8d9a, 0x8dba, 0x8dba, 0x8dba, 0x95ba, 0x95ba, 0x95ba, 0x95da, 0x9dda, 0x9dda, 0x9dda, 0x9ddb, 0x9ddb, 
    0x9dfb, 0x9dfb, 0xa5fb, 0xa61b, 0xae3b, 0xae3b, 0xae3b, 0xae5b, 0xae5b, 0xae3b, 0xae3b, 0xae3b, 0xae5b, 0xae3b, 0xae5b, 0xb65b, 0xae5b, 0xae5b, 0xb65c, 0xb65c, 
    0xb67c, 0xbe7c, 0xbe7c, 0xbe7c, 0xbe7c, 0xb67c, 0xbe7c, 0xbe7c, 0xbe7c, 0xbe9c, 0xbe9c, 0xbe9c, 0xbe9c, 0xc69c, 0xbe9c, 0xbe9c, 0xbe9c, 0xbe7c, 0xb67c, 0xb67c, 
    0xbe7c, 0xbe7c, 0xbe7c, 0xbe7c, 0xbe9c, 0xbe9c, 0xbe9c, 0xc6bc, 0xc6bc, 0xc6bc, 0xc6bc, 0xc6bc, 0xc6bc, 0xc6bc, 0xc6bc, 0xbe9c, 0xbe9c, 0xbe9c, 0xbe7c, 0xb67c, 
    0xb65c, 0xb65c, 0xae5b, 0xae3b, 0xae3b, 0xae3b, 0xae1b, 0xa61b, 0xa5fb, 0x9dda, 0x9dda, 0x9dda, 0x9dda, 0x95ba, 0x95ba, 0x95ba, 0x95ba, 0x95ba, 0x9dba, 0x9dda, 
    0x9dda, 0x9dda, 0x9ddb, 0x9dda, 0x9dda, 0x95da, 0x95ba, 0x95ba, 0x95ba, 0x95ba, 0x95ba, 0x95ba, 0x95ba, 0x95ba, 0x95ba, 0x8d9a, 0x8d9a, 0x8d9a, 0x8d7a, 0x8d7a, 
    
    0x7d5a, 0x7d39, 0x7d39, 0x857a, 0x95bb, 0x95bb, 0x8d9a, 0x857a, 0x7d3a, 0x7d39, 0x7519, 0x6cf9, 0x5cb8, 0x54b8, 0x5498, 0x5498, 0x5498, 0x5498, 0x5498, 0x4c98, 
    0x4c78, 0x4478, 0x4478, 0x4c78, 0x4c78, 0x4c98, 0x5498, 0x54b9, 0x5cd9, 0x64f9, 0x6cf9, 0x6cf9, 0x64f9, 0x6cf9, 0x6d19, 0x7539, 0x753a, 0x7539, 0x7519, 0x6d19, 
    0x6d19, 0x7539, 0x753a, 0x753a, 0x7d3a, 0x7d5a, 0x7d5a, 0x857a, 0x8d9a, 0x857a, 0x857a, 0x857a, 0x857a, 0x857a, 0x857a, 0x855a, 0x7d5a, 0x857a, 0x857a, 0x857a, 
    0x8d9a, 0x95bb, 0x95bb, 0x8dba, 0x857a, 0x7d5a, 0x751a, 0x6d1a, 0x6d1a, 0x6d1a, 0x64f9, 0x5cd9, 0x5cd9, 0x5cd9, 0x5cd9, 0x54d9, 0x4cb9, 0x4cb9, 0x4cb9, 0x4499, 
    0x4499, 0x3c99, 0x3c79, 0x3479, 0x3478, 0x3479, 0x2c59, 0x2c58, 0x1c58, 0x1458, 0x0c58, 0x0438, 0x0438, 0x0438, 0x0438, 0x0438, 0x0438, 0x0438, 0x0438, 0x0438, 
    0x0438, 0x0438, 0x0438, 0x0438, 0x0438, 0x0438, 0x0438, 0x0438, 0x0438, 0x0438, 0x0c58, 0x1c58, 0x1c59, 0x2459, 0x2c79, 0x3479, 0x2459, 0x1c58, 0x0c38, 0x0438, 
    0x0438, 0x0438, 0x0438, 0x0438, 0x0438, 0x0438, 0x0438, 0x0438, 0x0438, 0x0438, 0x0438, 0x0438, 0x0438, 0x0438, 0x0438, 0x0418, 0x0418, 0x0418, 0x0418, 0x0418, 
    0x0418, 0x0418, 0x0418, 0x03f8, 0x03f8, 0x03f8, 0x03f8, 0x03f8, 0x03f8, 0x03f8, 0x0418, 0x0418, 0x0418, 0x0418, 0x0418, 0x0418, 0x0438, 0x0438, 0x0438, 0x0438, 
    0x0438, 0x1438, 0x1c58, 0x1c58, 0x2458, 0x2458, 0x2c78, 0x3c78, 0x4499, 0x4499, 0x4499, 0x4499, 0x44b9, 0x4499, 0x4cb9, 0x4cb9, 0x54d9, 0x5cf9, 0x64f9, 0x6519, 
    0x6d19, 0x6d1a, 0x753a, 0x753a, 0x7d5a, 0x7d7a, 0x7d5a, 0x755a, 0x7539, 0x6d19, 0x6cf9, 0x6cf9, 0x64f9, 0x6cf9, 0x6cf9, 0x6d19, 0x6d19, 0x6d19, 0x6d19, 0x753a, 
    0x7d39, 0x7d5a, 0x7d5a, 0x7d5a, 0x857a, 0x857a, 0x857a, 0x857a, 0x859a, 0x8dba, 0x8dba, 0x95ba, 0x95ba, 0x95ba, 0x95ba, 0x95ba, 0x95ba, 0x95ba, 0x95da, 0x95da, 
    0x9dda, 0x9ddb, 0xa5fb, 0xae1b, 0xae3b, 0xae3b, 0xae3b, 0xae3b, 0xae3b, 0xae3b, 0xae3b, 0xb65b, 0xb65b, 0xae5b, 0xae3b, 0xae3b, 0xb65b, 0xb65c, 0xb65c, 0xb65c, 
    0xb67c, 0xbe7c, 0xbe7c, 0xbe7c, 0xbe7c, 0xbe7c, 0xbe7c, 0xbe7c, 0xbe9c, 0xbe9c, 0xc69c, 0xc69c, 0xc69c, 0xc69c, 0xc69c, 0xbe9c, 0xbe9c, 0xbe9c, 0xbe9c, 0xbe9c, 
    0xbe9c, 0xbe9c, 0xbe9c, 0xbe9c, 0xbe9c, 0xbe9c, 0xc69c, 0xc6bc, 0xc6bc, 0xc6bc, 0xc6bc, 0xc6bc, 0xc6bc, 0xc6bc, 0xc6bc, 0xc6bc, 0xc6bc, 0xc6bc, 0xbe9c, 0xbe9c, 
    0xbe7c, 0xb67c, 0xb65c, 0xb65b, 0xae3b, 0xae3b, 0xae3b, 0xae1b, 0xa61b, 0xa5fb, 0xa5fb, 0x9dfb, 0x9dfb, 0x9dda, 0x95ba, 0x95ba, 0x95ba, 0x9dda, 0x9dda, 0x9ddb, 
    0x9ddb, 0x9ddb, 0x9ddb, 0x9dfb, 0x9dda, 0x95da, 0x95ba, 0x95ba, 0x95ba, 0x95ba, 0x95ba, 0x95ba, 0x95ba, 0x95ba, 0x9dba, 0x95ba, 0x959a, 0x8d9a, 0x8d7a, 0x855a, 
    
    0x855a, 0x7d5a, 0x7d3a, 0x7d5a, 0x857a, 0x95bb, 0x95bb, 0x8d9a, 0x855a, 0x7d5a, 0x7d39, 0x7519, 0x6cf9, 0x5cb9, 0x5cb9, 0x5cb9, 0x5cb9, 0x5499, 0x4c98, 0x4c78, 
    0x4c78, 0x4c78, 0x4c98, 0x5498, 0x54b9, 0x5cb9, 0x5cb9, 0x5cd9, 0x64d9, 0x6cf9, 0x6d19, 0x6d19, 0x7539, 0x753a, 0x753a, 0x7539, 0x753a, 0x753a, 0x7539, 0x7539, 
    0x753a, 0x7d5a, 0x7d5a, 0x7d7a, 0x7d5a, 0x857a, 0x857a, 0x8d9a, 0x8d9a, 0x8d9a, 0x8d9a, 0x8d9a, 0x8d9a, 0x857a, 0x857a, 0x857a, 0x857a, 0x857a, 0x8d9a, 0x8dbb, 
    0x95bb, 0x95bb, 0x8dbb, 0x8d9a, 0x857a, 0x7d5a, 0x753a, 0x6d1a, 0x6d1a, 0x6d1a, 0x6d1a, 0x6d1a, 0x64f9, 0x64f9, 0x64f9, 0x5cd9, 0x54b9, 0x4cb9, 0x4499, 0x4499, 
    0x3c99, 0x3c79, 0x3c79, 0x3479, 0x3479, 0x2c79, 0x2458, 0x2458, 0x1c58, 0x1458, 0x0458, 0x0458, 0x0458, 0x0458, 0x0458, 0x0438, 0x0438, 0x0438, 0x0438, 0x0438, 
    0x0438, 0x0438, 0x0438, 0x0438, 0x0438, 0x0438, 0x1458, 0x1c58, 0x2459, 0x1c59, 0x1c58, 0x2459, 0x2459, 0x2c79, 0x2c79, 0x2479, 0x2459, 0x1c59, 0x1458, 0x0c58, 
    0x0c38, 0x0c38, 0x0c58, 0x0c38, 0x0438, 0x0438, 0x0438, 0x0458, 0x0458, 0x0458, 0x0438, 0x0438, 0x0438, 0x0438, 0x0438, 0x0418, 0x0418, 0x0418, 0x0418, 0x0418, 
    0x0418, 0x0418, 0x0418, 0x0418, 0x0418, 0x0418, 0x0418, 0x0418, 0x0418, 0x0418, 0x0418, 0x0418, 0x0418, 0x0418, 0x0418, 0x0438, 0x0438, 0x0438, 0x0438, 0x0438, 
    0x0c38, 0x1c58, 0x2458, 0x2458, 0x2c78, 0x3478, 0x3c79, 0x4499, 0x4cb9, 0x4cb9, 0x4cb9, 0x4499, 0x4499, 0x44b9, 0x4cb9, 0x54b9, 0x54d9, 0x5cf9, 0x64f9, 0x6519, 
    0x6d1a, 0x753a, 0x7d5a, 0x857a, 0x859a, 0x7d5a, 0x753a, 0x6d19, 0x64f9, 0x64f9, 0x64f9, 0x6cf9, 0x6cf9, 0x6cf9, 0x6d19, 0x6d19, 0x6d19, 0x7539, 0x7539, 0x753a, 
    0x7d5a, 0x7d5a, 0x7d3a, 0x7539, 0x7539, 0x7539, 0x7539, 0x755a, 0x7d7a, 0x859a, 0x8dba, 0x8dba, 0x95ba, 0x95ba, 0x95ba, 0x95ba, 0x95ba, 0x95ba, 0x95ba, 0x95ba, 
    0x95da, 0x9dda, 0x9dfb, 0xa61b, 0xa61b, 0xa61b, 0xa61b, 0xae3b, 0xae3b, 0xae3b, 0xb65b, 0xb65c, 0xae5b, 0xae3b, 0xae3b, 0xae3b, 0xb65b, 0xb65c, 0xb65c, 0xb65c, 
    0xbe7c, 0xbe7c, 0xbe7c, 0xbe9c, 0xbe9c, 0xbe7c, 0xbe7c, 0xbe7c, 0xbe9c, 0xbe9c, 0xbe9c, 0xc69c, 0xc69c, 0xc69c, 0xbe9c, 0xbebc, 0xbe9c, 0xbe9c, 0xbe9c, 0xbebc, 
    0xc6bc, 0xc6bc, 0xc6bc, 0xc6bc, 0xc6bc, 0xc6bc, 0xc69c, 0xc6bc, 0xc6bc, 0xc6bc, 0xc6bc, 0xc6bc, 0xc6bc, 0xc6bc, 0xc6bc, 0xc6bc, 0xc6bc, 0xc6bc, 0xc6bc, 0xbe9c, 
    0xbe9c, 0xbe7c, 0xb65c, 0xb65c, 0xae3b, 0xae3b, 0xae3b, 0xae1b, 0xae1b, 0xa61b, 0xa61b, 0xa5fb, 0x9dfb, 0x9dfb, 0x9dfb, 0x9dfb, 0x9dfb, 0x9dfb, 0x9ddb, 0x9dfb, 
    0x9dfb, 0xa5fb, 0xa5fb, 0x9dfb, 0x9ddb, 0x9dda, 0x9dda, 0x95ba, 0x95da, 0x9dda, 0x95ba, 0x95ba, 0x95ba, 0x95ba, 0x9dda, 0x9dda, 0x959a, 0x959a, 0x8d9a, 0x8d7a, 
    
    0x8d9a, 0x8d7a, 0x857a, 0x857a, 0x7d5a, 0x7d5a, 0x857a, 0x857a, 0x7d5a, 0x7d3a, 0x7539, 0x7539, 0x7d3a, 0x7539, 0x6cf9, 0x64d9, 0x5cb9, 0x5499, 0x5498, 0x5498, 
    0x5498, 0x54b9, 0x5cb9, 0x64d9, 0x64d9, 0x64d9, 0x64f9, 0x6cf9, 0x6d19, 0x7519, 0x7539, 0x7539, 0x7d3a, 0x753a, 0x7539, 0x7d3a, 0x7d3a, 0x753a, 0x753a, 0x7d5a, 
    0x7d5a, 0x7d7a, 0x857a, 0x857a, 0x857a, 0x8d9a, 0x8d9a, 0x8d9a, 0x8d9a, 0x8d9a, 0x95bb, 0x95bb, 0x95bb, 0x8d9a, 0x8d9a, 0x8d9a, 0x8d9a, 0x8d9a, 0x8dbb, 0x8dbb, 
    0x8d9b, 0x8d9a, 0x8d9a, 0x857a, 0x7d5a, 0x7d5a, 0x7d5a, 0x755a, 0x7d5a, 0x755a, 0x753a, 0x753a, 0x6d1a, 0x64fa, 0x64f9, 0x5cf9, 0x54b9, 0x4cb9, 0x44b9, 0x3c99, 
    0x3c79, 0x3c79, 0x3c79, 0x3479, 0x2c79, 0x2c58, 0x2458, 0x1c58, 0x1458, 0x1458, 0x0458, 0x0458, 0x0458, 0x0458, 0x0458, 0x0458, 0x0458, 0x0458, 0x0458, 0x0458, 
    0x0438, 0x0438, 0x0438, 0x0438, 0x1459, 0x1c59, 0x2c79, 0x2c79, 0x2c59, 0x2459, 0x2479, 0x2459, 0x2459, 0x1c59, 0x1c59, 0x1c59, 0x1c59, 0x1c59, 0x1c59, 0x1c59, 
    0x1c59, 0x1c59, 0x1458, 0x1458, 0x0c58, 0x0c59, 0x0458, 0x0458, 0x0459, 0x0458, 0x0458, 0x0438, 0x0438, 0x0438, 0x0438, 0x0438, 0x0438, 0x0418, 0x0418, 0x0418, 
    0x0418, 0x0418, 0x0418, 0x0418, 0x0418, 0x0418, 0x0418, 0x0418, 0x0418, 0x0418, 0x0418, 0x0418, 0x0418, 0x0438, 0x0438, 0x0438, 0x0c38, 0x0c38, 0x1458, 0x1c58, 
    0x1c58, 0x2458, 0x2c78, 0x3479, 0x3c79, 0x3c99, 0x4499, 0x4cb9, 0x4cb9, 0x4cb9, 0x54d9, 0x54d9, 0x5cd9, 0x5cd9, 0x5cf9, 0x64f9, 0x6d1a, 0x753a, 0x755a, 0x755a, 
    0x755a, 0x7d5a, 0x7d5a, 0x857a, 0x7d5a, 0x753a, 0x6d19, 0x64f9, 0x6d19, 0x6d19, 0x6d19, 0x6d19, 0x6d19, 0x7539, 0x7d5a, 0x7d5a, 0x753a, 0x755a, 0x7539, 0x7539, 
    0x7519, 0x7539, 0x7519, 0x7539, 0x7539, 0x7539, 0x7539, 0x7d5a, 0x859a, 0x8d9a, 0x8dba, 0x8dbb, 0x95bb, 0x95ba, 0x95ba, 0x95da, 0x95ba, 0x95ba, 0x8dba, 0x95ba, 
    0x95ba, 0x95da, 0x9ddb, 0x9dfb, 0x9dfb, 0xa5fb, 0xa61b, 0xae3b, 0xae3b, 0xae5b, 0xb65b, 0xb65b, 0xae3b, 0xae3b, 0xae3b, 0xae3b, 0xae3b, 0xae3b, 0xb65c, 0xb65c, 
    0xb67c, 0xb67c, 0xb67c, 0xb67c, 0xbe7c, 0xbe7c, 0xbe7c, 0xbe7c, 0xbe7c, 0xbe9c, 0xbe9c, 0xbe9c, 0xbe9c, 0xbe9c, 0xbe9c, 0xbe9c, 0xbe9c, 0xbe9c, 0xc6bc, 0xc6bc, 
    0xc6bc, 0xc6bc, 0xc6bc, 0xc6bc, 0xc6bc, 0xc69c, 0xc6bc, 0xc6bc, 0xc6bc, 0xc6bc, 0xc6dd, 0xcedd, 0xcedd, 0xcedd, 0xcedd, 0xc6dd, 0xc6bc, 0xc6bc, 0xc6bc, 0xbe9c, 
    0xbe7c, 0xb65c, 0xb65c, 0xae5b, 0xae3b, 0xae3b, 0xae3b, 0xae1b, 0xa61b, 0xa5fb, 0xa5fb, 0x9dfb, 0x9dfb, 0xa5fb, 0xa5fb, 0xa61b, 0xa61b, 0xa5fb, 0xa5fb, 0xa5fb, 
    0xa5fb, 0xa5fb, 0xa5fb, 0xa5fb, 0xa5fb, 0xa5fb, 0x9dfb, 0x9dfb, 0x9ddb, 0x9ddb, 0x9dda, 0x95da, 0x95ba, 0x95ba, 0x95ba, 0x95ba, 0x95ba, 0x95ba, 0x959a, 0x8d9a, 
    
    0x95bb, 0x95bb, 0x8d9a, 0x8d7a, 0x857a, 0x7d5a, 0x7d3a, 0x7d3a, 0x7d39, 0x7519, 0x7519, 0x7d39, 0x7d5a, 0x7d5a, 0x6d19, 0x64d9, 0x5cb9, 0x5cb9, 0x5cb9, 0x5cb9, 
    0x64d9, 0x64d9, 0x64f9, 0x64f9, 0x6cf9, 0x6d19, 0x751a, 0x753a, 0x7519, 0x6d19, 0x7519, 0x7539, 0x7539, 0x7d3a, 0x7d5a, 0x857a, 0x7d5a, 0x7d5a, 0x7d7a, 0x7d5a, 
    0x857a, 0x857a, 0x857a, 0x857a, 0x8d9a, 0x8d9a, 0x8d9a, 0x8d9a, 0x8d9a, 0x95bb, 0x95bb, 0x9ddb, 0x9ddb, 0x95db, 0x95db, 0x95db, 0x95bb, 0x8dbb, 0x8d9a, 0x8d9a, 
    0x8d9a, 0x8d9a, 0x857a, 0x857a, 0x857a, 0x857a, 0x857a, 0x7d7a, 0x857a, 0x7d5a, 0x755a, 0x753a, 0x6d1a, 0x64f9, 0x5cf9, 0x5cd9, 0x54b9, 0x4cb9, 0x44b9, 0x3c99, 
    0x3c79, 0x3c99, 0x3c99, 0x3c99, 0x3c99, 0x3479, 0x2c79, 0x2459, 0x1c59, 0x1458, 0x1458, 0x0c58, 0x0c58, 0x0c58, 0x0c58, 0x0c58, 0x0c58, 0x0c58, 0x0458, 0x0458, 
    0x0458, 0x0438, 0x0458, 0x1458, 0x2459, 0x2c79, 0x3479, 0x3479, 0x2c79, 0x2c79, 0x2c79, 0x2c79, 0x2459, 0x1c59, 0x1c59, 0x2459, 0x2479, 0x2459, 0x2459, 0x2459, 
    0x2459, 0x1c59, 0x1c59, 0x1c59, 0x1c59, 0x1458, 0x0c58, 0x0c58, 0x0458, 0x0458, 0x0458, 0x0438, 0x1458, 0x2479, 0x2479, 0x1c58, 0x0c38, 0x0438, 0x0438, 0x0438, 
    0x0438, 0x0438, 0x0438, 0x0438, 0x0438, 0x0418, 0x0418, 0x0418, 0x0418, 0x0418, 0x0418, 0x0438, 0x0438, 0x0438, 0x0438, 0x1458, 0x2458, 0x2458, 0x2c79, 0x3479, 
    0x3479, 0x3c99, 0x4499, 0x44b9, 0x4cb9, 0x4cb9, 0x54b9, 0x54d9, 0x54d9, 0x54d9, 0x5cf9, 0x64f9, 0x6519, 0x6d19, 0x6d19, 0x753a, 0x7d5a, 0x7d5a, 0x7d7a, 0x7d5a, 
    0x755a, 0x755a, 0x7d5a, 0x7d5a, 0x7d5a, 0x755a, 0x753a, 0x753a, 0x753a, 0x753a, 0x7d3a, 0x7d3a, 0x7d3a, 0x7d5a, 0x7d5a, 0x7d5a, 0x753a, 0x7539, 0x6d19, 0x6d19, 
    0x7519, 0x6d19, 0x6d19, 0x7539, 0x7539, 0x7d5a, 0x857a, 0x8d9a, 0x95ba, 0x8d9a, 0x859a, 0x859a, 0x859a, 0x8d9a, 0x8d9a, 0x8dba, 0x8d9a, 0x8d9a, 0x8d9a, 0x8dba, 
    0x95ba, 0x9dda, 0x9dfb, 0x9dda, 0x9dda, 0x9dfb, 0xa5fb, 0xa61b, 0xae3b, 0xae3b, 0xae3b, 0xae3b, 0xae3b, 0xae3b, 0xae3b, 0xae3b, 0xae3b, 0xae5b, 0xb65b, 0xb65c, 
    0xb65c, 0xb65c, 0xb65c, 0xb65c, 0xb67c, 0xb67c, 0xb67c, 0xbe7c, 0xbe9c, 0xbe9c, 0xbe9c, 0xbe9c, 0xbe9c, 0xbe9c, 0xbe9c, 0xbe9c, 0xbe9c, 0xbe9c, 0xbe9c, 0xc69c, 
    0xc69c, 0xc6bc, 0xc69c, 0xc6bc, 0xc6bc, 0xc6bc, 0xc6bc, 0xc6bc, 0xc6bc, 0xc6bc, 0xc6dd, 0xc6bc, 0xc6bc, 0xc6dd, 0xc6bc, 0xc6bc, 0xc6bc, 0xc6bc, 0xc6bc, 0xc69c, 
    0xbe9c, 0xbe7c, 0xb65c, 0xb65b, 0xae3b, 0xae3b, 0xae1b, 0xa61b, 0xa61b, 0xa61b, 0xa61b, 0xa61b, 0xa61b, 0xa61b, 0xa61b, 0xa61b, 0xa61b, 0xa61b, 0xa61b, 0xa61b, 
    0xa5fb, 0xa5fb, 0xa5fb, 0xa5fb, 0xa61b, 0xa61b, 0xa61b, 0xa61b, 0xa5fb, 0x9dfb, 0x9dda, 0x95ba, 0x95ba, 0x95ba, 0x95ba, 0x95ba, 0x9ddb, 0x9dba, 0x95ba, 0x959a, 
    
    0x9ddb, 0x95db, 0x95bb, 0x95bb, 0x8d9a, 0x857a, 0x855a, 0x7d5a, 0x7d3a, 0x7539, 0x7539, 0x7d5a, 0x7d3a, 0x7519, 0x6cf9, 0x6cf9, 0x64d9, 0x6cf9, 0x64f9, 0x6cf9, 
    0x6cf9, 0x6cf9, 0x64d9, 0x6cf9, 0x753a, 0x7539, 0x7519, 0x6cf9, 0x6cf9, 0x6cf9, 0x7519, 0x7d3a, 0x7d5a, 0x7d7a, 0x857a, 0x857a, 0x7d7a, 0x857a, 0x857a, 0x857a, 
    0x857a, 0x857a, 0x8d9a, 0x8d9a, 0x8d9a, 0x95ba, 0x95bb, 0x8d9a, 0x8d9a, 0x95bb, 0x9ddb, 0x9ddb, 0x95db, 0x9ddb, 0x9ddb, 0x9ddb, 0x95db, 0x8d9a, 0x8d9a, 0x8d9a, 
    0x8d9a, 0x8d9a, 0x859a, 0x8d9a, 0x8d9a, 0x8d9a, 0x859a, 0x8d9a, 0x859a, 0x7d7a, 0x755a, 0x753a, 0x753a, 0x6d1a, 0x64f9, 0x5cf9, 0x5cd9, 0x54d9, 0x4cb9, 0x4499, 
    0x4499, 0x44b9, 0x44b9, 0x44b9, 0x44b9, 0x3c99, 0x3479, 0x2c79, 0x2459, 0x1c58, 0x1c58, 0x1c58, 0x1458, 0x1458, 0x1458, 0x1459, 0x1c59, 0x1459, 0x1459, 0x0c58, 
    0x0c58, 0x0c58, 0x1458, 0x1c58, 0x2479, 0x2c79, 0x3499, 0x3499, 0x3479, 0x3479, 0x2c79, 0x2c79, 0x2479, 0x2459, 0x2479, 0x2c79, 0x2c79, 0x2c79, 0x2c79, 0x2479, 
    0x2479, 0x2479, 0x2479, 0x1c79, 0x1c59, 0x1459, 0x1459, 0x1458, 0x0c58, 0x0c58, 0x1458, 0x1c59, 0x3499, 0x4cb9, 0x44b9, 0x3c99, 0x2c79, 0x1c59, 0x0458, 0x0438, 
    0x0438, 0x0438, 0x0438, 0x0438, 0x0438, 0x0438, 0x0438, 0x0438, 0x0438, 0x0438, 0x0438, 0x0438, 0x0438, 0x0458, 0x0458, 0x1c58, 0x2479, 0x3479, 0x3c99, 0x3c99, 
    0x3c99, 0x3c99, 0x4499, 0x4cb9, 0x54d9, 0x5cd9, 0x54d9, 0x54d9, 0x5cd9, 0x64f9, 0x64f9, 0x6519, 0x6d3a, 0x755a, 0x7d5a, 0x7d5a, 0x755a, 0x753a, 0x6d3a, 0x6d3a, 
    0x6d3a, 0x6d3a, 0x6d3a, 0x6d3a, 0x753a, 0x6d3a, 0x6d19, 0x6d3a, 0x753a, 0x753a, 0x753a, 0x753a, 0x751a, 0x6d19, 0x6d19, 0x6519, 0x64f9, 0x6d19, 0x6d19, 0x6d19, 
    0x6d19, 0x6d19, 0x6d19, 0x6cf9, 0x753a, 0x857a, 0x857a, 0x857a, 0x859a, 0x857a, 0x7d5a, 0x7d5a, 0x7d5a, 0x7d7a, 0x859a, 0x859a, 0x857a, 0x857a, 0x857a, 0x8d9a, 
    0x95ba, 0x95ba, 0x95da, 0x95ba, 0x95ba, 0x9dda, 0x9dda, 0x9dda, 0x9dfb, 0x9dfb, 0xa61b, 0xa61b, 0xa61b, 0xae3b, 0xae3b, 0xae3b, 0xb65c, 0xb67c, 0xb65c, 0xb65c, 
    0xb65c, 0xb67c, 0xb67c, 0xb67c, 0xbe7c, 0xb67c, 0xb67c, 0xb67c, 0xbe7c, 0xbe7c, 0xbe9c, 0xbe9c, 0xbe9c, 0xbe9c, 0xbe9c, 0xbe9c, 0xbe9c, 0xbe9c, 0xbe9c, 0xc6bc, 
    0xc6bc, 0xc6bc, 0xc6bc, 0xc6bc, 0xc6bc, 0xc6bc, 0xc6dd, 0xc6dd, 0xc6dd, 0xc6dd, 0xc6dd, 0xc6dd, 0xc6bc, 0xc6bc, 0xc6bc, 0xc6bc, 0xc6bc, 0xc6bc, 0xbe9c, 0xbe9c, 
    0xbe9c, 0xbe9c, 0xbe7c, 0xb65c, 0xb65c, 0xb65c, 0xae3b, 0xae3b, 0xae3b, 0xae3b, 0xae3b, 0xae3b, 0xae1b, 0xae1b, 0xae1b, 0xae1b, 0xae1b, 0xae1b, 0xae1b, 0xa61b, 
    0xa61b, 0xa61b, 0xae1b, 0xa61b, 0xa61b, 0xae1b, 0xa61b, 0xa61b, 0xa5fb, 0xa5fb, 0x9ddb, 0x9dda, 0x9dda, 0x9dda, 0x9dda, 0x9ddb, 0x9dda, 0x9dda, 0x95ba, 0x95ba, 
    
    0xa61b, 0x9dfb, 0x9ddb, 0x95db, 0x95bb, 0x8dbb, 0x8d9a, 0x8d9a, 0x857a, 0x855a, 0x7d5a, 0x7d3a, 0x7539, 0x7519, 0x7519, 0x7519, 0x7519, 0x7519, 0x7539, 0x753a, 
    0x7519, 0x6cf9, 0x7519, 0x7d3a, 0x7d5a, 0x7d3a, 0x7519, 0x7519, 0x7519, 0x753a, 0x7d3a, 0x7d5a, 0x857a, 0x857a, 0x857a, 0x857a, 0x857a, 0x857a, 0x857a, 0x857a, 
    0x8d9a, 0x8d9a, 0x8d9a, 0x8dba, 0x95ba, 0x95bb, 0x95ba, 0x95bb, 0x95bb, 0x95bb, 0x95bb, 0x8dbb, 0x95bb, 0x95bb, 0x95db, 0x9ddb, 0x95bb, 0x95bb, 0x95bb, 0x8dba, 
    0x8d9a, 0x8d9a, 0x8d9b, 0x8dbb, 0x8dbb, 0x8dbb, 0x8dbb, 0x95bb, 0x8d9a, 0x857a, 0x7d5a, 0x7d7a, 0x7d7a, 0x7d5a, 0x755a, 0x753a, 0x6d1a, 0x64fa, 0x5cf9, 0x54d9, 
    0x54d9, 0x54d9, 0x54d9, 0x4cb9, 0x4cb9, 0x4499, 0x3c99, 0x3479, 0x2c79, 0x2479, 0x2479, 0x2459, 0x2459, 0x2479, 0x1c79, 0x2479, 0x2479, 0x2479, 0x1c79, 0x1c79, 
    0x1c79, 0x2479, 0x2479, 0x2c79, 0x2c99, 0x3499, 0x3499, 0x3499, 0x3499, 0x3499, 0x2c79, 0x2c79, 0x2c79, 0x2c99, 0x3499, 0x3499, 0x3499, 0x3499, 0x2c99, 0x2c79, 
    0x2c79, 0x2479, 0x2479, 0x2479, 0x1c79, 0x1c79, 0x1c79, 0x1c59, 0x1c59, 0x1c59, 0x2479, 0x3479, 0x3c99, 0x3c99, 0x44b9, 0x4cb9, 0x3c99, 0x2479, 0x0459, 0x0458, 
    0x0458, 0x0438, 0x0438, 0x0438, 0x0438, 0x0438, 0x0438, 0x0438, 0x0438, 0x0438, 0x0438, 0x0438, 0x0438, 0x0438, 0x0458, 0x0c58, 0x1c59, 0x2479, 0x2479, 0x2479, 
    0x2c79, 0x2c79, 0x3479, 0x4499, 0x4cb9, 0x54d9, 0x5cd9, 0x5cf9, 0x6d1a, 0x753a, 0x755a, 0x755a, 0x755a, 0x755a, 0x755a, 0x6d3a, 0x6d1a, 0x6d19, 0x6519, 0x6519, 
    0x64f9, 0x5cf9, 0x5cf9, 0x64f9, 0x6519, 0x64f9, 0x64f9, 0x6519, 0x6d1a, 0x6d19, 0x6d19, 0x6d1a, 0x6d19, 0x6d19, 0x5cf9, 0x5cf9, 0x64f9, 0x6519, 0x6d19, 0x7539, 
    0x7539, 0x6d19, 0x64f9, 0x64f9, 0x753a, 0x857a, 0x857a, 0x857a, 0x857a, 0x857a, 0x859a, 0x857a, 0x7d5a, 0x857a, 0x859a, 0x857a, 0x7d7a, 0x7d7a, 0x859a, 0x8d9a, 
    0x8d9a, 0x8d9a, 0x8dba, 0x8d9a, 0x95ba, 0x95ba, 0x95ba, 0x95ba, 0x95ba, 0x95da, 0x9ddb, 0x9dfb, 0xa5fb, 0xa61b, 0xae1b, 0xae3b, 0xae3b, 0xb65c, 0xb65c, 0xb65c, 
    0xb65c, 0xb65c, 0xb65c, 0xb67c, 0xbe7c, 0xbe7c, 0xbe7c, 0xb67c, 0xb67c, 0xbe7c, 0xbe9c, 0xbe9c, 0xbe9c, 0xbe9c, 0xbe9c, 0xbe9c, 0xbe9c, 0xbe9c, 0xc6bc, 0xc6bc, 
    0xc6bc, 0xc6bc, 0xc6bc, 0xc6dc, 0xc6dc, 0xc6dd, 0xcedd, 0xcedd, 0xcedd, 0xcedd, 0xcedd, 0xcedd, 0xc6dd, 0xc6bc, 0xc6bc, 0xc6bc, 0xc6bc, 0xc69c, 0xbe9c, 0xbe9c, 
    0xbe9c, 0xbe9c, 0xbe9c, 0xbe9c, 0xbe7c, 0xb65c, 0xb65c, 0xb65c, 0xae3b, 0xae3b, 0xae3b, 0xae3b, 0xae3b, 0xae3b, 0xae3b, 0xae3b, 0xae3b, 0xae3b, 0xae3b, 0xae1b, 
    0xae3b, 0xae1b, 0xae1b, 0xae1b, 0xae1b, 0xae1b, 0xae1b, 0xa61b, 0xa61b, 0xa5fb, 0x9dfb, 0x9ddb, 0x9ddb, 0x9dfb, 0xa5fb, 0x9ddb, 0x9dda, 0x9dba, 0x95ba, 0x95ba, 
    
    0xae3c, 0xa61b, 0xa61b, 0x9dfb, 0x9dfb, 0x9ddb, 0x95db, 0x95bb, 0x95bb, 0x8d9a, 0x857a, 0x855a, 0x7d5a, 0x7d3a, 0x7d39, 0x7d39, 0x7d5a, 0x7d5a, 0x7d5a, 0x7d5a, 
    0x7d5a, 0x855a, 0x857a, 0x857a, 0x855a, 0x857a, 0x855a, 0x7d5a, 0x855a, 0x7d5a, 0x7d5a, 0x7d5a, 0x857a, 0x857a, 0x857a, 0x857a, 0x7d7a, 0x7d7a, 0x857a, 0x8d9a, 
    0x95ba, 0x95bb, 0x95bb, 0x95bb, 0x95bb, 0x95db, 0x95db, 0x95db, 0x95db, 0x95bb, 0x8d9a, 0x8d9a, 0x8d9a, 0x95bb, 0x9ddb, 0x9dfb, 0x9dfb, 0x9dfb, 0x95db, 0x95bb, 
    0x95bb, 0x95bb, 0x95db, 0x95db, 0x95db, 0x95db, 0x9ddb, 0x9ddb, 0x95db, 0x95bb, 0x8dbb, 0x8dbb, 0x8d9a, 0x859a, 0x857a, 0x7d7a, 0x753a, 0x6d1a, 0x6d1a, 0x64fa, 
    0x5cf9, 0x651a, 0x64fa, 0x64fa, 0x5cf9, 0x54d9, 0x4cb9, 0x3c99, 0x3499, 0x2c79, 0x2c79, 0x2c79, 0x2c79, 0x2c79, 0x2c79, 0x2c79, 0x2c79, 0x2479, 0x2c99, 0x2c79, 
    0x2c99, 0x2c99, 0x3499, 0x3499, 0x3cb9, 0x3cb9, 0x3c99, 0x3499, 0x3499, 0x3499, 0x2c99, 0x3499, 0x3499, 0x3499, 0x3c99, 0x3c99, 0x3c99, 0x3499, 0x3499, 0x2c99, 
    0x2c99, 0x3499, 0x3499, 0x2c99, 0x2c79, 0x2c79, 0x2c79, 0x2c79, 0x2c79, 0x3499, 0x3c99, 0x44b9, 0x4499, 0x44b9, 0x4cb9, 0x44b9, 0x2c79, 0x1459, 0x0458, 0x0459, 
    0x0459, 0x0458, 0x0458, 0x0458, 0x0458, 0x0438, 0x0438, 0x0438, 0x0438, 0x0438, 0x0438, 0x0438, 0x0438, 0x0438, 0x0459, 0x0459, 0x0458, 0x0458, 0x0458, 0x0c58, 
    0x1c58, 0x2479, 0x3479, 0x3c99, 0x4cb9, 0x54d9, 0x5cf9, 0x6d1a, 0x755a, 0x7d5a, 0x7d5a, 0x755a, 0x753a, 0x6d3a, 0x6d3a, 0x6519, 0x6d1a, 0x6519, 0x6519, 0x64fa, 
    0x5cf9, 0x5cf9, 0x5cf9, 0x5cf9, 0x5cf9, 0x5cf9, 0x64f9, 0x64f9, 0x6519, 0x64f9, 0x64f9, 0x6d19, 0x753a, 0x6d3a, 0x64f9, 0x64f9, 0x6d19, 0x6d19, 0x7539, 0x7d5a, 
    0x7d5a, 0x753a, 0x6d19, 0x6d19, 0x755a, 0x857a, 0x857a, 0x7d5a, 0x857a, 0x857a, 0x857a, 0x857a, 0x857a, 0x857a, 0x7d7a, 0x7d7a, 0x857a, 0x859a, 0x8dba, 0x8dba, 
    0x95ba, 0x95bb, 0x8dba, 0x95ba, 0x95ba, 0x95ba, 0x8dba, 0x8d9a, 0x95ba, 0x95ba, 0x95da, 0x9dfb, 0xa5fb, 0xa61b, 0xa61b, 0xae3b, 0xae3b, 0xae3b, 0xae3b, 0xae3b, 
    0xae3b, 0xae5b, 0xb65c, 0xb65c, 0xb67c, 0xb67c, 0xb67c, 0xb67c, 0xb67c, 0xb69c, 0xb69c, 0xbe9c, 0xbe9c, 0xbebc, 0xbebc, 0xbebc, 0xc6bc, 0xc6bc, 0xc6bc, 0xc6bc, 
    0xc6bc, 0xc6bc, 0xc6bc, 0xc6dd, 0xcedd, 0xcedd, 0xc6dd, 0xc6dc, 0xc6dd, 0xc6dd, 0xc6dd, 0xc6dd, 0xc6dd, 0xc6bc, 0xc6bc, 0xc6bc, 0xc6bc, 0xc6bc, 0xc6bc, 0xc6bc, 
    0xc69c, 0xbe9c, 0xbe9c, 0xbe9c, 0xbe9c, 0xbe7c, 0xb67c, 0xb65c, 0xb65c, 0xb65c, 0xb65c, 0xb65c, 0xb65c, 0xb65c, 0xb65b, 0xae3b, 0xae3b, 0xae3b, 0xae3b, 0xae3b, 
    0xae3b, 0xae1b, 0xae1b, 0xae1b, 0xa61b, 0xae1b, 0xae1b, 0xae3b, 0xae3b, 0xa61b, 0xa5fb, 0xa5fb, 0x9dfb, 0xa5fb, 0xa5fb, 0xa5fb, 0x9ddb, 0x9dda, 0x9dda, 0x9dba, 
    
    0xb65c, 0xae3c, 0xae3b, 0xa61b, 0xa61b, 0x9dfb, 0x9dfb, 0x9ddb, 0x95db, 0x95bb, 0x95bb, 0x8dbb, 0x8d9a, 0x8d9a, 0x859a, 0x857a, 0x857a, 0x8d9a, 0x857a, 0x8d7a, 
    0x8d9a, 0x8d9a, 0x8d7a, 0x857a, 0x8d7a, 0x8d9a, 0x857a, 0x857a, 0x855a, 0x7d5a, 0x857a, 0x857a, 0x857a, 0x857a, 0x857a, 0x857a, 0x857a, 0x857a, 0x857a, 0x8d9a, 
    0x95bb, 0x95ba, 0x95ba, 0x95bb, 0x95db, 0x9ddb, 0x9ddb, 0x95db, 0x95bb, 0x8d9a, 0x8dba, 0x95bb, 0x95bb, 0x9ddb, 0x9dfb, 0xa61b, 0xa61b, 0x9dfb, 0x95db, 0x95db, 
    0x95db, 0x9ddb, 0x9dfb, 0x9dfb, 0x9dfb, 0xa61b, 0xa61b, 0xa61b, 0xa61b, 0x9dfb, 0x9dfb, 0x9ddb, 0x95db, 0x8dbb, 0x8d9a, 0x859a, 0x7d7a, 0x7d5a, 0x7d7a, 0x7d5a, 
    0x753a, 0x753a, 0x753a, 0x6d3a, 0x6d1a, 0x5cf9, 0x54d9, 0x4499, 0x3c99, 0x3499, 0x3499, 0x3499, 0x3c99, 0x3499, 0x3499, 0x3499, 0x3499, 0x3499, 0x3499, 0x3499, 
    0x3499, 0x3499, 0x3c99, 0x3cb9, 0x3cb9, 0x3cb9, 0x3cb9, 0x3cb9, 0x3cb9, 0x3cb9, 0x3cb9, 0x3cb9, 0x3cb9, 0x3cb9, 0x3cb9, 0x3cb9, 0x3c99, 0x3cb9, 0x3cb9, 0x3cb9, 
    0x44d9, 0x4cd9, 0x44b9, 0x3cb9, 0x3c99, 0x3c99, 0x44b9, 0x3c99, 0x3c99, 0x4499, 0x44b9, 0x3c99, 0x3c99, 0x3c99, 0x3499, 0x2479, 0x1c79, 0x1459, 0x0c59, 0x0c59, 
    0x0c59, 0x0c58, 0x0c58, 0x0c58, 0x0c58, 0x0c58, 0x0438, 0x0438, 0x0438, 0x0438, 0x0438, 0x0438, 0x0438, 0x0458, 0x0459, 0x0459, 0x0459, 0x0458, 0x0c58, 0x1c59, 
    0x2c79, 0x3499, 0x3cb9, 0x4cb9, 0x54d9, 0x5cf9, 0x651a, 0x6d3a, 0x755a, 0x7d5a, 0x753a, 0x753a, 0x753a, 0x753a, 0x755a, 0x755a, 0x753a, 0x6d3a, 0x6d1a, 0x6519, 
    0x64f9, 0x5cf9, 0x5cf9, 0x5cf9, 0x5cf9, 0x5cf9, 0x5cf9, 0x64f9, 0x64f9, 0x6519, 0x64f9, 0x6d19, 0x753a, 0x753a, 0x6d1a, 0x6d19, 0x6d39, 0x7539, 0x753a, 0x753a, 
    0x753a, 0x755a, 0x753a, 0x7539, 0x7d5a, 0x857a, 0x7d7a, 0x7d7a, 0x857a, 0x857a, 0x7d7a, 0x7d5a, 0x7d5a, 0x7d7a, 0x7d5a, 0x7d7a, 0x859a, 0x8dba, 0x95da, 0x95db, 
    0x95db, 0x95db, 0x95ba, 0x95db, 0x95db, 0x95ba, 0x95ba, 0x95ba, 0x95ba, 0x95da, 0x9ddb, 0xa5fb, 0xa61b, 0xa61b, 0xae1b, 0xae3b, 0xae3b, 0xae3b, 0xae3b, 0xae3b, 
    0xae5c, 0xae5c, 0xae5c, 0xae5c, 0xae5b, 0xae5b, 0xae5c, 0xae5c, 0xb67c, 0xb67c, 0xb67c, 0xbe9c, 0xbe9c, 0xbe9c, 0xbe9c, 0xbebc, 0xc6bc, 0xc6dc, 0xc6dd, 0xc6dc, 
    0xc6dd, 0xc6dd, 0xc6dd, 0xc6dd, 0xc6dc, 0xc6bc, 0xc6bc, 0xc6bc, 0xc6bc, 0xc6bc, 0xc6bc, 0xc6bc, 0xc6bc, 0xc6bc, 0xc6bc, 0xc6bc, 0xc6bc, 0xc6bc, 0xc6bc, 0xc6bc, 
    0xc6bc, 0xc6bc, 0xbe9c, 0xbe9c, 0xbe9c, 0xbe7c, 0xbe7c, 0xbe7c, 0xbe7c, 0xbe7c, 0xb67c, 0xb65c, 0xb65c, 0xb65c, 0xb65c, 0xb65c, 0xb65c, 0xae3b, 0xae3b, 0xae3b, 
    0xae3b, 0xae1b, 0xae1b, 0xae1b, 0xae1b, 0xae1b, 0xae1b, 0xae1b, 0xae3b, 0xae3b, 0xa61b, 0xa61b, 0xa5fb, 0xa5fb, 0xa5fb, 0xa5fb, 0xa5fb, 0xa5fb, 0x9dfb, 0x9dfb, 
    
    0xb67c, 0xb65c, 0xae5c, 0xae3c, 0xa61b, 0xa61b, 0xa5fb, 0x9dfb, 0x9ddb, 0x9ddb, 0x9ddb, 0x9ddb, 0x9ddb, 0x9dfb, 0x9dfb, 0x9ddb, 0x95db, 0x95bb, 0x95db, 0x9ddb, 
    0x9ddb, 0x95bb, 0x8dba, 0x8d9a, 0x8d9a, 0x8d7a, 0x857a, 0x857a, 0x857a, 0x857a, 0x7d7a, 0x857a, 0x857a, 0x857a, 0x8d7a, 0x8d9a, 0x8d9a, 0x8d9a, 0x8d9a, 0x8d9a, 
    0x95ba, 0x95bb, 0x95bb, 0x95bb, 0x95db, 0x9ddb, 0x95db, 0x95db, 0x95bb, 0x95bb, 0x95bb, 0x95db, 0x9ddb, 0x9dfb, 0xa61b, 0xa61b, 0xa5fb, 0x9dfb, 0x9ddb, 0x9dfb, 
    0x9dfb, 0xa61b, 0xa61b, 0xa61b, 0xae3b, 0xb65b, 0xb65c, 0xae3b, 0xa61b, 0xa61b, 0xa61b, 0xa5fb, 0x9dfb, 0x9ddb, 0x95bb, 0x8dbb, 0x8dbb, 0x8dbb, 0x8d9a, 0x859a, 
    0x857a, 0x755a, 0x753a, 0x6d3a, 0x6d1a, 0x651a, 0x5cf9, 0x4cd9, 0x4cb9, 0x4cb9, 0x44b9, 0x44b9, 0x44b9, 0x44b9, 0x44b9, 0x44b9, 0x44b9, 0x44b9, 0x44b9, 0x44b9, 
    0x44b9, 0x44b9, 0x44b9, 0x44b9, 0x44b9, 0x44b9, 0x44b9, 0x44b9, 0x44d9, 0x4cd9, 0x44d9, 0x4cd9, 0x4cd9, 0x44d9, 0x44d9, 0x44d9, 0x44b9, 0x4cd9, 0x4cd9, 0x4cd9, 
    0x54d9, 0x4cd9, 0x4cb9, 0x4cb9, 0x4cb9, 0x4cd9, 0x54d9, 0x4cd9, 0x44b9, 0x44b9, 0x3c99, 0x3499, 0x3499, 0x2c79, 0x2479, 0x2479, 0x1c79, 0x1c79, 0x1c79, 0x1c59, 
    0x1c59, 0x1c59, 0x1c59, 0x1c59, 0x1459, 0x1458, 0x1458, 0x0c58, 0x0458, 0x0458, 0x0458, 0x0438, 0x0458, 0x0458, 0x0459, 0x0459, 0x0c59, 0x1c59, 0x2c79, 0x3c99, 
    0x44b9, 0x44b9, 0x4cd9, 0x54d9, 0x54f9, 0x5cf9, 0x6519, 0x6d3a, 0x753a, 0x753a, 0x753a, 0x753a, 0x755a, 0x753a, 0x753a, 0x753a, 0x753a, 0x755a, 0x7d5a, 0x6d3a, 
    0x6519, 0x6519, 0x5cf9, 0x5cf9, 0x5cfa, 0x5cf9, 0x5cf9, 0x5cf9, 0x64f9, 0x6519, 0x6d1a, 0x6d1a, 0x753a, 0x7d5a, 0x753a, 0x6d3a, 0x753a, 0x753a, 0x753a, 0x753a, 
    0x753a, 0x7d5a, 0x7d5a, 0x7d5a, 0x7d5a, 0x857a, 0x857a, 0x859a, 0x859a, 0x859a, 0x859a, 0x857a, 0x857a, 0x859a, 0x857a, 0x859a, 0x8dba, 0x95db, 0x95db, 0x9dfb, 
    0x9dfb, 0x9dfb, 0x9ddb, 0x9dfb, 0x9ddb, 0x95da, 0x95db, 0x9ddb, 0x9ddb, 0x9dfb, 0xa61b, 0xa61b, 0xa61b, 0xae3b, 0xae3b, 0xae3b, 0xae3b, 0xae3b, 0xae3b, 0xb65c, 
    0xb67c, 0xb65c, 0xb65c, 0xb65c, 0xb67c, 0xb67c, 0xb67c, 0xb67c, 0xb67c, 0xb67c, 0xb67c, 0xbe9c, 0xbe9c, 0xbe9c, 0xbe9c, 0xbe9c, 0xc6bc, 0xc6bc, 0xc6bc, 0xc6dd, 
    0xcedd, 0xcedd, 0xc6dd, 0xc6dc, 0xc6dc, 0xc6bc, 0xc6bc, 0xc6bc, 0xc6bc, 0xc6bc, 0xc6bc, 0xc6bc, 0xc6bc, 0xc6bc, 0xc6bc, 0xc6bc, 0xc6bc, 0xc6bc, 0xc6bc, 0xc6bc, 
    0xc69c, 0xbe9c, 0xbe9c, 0xbe9c, 0xbe9c, 0xbe7c, 0xbe9c, 0xbe9c, 0xbe9c, 0xbe9c, 0xbe7c, 0xbe7c, 0xbe7c, 0xb67c, 0xb65c, 0xb65c, 0xb65b, 0xae3b, 0xae3b, 0xae3b, 
    0xae3b, 0xae1b, 0xae1b, 0xae1b, 0xae1b, 0xae1b, 0xae1b, 0xae1b, 0xae1b, 0xa61b, 0xa61b, 0xa61b, 0xa61b, 0xa61b, 0xa61b, 0xa61b, 0xa5fb, 0xa5fb, 0xa5fb, 0xa5fb, 
    
    0xb67c, 0xb67c, 0xae5c, 0xae3c, 0xae3c, 0xa63b, 0xa61b, 0xa61b, 0xa61b, 0xa5fb, 0xa5fb, 0x9dfb, 0x9e1b, 0xa61b, 0xa61b, 0xa61b, 0xa5fb, 0x9dfb, 0xa5fb, 0x9dfb, 
    0x9ddb, 0x9dfb, 0x9dfb, 0x95db, 0x95bb, 0x8d9b, 0x8d9a, 0x8d9a, 0x857a, 0x857a, 0x857a, 0x857a, 0x8d9a, 0x8d9a, 0x8dba, 0x95bb, 0x95bb, 0x95bb, 0x95bb, 0x95bb, 
    0x95bb, 0x95db, 0x95db, 0x9ddb, 0x9ddb, 0x9ddb, 0x9ddb, 0x9ddb, 0x9ddb, 0x9ddb, 0x9ddb, 0x95db, 0x9ddb, 0xa5fb, 0xa61b, 0xa61b, 0xae3b, 0xa63b, 0xa61b, 0xa61b, 
    0xae3b, 0xae5b, 0xb65c, 0xb65c, 0xb65c, 0xb65c, 0xb63b, 0xae3b, 0xa61b, 0xae1b, 0xa61b, 0xa61b, 0xa5fb, 0xa5fb, 0x9dfb, 0x9ddb, 0x9ddb, 0x95db, 0x8dbb, 0x8d9a, 
    0x859a, 0x7d7a, 0x7d5a, 0x753a, 0x6d3a, 0x651a, 0x651a, 0x651a, 0x5cfa, 0x5cfa, 0x54fa, 0x54d9, 0x4cd9, 0x4cd9, 0x4cd9, 0x4cd9, 0x4cd9, 0x4cd9, 0x4cd9, 0x4cd9, 
    0x54d9, 0x54d9, 0x54d9, 0x54f9, 0x54fa, 0x54f9, 0x54d9, 0x54f9, 0x54fa, 0x54fa, 0x54f9, 0x54f9, 0x54fa, 0x54fa, 0x54f9, 0x54d9, 0x54d9, 0x4cd9, 0x4cd9, 0x4cd9, 
    0x4cd9, 0x4cd9, 0x4cd9, 0x4cd9, 0x54da, 0x54da, 0x54d9, 0x4cd9, 0x44b9, 0x3cb9, 0x3499, 0x3499, 0x2c99, 0x2c79, 0x2479, 0x2479, 0x2479, 0x2479, 0x1c79, 0x1c79, 
    0x2479, 0x2479, 0x2479, 0x1c59, 0x1c59, 0x1c59, 0x1c59, 0x1c59, 0x1458, 0x0c59, 0x0c58, 0x0c59, 0x0459, 0x0459, 0x0459, 0x1459, 0x1c79, 0x2c79, 0x3499, 0x44b9, 
    0x44b9, 0x44b9, 0x4cd9, 0x54d9, 0x54d9, 0x54d9, 0x54f9, 0x5cf9, 0x5cf9, 0x54f9, 0x5cf9, 0x651a, 0x6d3a, 0x753a, 0x6d3a, 0x6d3a, 0x6d3a, 0x755a, 0x7d7a, 0x7d5a, 
    0x755a, 0x6d3a, 0x6d1a, 0x6519, 0x64f9, 0x5cf9, 0x64f9, 0x6519, 0x6519, 0x651a, 0x6d3a, 0x6d1a, 0x753a, 0x753a, 0x7d5a, 0x7d5a, 0x7d5a, 0x7d5a, 0x7d5a, 0x7d5a, 
    0x7d5a, 0x857a, 0x8d9a, 0x857a, 0x857a, 0x8d9a, 0x8dba, 0x8dba, 0x95ba, 0x95ba, 0x95ba, 0x95bb, 0x95ba, 0x95ba, 0x95db, 0x95db, 0x9ddb, 0x9dfb, 0x9dfb, 0xa61b, 
    0xa63b, 0xa61b, 0xa61b, 0x9dfb, 0x9dfb, 0x9dfb, 0x9e1b, 0xa61b, 0xa61b, 0xa63b, 0xae3b, 0xae3b, 0xae5b, 0xae5b, 0xae5b, 0xae5b, 0xae5b, 0xb65c, 0xb67c, 0xb67c, 
    0xb67c, 0xb67c, 0xb67c, 0xb67c, 0xb67c, 0xb67c, 0xb67c, 0xb67c, 0xb67c, 0xb69c, 0xbe9c, 0xbe9c, 0xc6bc, 0xc6bd, 0xc6bc, 0xc6dd, 0xc6dd, 0xc6dd, 0xc6dc, 0xc6bc, 
    0xc6dd, 0xc6dd, 0xc6dd, 0xc6dc, 0xc6dd, 0xc6bc, 0xc6bc, 0xc6dc, 0xc6bc, 0xc6dc, 0xc6bc, 0xc6bc, 0xc6bc, 0xc6bc, 0xc6bc, 0xc6bc, 0xc6bc, 0xc6bc, 0xbe9c, 0xbe9c, 
    0xbe9c, 0xbe9c, 0xbe9c, 0xbe9c, 0xbe9c, 0xbe9c, 0xbe7c, 0xbe7c, 0xbe7c, 0xbe7c, 0xbe7c, 0xb67c, 0xb67c, 0xb67c, 0xb65c, 0xb65c, 0xae3b, 0xae3b, 0xae3b, 0xae3b, 
    0xae3b, 0xae3b, 0xae3b, 0xae3b, 0xae1b, 0xae1b, 0xae1b, 0xa61b, 0xa61b, 0xa61b, 0xa61b, 0xa61b, 0xa61b, 0xa5fb, 0xa5fb, 0xa5fb, 0x9dfb, 0x9ddb, 0x9dda, 0x9dda, 
    
    0xbe7c, 0xb67c, 0xae5c, 0xae3c, 0xae5c, 0xae3c, 0xa63b, 0xa61b, 0xa61b, 0xa61b, 0xa61b, 0xa61b, 0xa61b, 0xa61b, 0xa61b, 0xa61b, 0xa61b, 0xa61b, 0xa61b, 0x9dfb, 
    0x9dfb, 0x9dfb, 0x9dfb, 0x9ddb, 0x95db, 0x95bb, 0x8dbb, 0x8d9b, 0x8d9a, 0x8d9a, 0x8d9a, 0x8dbb, 0x95bb, 0x95bb, 0x95bb, 0x95db, 0x95db, 0x95db, 0x95bb, 0x95bb, 
    0x9ddb, 0x9ddb, 0x9dfb, 0x9dfb, 0x9dfb, 0x9dfb, 0x9dfb, 0x9ddb, 0x9ddb, 0x9ddb, 0x9ddb, 0x9dfb, 0x9dfb, 0xa61b, 0xae3b, 0xb65c, 0xb65c, 0xb65c, 0xae5b, 0xae5c, 
    0xb65c, 0xb67c, 0xb67c, 0xb67c, 0xb67c, 0xb65c, 0xb65c, 0xae5b, 0xae3b, 0xae3b, 0xae3b, 0xa61b, 0xa61b, 0xa5fb, 0x9dfb, 0x9dfb, 0x9dfb, 0x9dfb, 0x95db, 0x95db, 
    0x8dbb, 0x8d9b, 0x859a, 0x857a, 0x7d7a, 0x755a, 0x6d3a, 0x651a, 0x651a, 0x651a, 0x651a, 0x5d1a, 0x5cfa, 0x5cfa, 0x5cfa, 0x54fa, 0x54fa, 0x54fa, 0x5cfa, 0x5cfa, 
    0x5cfa, 0x5cfa, 0x5cfa, 0x5d1a, 0x5d1a, 0x651a, 0x651a, 0x651a, 0x651a, 0x5d1a, 0x5d1a, 0x5d1a, 0x5d1a, 0x5cfa, 0x54fa, 0x54d9, 0x54d9, 0x4cd9, 0x4cd9, 0x4cd9, 
    0x4cd9, 0x4cd9, 0x4cd9, 0x54d9, 0x54da, 0x4cd9, 0x4cd9, 0x4cb9, 0x44b9, 0x3cb9, 0x3499, 0x3499, 0x2c99, 0x2c99, 0x2499, 0x2479, 0x2479, 0x2479, 0x2479, 0x2479, 
    0x2479, 0x2479, 0x2479, 0x2479, 0x2479, 0x2479, 0x2479, 0x1c59, 0x1c59, 0x1459, 0x1459, 0x1458, 0x1458, 0x1459, 0x1459, 0x1c79, 0x2479, 0x2c99, 0x3499, 0x3cb9, 
    0x44b9, 0x44b9, 0x44d9, 0x44b9, 0x44b9, 0x44b9, 0x44b9, 0x44b9, 0x44b9, 0x44b9, 0x4cd9, 0x54d9, 0x5cf9, 0x651a, 0x6d3a, 0x651a, 0x6d3a, 0x6d3a, 0x753a, 0x755a, 
    0x755a, 0x755a, 0x755a, 0x755a, 0x6d3a, 0x6d19, 0x6d1a, 0x6d3a, 0x753a, 0x753a, 0x753a, 0x753a, 0x755a, 0x7d5a, 0x7d7a, 0x857a, 0x859a, 0x859a, 0x859a, 0x859a, 
    0x859a, 0x8d9a, 0x8dba, 0x95ba, 0x8dba, 0x95da, 0x95da, 0x95da, 0x9dfb, 0xa5fb, 0xa61b, 0xa61b, 0x9dfb, 0x9dfb, 0xa5fb, 0xa61b, 0xa61b, 0xa61b, 0xae3b, 0xb65c, 
    0xb65c, 0xae5b, 0xae3b, 0xa63b, 0xa63b, 0xa61b, 0xa63b, 0xae3b, 0xae5b, 0xae5b, 0xae5b, 0xae5b, 0xae5b, 0xae5c, 0xae7c, 0xb67c, 0xb67c, 0xb67c, 0xb67c, 0xb67c, 
    0xb67c, 0xb67c, 0xb67c, 0xb67c, 0xb67c, 0xb67c, 0xb67c, 0xb67c, 0xb67c, 0xbe9c, 0xbe9c, 0xc6bc, 0xc6bc, 0xc6bd, 0xc6dc, 0xc6dd, 0xc6dd, 0xcedd, 0xc6dd, 0xc6dd, 
    0xc6dd, 0xc6dd, 0xc6dc, 0xc6dc, 0xc6dc, 0xc6dd, 0xc6dd, 0xc6bc, 0xc6dc, 0xc6dc, 0xc6bc, 0xc6bc, 0xc6bc, 0xc6bc, 0xc6bc, 0xc6bc, 0xc6bc, 0xbe9c, 0xbe9c, 0xbe9c, 
    0xbe9c, 0xbe9c, 0xbe9c, 0xbe9c, 0xbe9c, 0xbe9c, 0xbe9c, 0xbe7c, 0xbe7c, 0xb67c, 0xb65c, 0xb65c, 0xb65c, 0xb65c, 0xb65c, 0xb65c, 0xae3b, 0xae3b, 0xae3b, 0xae3b, 
    0xae3b, 0xa61b, 0xa61b, 0xa61b, 0xa61b, 0xa61b, 0xa61b, 0xa5fb, 0x9dfb, 0x9dfb, 0x9dfb, 0x9dfb, 0x9dfb, 0x9ddb, 0x9ddb, 0x9dda, 0x95ba, 0x95ba, 0x95ba, 0x95ba, 
    
    0xbe9c, 0xbe7c, 0xb67c, 0xb65c, 0xae3c, 0xae3c, 0xae3c, 0xae3c, 0xae1c, 0xa63c, 0xa63c, 0xa63b, 0xae3c, 0xa63b, 0xa63b, 0xa61b, 0xa61b, 0xa63b, 0xa61b, 0xa61b, 
    0xa5fb, 0x9dfb, 0x9dfb, 0x9ddb, 0x95db, 0x95db, 0x95db, 0x95db, 0x95db, 0x95bb, 0x95bb, 0x95db, 0x95db, 0x95bb, 0x95db, 0x95db, 0x9ddb, 0x9ddb, 0x9ddb, 0x9ddb, 
    0x9dfb, 0x9dfb, 0x9dfb, 0xa5fb, 0xa5fb, 0xa5fb, 0x9dfb, 0x9dfb, 0x9dfb, 0x9dfb, 0x9dfb, 0xa5fb, 0xa61b, 0xae3b, 0xb65c, 0xbe7c, 0xbe7c, 0xbe7c, 0xbe7c, 0xb67c, 
    0xbe7c, 0xbe7c, 0xbe7c, 0xb67c, 0xb67c, 0xb67c, 0xb67c, 0xb65c, 0xb65c, 0xb65b, 0xae3b, 0xae3b, 0xa61b, 0xa61b, 0xa61b, 0xa5fb, 0x9dfb, 0x9dfb, 0x9dfb, 0x9dfb, 
    0x9ddb, 0x95db, 0x95bb, 0x8dbb, 0x8d9b, 0x857a, 0x7d5a, 0x755a, 0x6d3a, 0x6d3a, 0x653a, 0x6d3a, 0x651a, 0x651a, 0x651a, 0x651a, 0x651a, 0x651a, 0x651a, 0x651a, 
    0x651a, 0x653a, 0x653a, 0x651a, 0x6d3a, 0x6d3a, 0x6d3a, 0x653a, 0x651a, 0x651a, 0x651a, 0x5d1a, 0x5cfa, 0x5cfa, 0x5cfa, 0x5cfa, 0x54fa, 0x54fa, 0x54fa, 0x54da, 
    0x54da, 0x54fa, 0x54da, 0x54da, 0x4cd9, 0x4cda, 0x4cda, 0x44b9, 0x44b9, 0x3cb9, 0x3499, 0x3499, 0x2c99, 0x2c99, 0x2499, 0x2479, 0x2479, 0x2479, 0x2479, 0x2479, 
    0x2479, 0x2479, 0x2479, 0x2479, 0x2479, 0x2479, 0x2479, 0x2479, 0x1c59, 0x1c59, 0x1c59, 0x1c59, 0x1c59, 0x1c79, 0x1c79, 0x2479, 0x2c79, 0x3499, 0x3499, 0x3499, 
    0x3499, 0x3c99, 0x3cb9, 0x3c99, 0x3cb9, 0x3c99, 0x3cb9, 0x3cb9, 0x3cb9, 0x3cb9, 0x44b9, 0x4cd9, 0x4cd9, 0x5cf9, 0x5cfa, 0x5d19, 0x5cf9, 0x651a, 0x6519, 0x6d3a, 
    0x6d3a, 0x753a, 0x755a, 0x7d7a, 0x7d7a, 0x7d7a, 0x7d7a, 0x7d7a, 0x857a, 0x857a, 0x7d7a, 0x7d7a, 0x7d7a, 0x859a, 0x8d9a, 0x8d9a, 0x95ba, 0x95da, 0x95ba, 0x8dba, 
    0x8dba, 0x8dba, 0x95bb, 0x95db, 0x9ddb, 0x9ddb, 0x9ddb, 0x9dfb, 0xa61b, 0xae3b, 0xae3b, 0xae3b, 0xae3b, 0xae3b, 0xae3b, 0xae3b, 0xae5b, 0xae5b, 0xb65c, 0xb67c, 
    0xb67c, 0xb67c, 0xb67c, 0xb65c, 0xae5c, 0xae5b, 0xae5c, 0xb67c, 0xae5c, 0xae5c, 0xae5c, 0xb67c, 0xb67c, 0xb67c, 0xb67c, 0xb67c, 0xb69c, 0xb67c, 0xb67c, 0xb67c, 
    0xb67c, 0xb67c, 0xb67c, 0xb67c, 0xb69c, 0xb67c, 0xb67c, 0xbe7c, 0xbe9c, 0xc6bc, 0xc6bc, 0xc6bc, 0xc6bc, 0xc6bc, 0xc6bc, 0xc6bc, 0xc6bc, 0xc6bc, 0xc6bc, 0xc6bc, 
    0xc6dc, 0xc6dc, 0xc6dc, 0xc6dd, 0xc6dd, 0xcefd, 0xcefd, 0xcedd, 0xc6bc, 0xc6dc, 0xc6dc, 0xc6bc, 0xc6bc, 0xc69c, 0xbebc, 0xbe9c, 0xbe9c, 0xbe9c, 0xbe9c, 0xbe9c, 
    0xbe9c, 0xbe9c, 0xbe9c, 0xbe9c, 0xbe9c, 0xbe9c, 0xbe9c, 0xbe7c, 0xbe7c, 0xb67c, 0xb67c, 0xb67c, 0xb65c, 0xb65c, 0xae5b, 0xae3b, 0xae3b, 0xae3b, 0xae3b, 0xa61b, 
    0xa61b, 0xa61b, 0xa61b, 0xa61b, 0xa61b, 0xa5fb, 0xa5fb, 0x9dfb, 0x9ddb, 0x9ddb, 0x9dda, 0x9dda, 0x95da, 0x95ba, 0x95ba, 0x95ba, 0x959a, 0x959a, 0x95ba, 0x95ba, 
    
    0xb67c, 0xbe7c, 0xbe9c, 0xbe7c, 0xb67c, 0xb65c, 0xb65c, 0xb65c, 0xae3c, 0xae3b, 0xae3b, 0xae3c, 0xae3b, 0xae3c, 0xae3c, 0xa63c, 0xa61b, 0xa63b, 0xa61b, 0xa61b, 
    0xa61b, 0xa5fb, 0x9dfb, 0x9dfb, 0x9dfb, 0x9dfb, 0x9dfb, 0x9ddb, 0x9ddb, 0x95db, 0x95db, 0x95db, 0x95db, 0x9ddb, 0x9ddb, 0x9ddb, 0x9ddb, 0x9dfb, 0x9dfb, 0x9dfb, 
    0xa5fb, 0xa61b, 0xa5fb, 0xa5fb, 0xa5fb, 0xa61b, 0xa61b, 0xa61b, 0xa61b, 0xa61b, 0xa61b, 0xae3b, 0xb65c, 0xb65c, 0xbe7c, 0xbe9c, 0xbe9c, 0xc6bc, 0xc6bc, 0xbe9c, 
    0xbe9c, 0xbe9c, 0xbe9c, 0xbe7c, 0xbe7c, 0xbe7c, 0xbe7c, 0xb67c, 0xb67c, 0xb65c, 0xae5b, 0xae3b, 0xae3b, 0xa61b, 0xa61b, 0xa61b, 0xa61b, 0xa61b, 0xa61b, 0xa61b, 
    0xa61b, 0x9dfb, 0x9ddb, 0x95db, 0x8dbb, 0x8dbb, 0x859a, 0x7d7a, 0x755a, 0x753a, 0x6d3a, 0x6d3a, 0x6d3a, 0x6d3a, 0x753a, 0x753a, 0x753a, 0x6d3a, 0x6d3a, 0x755a, 
    0x755a, 0x755a, 0x6d5a, 0x6d3a, 0x6d3a, 0x6d3a, 0x653a, 0x651a, 0x651a, 0x651a, 0x651a, 0x651a, 0x651a, 0x651a, 0x651a, 0x651a, 0x651a, 0x651a, 0x5d1a, 0x5d1a, 
    0x5cfa, 0x5cfa, 0x54fa, 0x54da, 0x54fa, 0x4cda, 0x4cda, 0x44b9, 0x44b9, 0x3cb9, 0x3499, 0x3499, 0x2c99, 0x2c99, 0x2499, 0x2499, 0x2499, 0x2499, 0x2479, 0x2c99, 
    0x2c79, 0x2c99, 0x2c79, 0x2c79, 0x2c79, 0x2c79, 0x2479, 0x2479, 0x2479, 0x1c79, 0x2479, 0x2479, 0x2c79, 0x2479, 0x2479, 0x2c79, 0x2c99, 0x2c99, 0x2c99, 0x2c99, 
    0x2c99, 0x2c99, 0x2c99, 0x3499, 0x3499, 0x3499, 0x3499, 0x3499, 0x3499, 0x3cb9, 0x3cb9, 0x44b9, 0x4cd9, 0x54f9, 0x54fa, 0x5cf9, 0x5d19, 0x5d19, 0x6519, 0x653a, 
    0x6d3a, 0x6d3a, 0x753a, 0x755a, 0x7d7a, 0x857a, 0x859a, 0x859a, 0x8dba, 0x8dbb, 0x8dbb, 0x8dba, 0x8d9a, 0x8dba, 0x95db, 0x9ddb, 0x9ddb, 0x9ddb, 0x9ddb, 0x95da, 
    0x95db, 0x95da, 0x95db, 0x9dfb, 0x9dfb, 0x9dfb, 0x9dfb, 0xa61b, 0xae3b, 0xb65c, 0xb65c, 0xb65c, 0xb65c, 0xb67c, 0xb67c, 0xbe7c, 0xbe7c, 0xbe7c, 0xbe7c, 0xbe7c, 
    0xbe9c, 0xbe9c, 0xbe9c, 0xbe7c, 0xb67c, 0xb67c, 0xb67c, 0xb67c, 0xb67c, 0xb67c, 0xb69c, 0xbe9c, 0xbe9c, 0xbe9c, 0xbe9c, 0xbe9c, 0xb69c, 0xb69c, 0xb69c, 0xb69c, 
    0xb67c, 0xb69c, 0xbe9c, 0xb69c, 0xbe9c, 0xbe9c, 0xbe9c, 0xbe9c, 0xc6bc, 0xc6bc, 0xc6bd, 0xc6bc, 0xc6bc, 0xc6bc, 0xc6bc, 0xc6bc, 0xc6bc, 0xc6bc, 0xc6bc, 0xc6bc, 
    0xc6bc, 0xc6dc, 0xcedd, 0xcedd, 0xcedd, 0xcefd, 0xcedd, 0xcedd, 0xc6dd, 0xc6bc, 0xc6bc, 0xc6bc, 0xc6bc, 0xc6bc, 0xc6bc, 0xc6bc, 0xc6bc, 0xc69c, 0xc6bc, 0xbe9c, 
    0xbe9c, 0xbe9c, 0xbe9c, 0xbe9c, 0xbe7c, 0xbe7c, 0xbe7c, 0xbe7c, 0xb67c, 0xb67c, 0xb67c, 0xb65c, 0xb65c, 0xae5b, 0xae3b, 0xae3b, 0xae3b, 0xae3b, 0xae3b, 0xa61b, 
    0xa61b, 0xa61b, 0xa61b, 0xa61b, 0xa5fb, 0xa5fb, 0x9dfb, 0x9dfb, 0x9ddb, 0x9dda, 0x95ba, 0x95ba, 0x95ba, 0x95ba, 0x8d9a, 0x8d9a, 0x8d9a, 0x8d9a, 0x8d9a, 0x8d9a, 
    
    0xbe7c, 0xbe9c, 0xbe9c, 0xbe9c, 0xbe9c, 0xbe7c, 0xbe7c, 0xbe9c, 0xb67c, 0xae5c, 0xae5c, 0xae5c, 0xae5c, 0xae5c, 0xae5c, 0xae5c, 0xae3c, 0xae3c, 0xae3b, 0xae3b, 
    0xa63b, 0xa61b, 0xa61b, 0xa61b, 0xa61b, 0xa61b, 0xa61b, 0x9dfb, 0x9dfb, 0x9ddb, 0x9ddb, 0x95db, 0x95db, 0x9ddb, 0x9dfb, 0x9dfb, 0x9dfb, 0x9dfb, 0x9dfb, 0xa61b, 
    0xa61b, 0xa61b, 0xa61b, 0xa61b, 0xa61b, 0xa61b, 0xae3b, 0xae3b, 0xae3c, 0xae3b, 0xb65c, 0xb65c, 0xb67c, 0xbe7c, 0xbe9c, 0xc6bc, 0xc6bc, 0xc6bc, 0xc6bc, 0xc6bc, 
    0xc6bc, 0xc6bc, 0xc69c, 0xc6bc, 0xbe9c, 0xbe9c, 0xbe9c, 0xbe9c, 0xb67c, 0xb67c, 0xb65c, 0xae5c, 0xae3b, 0xa63b, 0xa61b, 0xae3b, 0xae3b, 0xae3b, 0xae3b, 0xae3b, 
    0xae5c, 0xae3c, 0xa61b, 0xa5fb, 0x9dfb, 0x95db, 0x95bb, 0x8dbb, 0x859a, 0x7d7a, 0x7d7a, 0x7d7a, 0x7d7b, 0x859b, 0x859b, 0x859a, 0x7d7a, 0x7d7a, 0x7d5a, 0x755a, 
    0x755a, 0x755a, 0x755a, 0x6d3a, 0x6d3a, 0x6d3a, 0x6d3a, 0x6d3a, 0x6d3a, 0x6d3a, 0x6d5a, 0x755a, 0x755a, 0x6d3a, 0x6d3a, 0x6d3a, 0x6d3a, 0x6d3a, 0x653a, 0x651a, 
    0x651a, 0x5cfa, 0x5cfa, 0x54fa, 0x54da, 0x4cda, 0x4cda, 0x4cda, 0x44b9, 0x44b9, 0x3cb9, 0x3cb9, 0x34b9, 0x3499, 0x3499, 0x3499, 0x3499, 0x3499, 0x3499, 0x3499, 
    0x3499, 0x3499, 0x3499, 0x3499, 0x3499, 0x2c99, 0x2c79, 0x2c99, 0x3499, 0x2c99, 0x2c99, 0x3499, 0x2c79, 0x2c79, 0x2c79, 0x2c79, 0x2c99, 0x2499, 0x2499, 0x2499, 
    0x2499, 0x2499, 0x2c99, 0x2c99, 0x2c99, 0x3499, 0x3499, 0x3499, 0x3499, 0x34b9, 0x3cb9, 0x44d9, 0x54d9, 0x5cfa, 0x5cfa, 0x5d1a, 0x5cf9, 0x5d19, 0x6519, 0x6519, 
    0x6d3a, 0x6d3a, 0x753a, 0x755a, 0x755a, 0x7d5a, 0x7d7a, 0x859a, 0x8dbb, 0x95db, 0x95db, 0x95db, 0x95db, 0x95db, 0x9dfb, 0xa61b, 0x9dfb, 0x9dfb, 0x9dfb, 0x9dfb, 
    0x9ddb, 0x9dfb, 0x9dfb, 0xa5fb, 0xa61b, 0xa61b, 0xa61b, 0xae3b, 0xb65c, 0xb67c, 0xb67c, 0xbe7c, 0xbe9c, 0xbe9c, 0xbe9c, 0xc6bc, 0xc6bc, 0xc6bc, 0xc6bc, 0xc6bc, 
    0xc6bc, 0xc6bc, 0xc6bc, 0xc6bc, 0xc6bc, 0xc6bc, 0xc6bc, 0xc6bc, 0xbebc, 0xbebc, 0xc6bc, 0xc6bc, 0xc6bc, 0xc6bc, 0xc6bc, 0xbebc, 0xbebc, 0xbebc, 0xbebc, 0xbe9c, 
    0xbe9c, 0xbe9c, 0xbe9c, 0xbe9c, 0xbe9c, 0xbe9c, 0xbe9c, 0xbe9c, 0xbe9c, 0xc6bc, 0xc6bd, 0xc6bd, 0xc6bc, 0xc6bc, 0xc6dc, 0xc6dc, 0xc6dd, 0xc6bc, 0xc6bc, 0xc6dc, 
    0xc6dd, 0xc6dd, 0xcedd, 0xcedd, 0xcefd, 0xcedd, 0xcedd, 0xcedd, 0xcedd, 0xcedd, 0xcedd, 0xcedd, 0xcedd, 0xcedd, 0xc6dc, 0xc6bc, 0xc6bc, 0xc6bc, 0xc6bc, 0xc6bc, 
    0xbebc, 0xbe9c, 0xbe9c, 0xbe9c, 0xbe9c, 0xbe9c, 0xbe7c, 0xbe7c, 0xb67c, 0xb65c, 0xb65c, 0xb65c, 0xb65b, 0xae3b, 0xae3b, 0xae3b, 0xae3b, 0xae3b, 0xae3b, 0xa61b, 
    0xa61b, 0xa61b, 0xa61b, 0xa61b, 0xa5fb, 0xa5fb, 0x9dfb, 0x9dfb, 0x9dfb, 0x9dda, 0x95da, 0x95ba, 0x95ba, 0x8d9a, 0x8d9a, 0x8d9a, 0x8d9a, 0x8d9a, 0x8d9a, 0x8d9a, 
    
    0xbe7c, 0xbe9c, 0xbe9c, 0xbe9c, 0xbe9c, 0xbe9c, 0xbe9c, 0xbe9c, 0xbe9c, 0xb67c, 0xb67c, 0xb67c, 0xb67c, 0xae5c, 0xae5c, 0xae5c, 0xb65c, 0xae5c, 0xae5c, 0xae3b, 
    0xae3c, 0xae3c, 0xae3c, 0xae3b, 0xa63b, 0xa61b, 0xa61b, 0x9e1b, 0x9dfb, 0x9dfb, 0x9dfb, 0x9dfb, 0x9dfb, 0x9ddb, 0x9dfb, 0xa5fb, 0xa5fb, 0xa5fb, 0xa5fb, 0xa61b, 
    0xa61b, 0xa61b, 0xa61b, 0xa61b, 0xae3b, 0xae5b, 0xb65c, 0xb67c, 0xb67c, 0xbe7c, 0xbe7c, 0xbe7c, 0xbe9c, 0xbe9c, 0xc6bc, 0xc6bc, 0xc6bc, 0xc6bc, 0xc6bc, 0xc6bc, 
    0xc6bc, 0xc6bc, 0xc6bc, 0xc6bc, 0xc6bc, 0xc6bc, 0xc6bc, 0xbe9c, 0xbe9c, 0xb67c, 0xb67c, 0xb65c, 0xae5b, 0xae5b, 0xae5c, 0xae5c, 0xae3b, 0xae3b, 0xae3b, 0xb65c, 
    0xb67c, 0xb67c, 0xae5c, 0xa63b, 0xa61b, 0xa61b, 0x9dfb, 0x9ddb, 0x95db, 0x95bb, 0x95db, 0x95db, 0x95db, 0x95db, 0x95bb, 0x8dbb, 0x859b, 0x859b, 0x7d7a, 0x7d7a, 
    0x7d7a, 0x755a, 0x755a, 0x755a, 0x755a, 0x755a, 0x755a, 0x755a, 0x755a, 0x755a, 0x757b, 0x7d7a, 0x757a, 0x755a, 0x755a, 0x755a, 0x755a, 0x6d5a, 0x6d3a, 0x6d3a, 
    0x651a, 0x651a, 0x5d1a, 0x5cfa, 0x5cfa, 0x5cfa, 0x54fa, 0x54fa, 0x54fa, 0x4cda, 0x4cd9, 0x44d9, 0x44d9, 0x44d9, 0x44b9, 0x44b9, 0x44b9, 0x44b9, 0x44b9, 0x44b9, 
    0x44b9, 0x3cb9, 0x3cb9, 0x3c99, 0x3c99, 0x3c99, 0x3c99, 0x3c99, 0x3cb9, 0x3cb9, 0x3c99, 0x3499, 0x3499, 0x3499, 0x3499, 0x3499, 0x2c99, 0x2c99, 0x2c99, 0x2c99, 
    0x2c99, 0x2c99, 0x2c99, 0x3499, 0x3499, 0x3cb9, 0x3cb9, 0x44b9, 0x44b9, 0x44d9, 0x4cd9, 0x54f9, 0x54f9, 0x54f9, 0x54f9, 0x54f9, 0x54f9, 0x5d19, 0x651a, 0x6d3a, 
    0x6d3a, 0x755a, 0x755a, 0x755a, 0x7d5a, 0x7d5a, 0x7d5a, 0x857a, 0x8dba, 0x95db, 0x9ddb, 0x9dfb, 0x9dfb, 0xa5fb, 0xa61b, 0xa61b, 0xa61b, 0xa61b, 0xa61b, 0xa61b, 
    0x9dfb, 0x9dfb, 0xa5fb, 0xa61b, 0xae3b, 0xae3b, 0xae3b, 0xb65c, 0xb67c, 0xb67c, 0xbe7c, 0xbe9c, 0xbe9c, 0xc6bc, 0xc6bc, 0xc6bc, 0xc6bc, 0xcedd, 0xcedd, 0xcefd, 
    0xcefd, 0xcefd, 0xcefd, 0xcefd, 0xcefd, 0xcefd, 0xcefd, 0xcefd, 0xcefd, 0xcedd, 0xcedd, 0xcefd, 0xcedd, 0xcedd, 0xcedd, 0xcedd, 0xc6dd, 0xc6dd, 0xc6dc, 0xc6dd, 
    0xc6bc, 0xc6bc, 0xc6bc, 0xc6bc, 0xc6bc, 0xc6bc, 0xbe9c, 0xbe9c, 0xbe9c, 0xbe9c, 0xbe9c, 0xbe9c, 0xbe9c, 0xbebc, 0xc6bc, 0xc6bc, 0xc6bc, 0xc6dd, 0xc6dd, 0xc6dd, 
    0xcedd, 0xcedd, 0xcedd, 0xcefd, 0xcedd, 0xcedd, 0xcedd, 0xcedd, 0xcefd, 0xcefd, 0xcefd, 0xcefd, 0xcefd, 0xcefd, 0xcefd, 0xcedd, 0xc6dd, 0xc6bc, 0xc6bc, 0xc6bc, 
    0xc6bc, 0xc6bc, 0xbe9c, 0xbe9c, 0xbe9c, 0xbe9c, 0xbe9c, 0xbe7c, 0xbe7c, 0xb67c, 0xb67c, 0xb65c, 0xb65c, 0xae5b, 0xae3b, 0xae3b, 0xae3b, 0xae3b, 0xa63b, 0xa61b, 
    0xa61b, 0xa61b, 0xa61b, 0xa61b, 0xa61b, 0xa61b, 0xa5fb, 0xa5fb, 0xa5fb, 0x9dfb, 0x9dfb, 0x95db, 0x95ba, 0x95ba, 0x8d9a, 0x8d9a, 0x8d9a, 0x8d9a, 0x8d9a, 0x8d9a, 
    
    0xbe9c, 0xbe9d, 0xbebc, 0xc6bd, 0xc6bd, 0xc6bd, 0xc6bd, 0xc6bc, 0xbebc, 0xbe9d, 0xbe9c, 0xb67c, 0xb67c, 0xb65c, 0xb65c, 0xae5c, 0xb65c, 0xb65c, 0xb65c, 0xb65c, 
    0xb65c, 0xb65c, 0xb65c, 0xb65c, 0xae5c, 0xae3c, 0xa61b, 0xa61b, 0x9dfb, 0xa61b, 0xa61b, 0xa61b, 0xa61b, 0xa61b, 0xa61b, 0xa61b, 0xa5fb, 0xa5fb, 0xa61b, 0xa61b, 
    0xa61b, 0xa61b, 0xae3b, 0xae3b, 0xae3b, 0xb65c, 0xb67c, 0xbe7c, 0xbe7c, 0xbe9c, 0xbe9c, 0xbe9c, 0xbe9c, 0xc6bc, 0xc6bc, 0xc6bc, 0xc6bc, 0xc6dc, 0xc6dc, 0xc6dc, 
    0xc6bc, 0xc6bc, 0xc6dc, 0xc6dc, 0xc6bc, 0xc6bc, 0xc6bc, 0xc69c, 0xbe9c, 0xbe9c, 0xbe7c, 0xbe7c, 0xbe7c, 0xbe7c, 0xb67c, 0xb67c, 0xb67c, 0xb65c, 0xb65c, 0xb67c, 
    0xb67c, 0xb67c, 0xb65c, 0xae3b, 0xa61b, 0xa61b, 0xa63b, 0xa63b, 0xa61b, 0xa61b, 0x9e1b, 0x9dfb, 0x9dfb, 0x95db, 0x95db, 0x95bb, 0x8dbb, 0x8dbb, 0x859b, 0x859b, 
    0x859b, 0x859b, 0x859b, 0x859b, 0x859b, 0x859b, 0x859b, 0x7d9b, 0x7d9b, 0x857b, 0x859b, 0x859b, 0x859b, 0x859b, 0x857b, 0x7d7b, 0x7d7b, 0x755a, 0x755a, 0x755a, 
    0x6d5a, 0x6d3a, 0x6d3a, 0x653a, 0x651a, 0x5d1a, 0x5d1a, 0x5d1a, 0x5cfa, 0x54fa, 0x54fa, 0x54fa, 0x54fa, 0x54fa, 0x54fa, 0x54da, 0x54da, 0x54da, 0x4cd9, 0x4cd9, 
    0x4cd9, 0x4cd9, 0x4cb9, 0x44b9, 0x44b9, 0x44b9, 0x44b9, 0x44b9, 0x44b9, 0x3cb9, 0x3cb9, 0x3cb9, 0x44b9, 0x44b9, 0x44b9, 0x3cb9, 0x3cb9, 0x3cb9, 0x3cb9, 0x3cb9, 
    0x44d9, 0x4cd9, 0x44d9, 0x44d9, 0x44d9, 0x4cd9, 0x4cd9, 0x4cd9, 0x4cd9, 0x54d9, 0x54f9, 0x54f9, 0x54f9, 0x54fa, 0x5d1a, 0x5d1a, 0x5d1a, 0x651a, 0x653a, 0x6d3a, 
    0x755a, 0x755a, 0x755a, 0x7d5a, 0x7d7a, 0x7d7a, 0x859a, 0x859a, 0x8d9a, 0x95db, 0x9dfb, 0x9dfb, 0xa61b, 0xae3b, 0xae3b, 0xae3b, 0xa63b, 0xae3b, 0xae3b, 0xae3b, 
    0xa61b, 0xa61b, 0xa61b, 0xa61b, 0xae3b, 0xb65b, 0xb65c, 0xb67c, 0xbe7c, 0xbe9c, 0xbe9c, 0xbebc, 0xc6bc, 0xc6bc, 0xc6dc, 0xcedd, 0xcedd, 0xcefd, 0xcefd, 0xcefd, 
    0xcefd, 0xcefd, 0xcefd, 0xd71d, 0xd71d, 0xd6fd, 0xcefd, 0xcefd, 0xcefd, 0xcefd, 0xcefd, 0xcefd, 0xcefd, 0xcefd, 0xcefd, 0xcedd, 0xcedd, 0xc6dd, 0xc6dd, 0xc6dd, 
    0xc6dc, 0xc6dc, 0xc6dd, 0xc6dd, 0xc6dc, 0xc6bc, 0xc6bc, 0xbebc, 0xbe9c, 0xbe9c, 0xbe9c, 0xbe9c, 0xbe9c, 0xbe9c, 0xbe9c, 0xbebc, 0xc6bc, 0xc6bc, 0xc6bc, 0xc6bc, 
    0xc6bc, 0xc6dc, 0xcedd, 0xcefd, 0xcefd, 0xcefd, 0xcefd, 0xcefd, 0xcefd, 0xcefd, 0xcefd, 0xcedd, 0xcedd, 0xcedd, 0xcedd, 0xcedd, 0xcedd, 0xcedd, 0xc6bc, 0xc6bc, 
    0xc6bc, 0xc6bc, 0xc69c, 0xc6bc, 0xc6bc, 0xc6bc, 0xbe9c, 0xbe9c, 0xbe7c, 0xb67c, 0xb67c, 0xb65c, 0xb65c, 0xb65c, 0xae3b, 0xae3b, 0xae3b, 0xae3b, 0xae3b, 0xae3b, 
    0xa61b, 0xa61b, 0xa61b, 0xa61b, 0xa5fb, 0xa5fb, 0x9dfb, 0x9dfb, 0x9dfb, 0x9dfb, 0x9dfb, 0x95da, 0x95da, 0x95ba, 0x8dba, 0x8d9a, 0x8d9a, 0x859a, 0x857a, 0x857a, 
    
    0xbe9c, 0xbe9c, 0xbebd, 0xc6bd, 0xc6dd, 0xc6dd, 0xcedd, 0xcedd, 0xcedd, 0xc6dd, 0xc6dd, 0xc6bd, 0xbe9c, 0xbe7c, 0xb67c, 0xb67c, 0xb67c, 0xb67c, 0xb67c, 0xbe7c, 
    0xb67c, 0xb67c, 0xb67c, 0xb67c, 0xb67c, 0xb67c, 0xb65c, 0xae3c, 0xa63b, 0xa61b, 0xa63b, 0xae3b, 0xae3c, 0xae3c, 0xae3c, 0xae3b, 0xa61b, 0xa61b, 0xa61b, 0xa61b, 
    0xa61b, 0xae3b, 0xae3b, 0xae3b, 0xae5b, 0xb65c, 0xbe7c, 0xbe7c, 0xbe9c, 0xc69c, 0xc69c, 0xc69c, 0xc69c, 0xc69c, 0xc6bc, 0xc6bc, 0xc6dc, 0xcedd, 0xcedd, 0xcedd, 
    0xcedd, 0xcedd, 0xcedd, 0xcedd, 0xc6bc, 0xc6bc, 0xc6bc, 0xc6bc, 0xc6bc, 0xc6bc, 0xc6bc, 0xc6bc, 0xc6bc, 0xbe9c, 0xbe9c, 0xbe9c, 0xbe9c, 0xbe9c, 0xbe9c, 0xbe7c, 
    0xb67c, 0xb67c, 0xb67c, 0xae5b, 0xae3b, 0xae3b, 0xae3b, 0xae3c, 0xae5c, 0xae3b, 0xae3b, 0xa61b, 0x9e1b, 0x9dfb, 0x9dfb, 0x9dfb, 0x9dfb, 0x9dfb, 0x95db, 0x95db, 
    0x8ddb, 0x8dbb, 0x8dbb, 0x8dbb, 0x8d9b, 0x859b, 0x8d9b, 0x8dbb, 0x8dbb, 0x8dbb, 0x8dbb, 0x8dbb, 0x859b, 0x859b, 0x859b, 0x859b, 0x859b, 0x7d7a, 0x7d7a, 0x757a, 
    0x755a, 0x755a, 0x755a, 0x6d3a, 0x6d3a, 0x6d3a, 0x6d3a, 0x653a, 0x651a, 0x653a, 0x651a, 0x653a, 0x651a, 0x651a, 0x5d1a, 0x5cfa, 0x5cfa, 0x5cfa, 0x54fa, 0x54fa, 
    0x54fa, 0x54fa, 0x54d9, 0x54d9, 0x54d9, 0x4cda, 0x4cda, 0x4cda, 0x4cda, 0x4cda, 0x4cda, 0x4cda, 0x54da, 0x54fa, 0x54fa, 0x54fa, 0x54fa, 0x5cfa, 0x5d1a, 0x5d1a, 
    0x5d1a, 0x5cfa, 0x54f9, 0x54f9, 0x54fa, 0x5cfa, 0x5cfa, 0x5d1a, 0x5d1a, 0x5cfa, 0x5cfa, 0x54f9, 0x5cfa, 0x5d1a, 0x651a, 0x651a, 0x653a, 0x6d3a, 0x6d5a, 0x755a, 
    0x755a, 0x755a, 0x755a, 0x7d7a, 0x859a, 0x8d9a, 0x8d9a, 0x8dbb, 0x95bb, 0x95db, 0x9dfb, 0xa61b, 0xa63b, 0xae3b, 0xae3b, 0xae3b, 0xae3b, 0xae3b, 0xb65b, 0xb65c, 
    0xae5b, 0xae3b, 0xae5b, 0xae5b, 0xb65c, 0xb67c, 0xb67c, 0xbe9c, 0xbe9c, 0xbe9c, 0xbe9c, 0xc6bc, 0xc6bc, 0xc6dc, 0xcedd, 0xcefd, 0xcefd, 0xcefd, 0xcefd, 0xcefd, 
    0xcefd, 0xcefd, 0xcefd, 0xcefd, 0xcefd, 0xcefd, 0xcefd, 0xcefd, 0xcefd, 0xcefd, 0xcefd, 0xcefd, 0xcefd, 0xcefd, 0xcefd, 0xcefd, 0xcefd, 0xcefd, 0xcefd, 0xcefd, 
    0xcefd, 0xcefd, 0xcedd, 0xcedd, 0xc6dd, 0xc6bc, 0xc6bc, 0xc6bc, 0xc6bc, 0xbebc, 0xbe9c, 0xbe9c, 0xbebc, 0xbe9c, 0xbe9c, 0xbe9c, 0xbe9c, 0xbe9c, 0xbe9c, 0xbe9c, 
    0xc6bc, 0xc6bc, 0xcedd, 0xcefd, 0xcefd, 0xcefd, 0xcefd, 0xcefd, 0xcefd, 0xcefd, 0xcefd, 0xcefd, 0xcedd, 0xcedd, 0xcedd, 0xcefd, 0xcefd, 0xcefd, 0xcefd, 0xcedd, 
    0xcedd, 0xc6dd, 0xc6dd, 0xc6bc, 0xc6bc, 0xc6bc, 0xbe9c, 0xbe9c, 0xbe9c, 0xbe7c, 0xbe7c, 0xbe7c, 0xb67c, 0xb65c, 0xb65c, 0xb65c, 0xae5b, 0xae3b, 0xae3b, 0xae3b, 
    0xa61b, 0xa61b, 0xa5fb, 0xa5fb, 0x9dfb, 0x9ddb, 0x9ddb, 0x9ddb, 0x9ddb, 0x9dda, 0x95da, 0x95da, 0x95ba, 0x95ba, 0x95ba, 0x8d9a, 0x8d9a, 0x8d9a, 0x8d9a, 0x8d9a, 
    
    0xbebc, 0xc6bd, 0xc6bd, 0xc6bd, 0xc6bd, 0xc6bd, 0xc6bd, 0xcedd, 0xcefd, 0xcefd, 0xcedd, 0xcedd, 0xc6bd, 0xc6bd, 0xbebd, 0xbe9c, 0xbe9c, 0xbe9c, 0xbe9c, 0xbe9c, 
    0xbe9c, 0xbe7c, 0xbe7c, 0xbe7c, 0xbe7c, 0xbe7c, 0xbe7c, 0xb67c, 0xb65c, 0xae5c, 0xae5c, 0xae5c, 0xae5c, 0xae5c, 0xae5c, 0xae3c, 0xae3b, 0xae3b, 0xae3c, 0xae3b, 
    0xae3b, 0xae3b, 0xae3b, 0xae3b, 0xb65c, 0xb67c, 0xbe7c, 0xbe9c, 0xc69c, 0xc6bc, 0xc6bc, 0xc69c, 0xc69c, 0xc6bc, 0xc6bc, 0xc6bc, 0xc6dc, 0xcedd, 0xcedd, 0xcefd, 
    0xcedd, 0xcedd, 0xcedd, 0xcedd, 0xcedd, 0xc6bc, 0xc6bc, 0xc6dc, 0xc6dc, 0xcedc, 0xcedd, 0xcedd, 0xc6bc, 0xc6bc, 0xc6bc, 0xc6bc, 0xbe9c, 0xbe9c, 0xbe9c, 0xbe9c, 
    0xbe7c, 0xb67c, 0xb67c, 0xb67c, 0xb67c, 0xb65c, 0xae5c, 0xae5c, 0xae3c, 0xae5c, 0xae5b, 0xae3b, 0xae3c, 0xae3c, 0xae5c, 0xae5c, 0xae3c, 0xa63b, 0xa61b, 0x9e1b, 
    0x9dfb, 0x95db, 0x95db, 0x95db, 0x95db, 0x95db, 0x95db, 0x95db, 0x95db, 0x8ddb, 0x8dbb, 0x8ddb, 0x8dbb, 0x8dbb, 0x8dbb, 0x8dbb, 0x85bb, 0x859b, 0x859b, 0x7d9b, 
    0x7d7b, 0x7d7b, 0x7d7a, 0x7d7a, 0x757a, 0x7d7a, 0x7d7a, 0x757a, 0x757a, 0x755a, 0x755a, 0x755a, 0x755a, 0x6d5a, 0x6d3a, 0x6d3a, 0x653a, 0x653a, 0x653a, 0x651a, 
    0x651a, 0x651a, 0x651a, 0x651a, 0x651a, 0x6d3a, 0x6d3a, 0x6d3a, 0x755a, 0x755a, 0x755a, 0x755a, 0x755a, 0x755a, 0x755a, 0x755a, 0x755a, 0x755a, 0x755a, 0x6d3a, 
    0x6d3a, 0x6d3a, 0x6d3a, 0x6d3a, 0x6d3a, 0x6d3a, 0x6d3a, 0x6d3a, 0x653a, 0x651a, 0x651a, 0x651a, 0x651a, 0x651a, 0x653a, 0x6d3a, 0x6d3a, 0x6d5a, 0x755a, 0x755a, 
    0x755a, 0x755a, 0x7d7a, 0x859a, 0x8dba, 0x8dbb, 0x8dba, 0x8dbb, 0x95db, 0x95db, 0x9dfb, 0xa61b, 0xa63b, 0xae3b, 0xae5b, 0xae5b, 0xae5b, 0xb65c, 0xb67c, 0xb67c, 
    0xb67c, 0xb67c, 0xb67c, 0xbe7c, 0xbe7c, 0xbe9c, 0xbe9c, 0xbe9c, 0xbe9c, 0xc6bc, 0xc6bc, 0xc6dc, 0xcedd, 0xcedd, 0xcefd, 0xcefd, 0xcefd, 0xcefd, 0xcefd, 0xcefd, 
    0xcefd, 0xcefd, 0xcefd, 0xcefd, 0xcefd, 0xcefd, 0xcefd, 0xcefd, 0xcefd, 0xcefd, 0xcefd, 0xcedd, 0xcedd, 0xcefd, 0xcefd, 0xcefd, 0xcefd, 0xcefd, 0xcefd, 0xcefd, 
    0xcefd, 0xcefd, 0xcefd, 0xcedd, 0xcedd, 0xc6dd, 0xc6dc, 0xc6dd, 0xc6dc, 0xc6bc, 0xc6bc, 0xc6bc, 0xc6bc, 0xbebc, 0xbe9c, 0xbe9c, 0xbe9c, 0xbe9c, 0xbe9c, 0xc6bc, 
    0xc6bc, 0xc6dc, 0xc6dc, 0xc6dd, 0xcefd, 0xcf1d, 0xcefd, 0xcefd, 0xcefd, 0xcefd, 0xcefd, 0xcedd, 0xcedd, 0xcedd, 0xcedd, 0xcefd, 0xcefd, 0xcefd, 0xcefd, 0xcefd, 
    0xcefd, 0xcefd, 0xcefd, 0xcedd, 0xc6dd, 0xc6bc, 0xbe9c, 0xbe9c, 0xbe9c, 0xbe9c, 0xbe9c, 0xbe7c, 0xbe7c, 0xbe7c, 0xb67c, 0xb67c, 0xb65c, 0xb65c, 0xae3b, 0xae3b, 
    0xae3b, 0xae1b, 0xa61b, 0xa61b, 0xa61b, 0xa5fb, 0xa5fb, 0x9dfb, 0x9dfb, 0x9dfb, 0x9dfb, 0x9dda, 0x95da, 0x95da, 0x95da, 0x95db, 0x95bb, 0x95bb, 0x95bb, 0x95bb, 
    
    0xbe9d, 0xbe9c, 0xbebd, 0xc6bd, 0xc6bd, 0xc6bd, 0xc6bd, 0xc6bd, 0xc6dd, 0xcedd, 0xcedd, 0xcedd, 0xcedd, 0xc6bd, 0xc6bd, 0xc6bc, 0xc6bd, 0xc6bd, 0xc6bd, 0xc6bd, 
    0xc69d, 0xbe9c, 0xbebc, 0xbebc, 0xbe9c, 0xbe9c, 0xbe9c, 0xbe9c, 0xbe9c, 0xbe7c, 0xbe7c, 0xb67c, 0xb67c, 0xb67c, 0xb65c, 0xb65c, 0xae5c, 0xae5c, 0xae5c, 0xae5c, 
    0xae5c, 0xae3b, 0xae3b, 0xae5b, 0xb65c, 0xb67c, 0xbe7c, 0xbe9c, 0xc6bc, 0xc6bc, 0xc6bc, 0xc6bc, 0xc6bc, 0xc69c, 0xc6bc, 0xc6bc, 0xcedc, 0xcedd, 0xcedd, 0xcefd, 
    0xcefd, 0xcefd, 0xcefd, 0xcefd, 0xcedd, 0xcedd, 0xcedd, 0xcedd, 0xcedd, 0xcefd, 0xcefd, 0xcedd, 0xcedd, 0xcedd, 0xc6dc, 0xc6dc, 0xc6bc, 0xc6bc, 0xc6bc, 0xc6bc, 
    0xc6bc, 0xbe9c, 0xbe9c, 0xbe9c, 0xbe9c, 0xbe9c, 0xb67c, 0xb67c, 0xb67c, 0xb67c, 0xb67c, 0xb67c, 0xb67c, 0xbe7c, 0xb67c, 0xb67c, 0xb67c, 0xb65c, 0xae5c, 0xae5c, 
    0xa63b, 0xa61b, 0x9dfb, 0x9dfb, 0x9dfb, 0x9dfb, 0x9dfb, 0x9dfb, 0x9dfb, 0x9dfb, 0x9dfb, 0x9dfb, 0x9dfb, 0x95db, 0x95db, 0x8ddb, 0x8dbb, 0x8dbb, 0x8dbb, 0x8dbb, 
    0x8dbb, 0x8dbb, 0x8dbb, 0x8dbb, 0x8ddb, 0x8ddb, 0x8ddb, 0x85bb, 0x85bb, 0x859b, 0x859b, 0x859b, 0x859b, 0x859b, 0x7d9b, 0x7d9a, 0x7d7a, 0x7d7a, 0x7d7a, 0x7d7a, 
    0x7d7a, 0x7d7a, 0x7d7b, 0x7d7b, 0x857a, 0x859b, 0x859b, 0x8dbb, 0x8dbb, 0x95db, 0x95db, 0x95db, 0x95db, 0x95bb, 0x8dbb, 0x859b, 0x859b, 0x7d7a, 0x7d7b, 0x7d7a, 
    0x7d7a, 0x7d7b, 0x7d7b, 0x7d7a, 0x7d7a, 0x757a, 0x757a, 0x755a, 0x6d5a, 0x653a, 0x653a, 0x653a, 0x653a, 0x6d3a, 0x6d3a, 0x6d5a, 0x755a, 0x755a, 0x755a, 0x7d7a, 
    0x7d7a, 0x7d7a, 0x857a, 0x859a, 0x859a, 0x8d9a, 0x8d9a, 0x8dba, 0x95da, 0x9ddb, 0x9dfb, 0x9dfb, 0xa61b, 0xae3b, 0xae3b, 0xae3b, 0xae3b, 0xb65b, 0xb65c, 0xb67c, 
    0xbe7c, 0xbe7c, 0xbe9c, 0xbe9c, 0xbe9c, 0xbe9c, 0xbe9c, 0xbe9c, 0xc69c, 0xc6bc, 0xc6bc, 0xc6bc, 0xc6bc, 0xc6bc, 0xc6bc, 0xc6bc, 0xc6bc, 0xc6bc, 0xc6bc, 0xc6bc, 
    0xc6bc, 0xc6bc, 0xc6bc, 0xc6bc, 0xc6dc, 0xc6dd, 0xcedd, 0xc6dd, 0xc6dd, 0xc6dc, 0xc6bd, 0xc6bc, 0xc6bc, 0xc6bc, 0xc6dc, 0xcedd, 0xcedd, 0xcedd, 0xcedd, 0xcedd, 
    0xcedd, 0xcefd, 0xcefd, 0xcefd, 0xcedd, 0xcedd, 0xc6dd, 0xc6dd, 0xc6dd, 0xc6dd, 0xc6dc, 0xc6bc, 0xc6bc, 0xc6bc, 0xc6bc, 0xc6bc, 0xc6bc, 0xc6bc, 0xc6bc, 0xc6bc, 
    0xc6bc, 0xc6bc, 0xc6bc, 0xc6bc, 0xc6dc, 0xcf1d, 0xd73e, 0xcefd, 0xcedd, 0xcefd, 0xcefd, 0xcefd, 0xcefd, 0xcefd, 0xcefd, 0xcedd, 0xcefd, 0xcefd, 0xcefd, 0xd71d, 
    0xd71d, 0xcefd, 0xcefd, 0xd71d, 0xd73d, 0xd71d, 0xcedd, 0xc6bc, 0xc6bc, 0xbe9c, 0xbe9c, 0xbe7c, 0xbe9c, 0xbe7c, 0xbe7c, 0xb67c, 0xb67c, 0xb67c, 0xb65c, 0xb65b, 
    0xae3b, 0xae3b, 0xae3b, 0xa61b, 0xa61b, 0xa61b, 0xa61b, 0xa5fb, 0x9dfb, 0x9dfb, 0x9dfb, 0x9dfb, 0x9ddb, 0x95da, 0x95db, 0x95db, 0x95db, 0x95bb, 0x95bb, 0x8d9a, 
    
    0xbe7c, 0xbe9c, 0xbebd, 0xc6bd, 0xc6bd, 0xc6bd, 0xc6bd, 0xc6bd, 0xc6bd, 0xcedd, 0xcedd, 0xcedd, 0xcedd, 0xcedd, 0xc6dd, 0xc6dd, 0xc6dd, 0xc6bc, 0xc6bd, 0xc6bd, 
    0xc6bc, 0xc6bc, 0xc6bc, 0xc6bc, 0xc6bc, 0xc6bc, 0xc6bc, 0xc6bc, 0xc6bc, 0xc6bc, 0xc6bc, 0xc6bc, 0xbe9c, 0xbe9c, 0xbe9c, 0xbe9c, 0xbe9c, 0xb67c, 0xb67c, 0xb65c, 
    0xb65c, 0xb65c, 0xb65c, 0xb65c, 0xb65c, 0xb67c, 0xbe7c, 0xbe9c, 0xc6bc, 0xc6bc, 0xc6bc, 0xc6bc, 0xc6bc, 0xc6bc, 0xc6bc, 0xc6dc, 0xcedd, 0xcedd, 0xcefd, 0xd6fd, 
    0xd6fd, 0xd6fd, 0xcefd, 0xcefd, 0xcefd, 0xcedd, 0xcedd, 0xcefd, 0xcefd, 0xcefd, 0xcefd, 0xcefd, 0xcefd, 0xcefd, 0xcefd, 0xcefd, 0xcefd, 0xcefd, 0xcefd, 0xcedd, 
    0xcedd, 0xcedd, 0xc6dd, 0xc6dc, 0xc6bc, 0xc6bc, 0xc6bc, 0xc6bc, 0xc6bc, 0xc6bc, 0xc6bc, 0xc6bc, 0xc6bc, 0xbe9c, 0xbe9c, 0xbe9c, 0xbe9c, 0xbe7c, 0xbe7c, 0xb67c, 
    0xb67c, 0xb65c, 0xae5c, 0xae3b, 0xae3c, 0xae3c, 0xae3b, 0xae3b, 0xae3c, 0xa63c, 0xa63b, 0xa63b, 0xa61b, 0xa61b, 0xa61b, 0x9dfb, 0x9dfb, 0x95db, 0x95db, 0x9dfb, 
    0x9dfb, 0x9dfb, 0x9dfb, 0x9dfb, 0x95fb, 0x95fb, 0x95fb, 0x95fb, 0x95db, 0x95db, 0x95db, 0x95db, 0x95db, 0x95db, 0x95db, 0x95db, 0x95db, 0x95db, 0x8ddb, 0x8dbb, 
    0x8dbb, 0x8dbb, 0x8dbb, 0x8dbb, 0x8dbb, 0x8ddb, 0x8ddb, 0x95db, 0x95db, 0x95db, 0x95db, 0x95bb, 0x8dbb, 0x8dbb, 0x8dbb, 0x8d9b, 0x859b, 0x859b, 0x859b, 0x7d9b, 
    0x7d7b, 0x7d7b, 0x7d7a, 0x7d7a, 0x7d7a, 0x7d7a, 0x7d7a, 0x757a, 0x755a, 0x6d3a, 0x6d3a, 0x6d3a, 0x6d3a, 0x6d5a, 0x6d5a, 0x755a, 0x755a, 0x7d7a, 0x859b, 0x859a, 
    0x859a, 0x8d9a, 0x8dba, 0x95bb, 0x95ba, 0x95bb, 0x95db, 0x95da, 0x9ddb, 0x9dfb, 0xa61b, 0xa61b, 0xa61b, 0xae3b, 0xae3b, 0xae3b, 0xae5b, 0xb67c, 0xb67c, 0xb67c, 
    0xb65c, 0xb65c, 0xb65c, 0xb67c, 0xb65c, 0xb65b, 0xb65b, 0xae5b, 0xb65b, 0xb67c, 0xb67c, 0xbe7c, 0xbe7c, 0xbe7c, 0xb67c, 0xbe9c, 0xbe9c, 0xbe9c, 0xbe9c, 0xbe9c, 
    0xbe9c, 0xbe9c, 0xbe9c, 0xbe9c, 0xbe9c, 0xbe9c, 0xc6bc, 0xc6bc, 0xbe9c, 0xbe9c, 0xbe9c, 0xbe9c, 0xbe9c, 0xc6bc, 0xc6bc, 0xc6bc, 0xc6bc, 0xc6bc, 0xc6bc, 0xc6dc, 
    0xc6dd, 0xcedd, 0xcedd, 0xcedd, 0xc6dc, 0xc6dc, 0xc6dd, 0xc6dd, 0xc6dd, 0xc6dd, 0xc6dd, 0xc6dc, 0xc6dc, 0xc6dc, 0xc6dc, 0xc6dc, 0xc6dd, 0xc6dc, 0xc6dc, 0xc6dc, 
    0xc6bc, 0xc6bc, 0xc6bc, 0xc6bc, 0xc6bc, 0xc6dd, 0xcefd, 0xcefd, 0xcefd, 0xcefd, 0xcefd, 0xcefd, 0xcefd, 0xcefd, 0xd71d, 0xcefd, 0xd6fd, 0xd71d, 0xd73d, 0xdf3d, 
    0xdf3d, 0xdf3e, 0xd73d, 0xd73d, 0xdf5e, 0xdf3e, 0xd71d, 0xcefd, 0xcedd, 0xc6bd, 0xc6bc, 0xbe9c, 0xbe9c, 0xbe7c, 0xb67c, 0xb67c, 0xb65c, 0xb65c, 0xb65c, 0xae5b, 
    0xae3b, 0xae3b, 0xae3b, 0xae3b, 0xa61b, 0xa61b, 0xa5fb, 0xa5fb, 0x9dfb, 0x9dfb, 0x9dfb, 0x9dfb, 0x9dfb, 0x95db, 0x95da, 0x95ba, 0x95bb, 0x8dbb, 0x8d9a, 0x8d9a, 
    
    0xb67c, 0xb67c, 0xbe9c, 0xbe9c, 0xbebd, 0xc6bc, 0xc6bd, 0xc6bd, 0xc6dd, 0xcedd, 0xcefd, 0xcefd, 0xcefd, 0xcefd, 0xcefd, 0xcefd, 0xcedd, 0xc6dd, 0xc6dd, 0xc6dd, 
    0xc6bd, 0xc6bd, 0xc6bd, 0xc6dd, 0xc6dd, 0xc6dc, 0xc6dd, 0xc6dd, 0xc6dc, 0xc6dc, 0xc6bc, 0xc6dc, 0xc6bc, 0xc6bc, 0xc6bc, 0xc6bc, 0xc6bc, 0xc6bc, 0xbe9c, 0xbe9c, 
    0xb67c, 0xb67c, 0xb65c, 0xb65c, 0xb67c, 0xb67c, 0xbe7c, 0xbe9c, 0xc69c, 0xc6bc, 0xc6bc, 0xc6bc, 0xc6bc, 0xc6bc, 0xc6bc, 0xcedd, 0xcedd, 0xcefd, 0xd6fd, 0xd71d, 
    0xd71d, 0xd71d, 0xd6fd, 0xcefd, 0xcefd, 0xcefd, 0xcefd, 0xcefd, 0xcefd, 0xd6fd, 0xcefd, 0xcefd, 0xd6fd, 0xd6fd, 0xd71d, 0xd71d, 0xd71d, 0xd71d, 0xd71d, 0xd6fd, 
    0xcefd, 0xcefd, 0xcefd, 0xcefd, 0xcefd, 0xcefd, 0xcefd, 0xcedd, 0xcedd, 0xcedd, 0xcedd, 0xcedd, 0xc6dd, 0xc6bc, 0xc6bc, 0xc6bc, 0xc69c, 0xbe9c, 0xbe9c, 0xbe9c, 
    0xbe9c, 0xbe9c, 0xbe7c, 0xb67c, 0xb67c, 0xb67c, 0xb67c, 0xb67c, 0xb67c, 0xb67c, 0xb67c, 0xb67c, 0xb67c, 0xb67c, 0xae5c, 0xae5c, 0xa63c, 0xa61b, 0x9e1b, 0x9e1b, 
    0x9e1b, 0xa61b, 0x9e1b, 0x9dfb, 0x95fb, 0x9dfb, 0x9dfb, 0x9dfb, 0x95fb, 0x95db, 0x95fb, 0x95fb, 0x95db, 0x95db, 0x95db, 0x95db, 0x95db, 0x95db, 0x95db, 0x95db, 
    0x95db, 0x95db, 0x95db, 0x95db, 0x95db, 0x95db, 0x95db, 0x95db, 0x8ddb, 0x8dbb, 0x8dbb, 0x8dbb, 0x8dbb, 0x859b, 0x859b, 0x859b, 0x7d7b, 0x7d7b, 0x755a, 0x755a, 
    0x755a, 0x755a, 0x757a, 0x7d7a, 0x7d7a, 0x7d7a, 0x757a, 0x755a, 0x6d5a, 0x6d3a, 0x6d3a, 0x755a, 0x755a, 0x755a, 0x757a, 0x7d7a, 0x7d7a, 0x859a, 0x95db, 0x95db, 
    0x95db, 0x9ddb, 0x9ddb, 0x9ddb, 0x9dfb, 0xa61b, 0xa61b, 0xae3b, 0xae3b, 0xae3b, 0xb65b, 0xb65c, 0xb67c, 0xb67c, 0xbe7c, 0xbe7c, 0xbe7c, 0xb67c, 0xb67c, 0xb65c, 
    0xae5b, 0xae3b, 0xae3b, 0xae3b, 0xae3b, 0xae3b, 0xae3b, 0xae3b, 0xb65c, 0xb67c, 0xbe7c, 0xbe7c, 0xb67c, 0xb67c, 0xb67c, 0xbe9c, 0xbe7c, 0xb67c, 0xb67c, 0xb67c, 
    0xb67c, 0xbe7c, 0xbe7c, 0xbe7c, 0xbe9c, 0xbe9c, 0xbe9c, 0xbe9c, 0xbe9c, 0xbe9c, 0xbe9c, 0xbe9c, 0xbe9c, 0xbe9c, 0xbe9c, 0xbe9c, 0xbe9c, 0xc6bc, 0xc6bc, 0xc6bc, 
    0xc6bc, 0xc6bc, 0xc6bc, 0xc6bc, 0xc6bc, 0xc6dd, 0xcedd, 0xcedd, 0xc6dc, 0xc6dc, 0xc6dc, 0xc6dd, 0xc6dd, 0xc6dd, 0xc6dd, 0xc6dc, 0xc6dc, 0xc6bc, 0xc6bc, 0xc6bc, 
    0xc6bc, 0xc6bc, 0xc6bc, 0xc6bc, 0xc6bc, 0xc6bc, 0xc6bc, 0xc6dd, 0xc6dd, 0xc6dc, 0xcedd, 0xcedd, 0xcefd, 0xcefd, 0xd71d, 0xd6fd, 0xcefd, 0xd71d, 0xdf3d, 0xdf3d, 
    0xdf5e, 0xdf3e, 0xdf3d, 0xdf3d, 0xd71d, 0xd6fd, 0xcefd, 0xcedd, 0xc6dd, 0xc6bc, 0xc69c, 0xbe9c, 0xbe9c, 0xbe7c, 0xb67c, 0xb65c, 0xb65c, 0xae3b, 0xae3b, 0xae3b, 
    0xae3b, 0xae3b, 0xae3b, 0xae3b, 0xae3b, 0xae3b, 0xae1b, 0xa61b, 0xa61b, 0xa61b, 0x9dfb, 0x9dfb, 0x9dfb, 0x9ddb, 0x95db, 0x95ba, 0x95bb, 0x8dbb, 0x8d9a, 0x8d9a, 
    
    0xb67c, 0xb67c, 0xb67c, 0xb67c, 0xb69c, 0xbe9c, 0xbe9c, 0xc6bd, 0xc6dd, 0xc6dd, 0xc6dd, 0xcedd, 0xcedd, 0xcedd, 0xcefd, 0xcefd, 0xcefd, 0xcefd, 0xcedd, 0xc6bd, 
    0xc6dd, 0xcedd, 0xcedd, 0xcedd, 0xcedd, 0xcedd, 0xcedd, 0xcedd, 0xc6dd, 0xc6dc, 0xc6dc, 0xc6dd, 0xc6dd, 0xcedd, 0xcedd, 0xcedd, 0xcedd, 0xcedd, 0xc6dd, 0xc6dc, 
    0xc6bc, 0xbe9c, 0xbe9c, 0xbe9c, 0xbe9c, 0xbe9c, 0xbe9c, 0xc6bc, 0xc6bc, 0xc6bc, 0xc6bc, 0xc6bc, 0xc6bc, 0xc6bc, 0xc6dd, 0xcedd, 0xcedd, 0xcefd, 0xd71d, 0xd71d, 
    0xd71d, 0xd71d, 0xd71d, 0xd71d, 0xd6fd, 0xd6fd, 0xd6fd, 0xd6fd, 0xd71d, 0xd71d, 0xd71d, 0xd71d, 0xd71d, 0xd71d, 0xd71d, 0xd71d, 0xd71d, 0xd71d, 0xd71d, 0xd71d, 
    0xd6fd, 0xd71d, 0xd71d, 0xd71d, 0xd71d, 0xd6fd, 0xd6fd, 0xcefd, 0xcefd, 0xcefd, 0xcefd, 0xcefd, 0xcedd, 0xcedd, 0xcedd, 0xcedd, 0xc6dc, 0xc6bc, 0xc6bc, 0xc6bc, 
    0xc6bc, 0xc6bc, 0xbebc, 0xbe9c, 0xbe9c, 0xbe9c, 0xbe9c, 0xbe9c, 0xbe9c, 0xbe9c, 0xbe9c, 0xbe9c, 0xbe9c, 0xb67c, 0xb67c, 0xae5c, 0xae3c, 0xa63c, 0xa61b, 0xa61b, 
    0xa61b, 0xa61b, 0x9e1b, 0x9dfb, 0x95fb, 0x9dfb, 0x9dfb, 0x9dfb, 0x95db, 0x95db, 0x95db, 0x95db, 0x95fb, 0x9dfb, 0x9dfb, 0x95fb, 0x95db, 0x95db, 0x95db, 0x95db, 
    0x8dbb, 0x8dbb, 0x95bb, 0x95db, 0x95db, 0x95db, 0x8ddb, 0x8dbb, 0x8dbb, 0x85bb, 0x859b, 0x859b, 0x859b, 0x7d7a, 0x7d7a, 0x7d7a, 0x7d7a, 0x7d7a, 0x7d7a, 0x7d7a, 
    0x7d7a, 0x7d7a, 0x7d7a, 0x7d7a, 0x7d7a, 0x7d7a, 0x7d7a, 0x755a, 0x755a, 0x757a, 0x7d7a, 0x7d9a, 0x859a, 0x859b, 0x859a, 0x8dbb, 0x8dbb, 0x8dbb, 0x95db, 0x9dfb, 
    0x9dfb, 0xa61b, 0xa61b, 0xa61b, 0xae3b, 0xb65b, 0xb65c, 0xb67c, 0xbe7c, 0xbe9c, 0xbe9c, 0xbe9c, 0xbe9c, 0xbe9c, 0xbe9c, 0xbe9c, 0xbe7c, 0xb67c, 0xb65b, 0xb65b, 
    0xb65b, 0xae5b, 0xae5b, 0xb65c, 0xb67c, 0xb67c, 0xb67c, 0xbe9c, 0xbe9c, 0xbe9c, 0xbe9c, 0xbe9c, 0xbe9c, 0xbe9c, 0xbe9c, 0xbe9c, 0xbe9c, 0xbe7c, 0xbe7c, 0xb67c, 
    0xb67c, 0xb67c, 0xb67c, 0xb67c, 0xb67c, 0xbe7c, 0xbe9c, 0xbe9c, 0xbe9c, 0xbe9c, 0xbe9c, 0xbe9c, 0xbebc, 0xbebc, 0xc6bc, 0xc6bc, 0xc6bc, 0xc6bc, 0xc6bc, 0xc6bc, 
    0xc6bc, 0xc6bc, 0xc6bc, 0xc6bc, 0xc6bc, 0xc6dc, 0xc6bc, 0xc6bc, 0xc6bc, 0xc6bc, 0xc6bc, 0xc6bc, 0xc6bc, 0xc6bc, 0xc6bc, 0xc6bc, 0xc6bc, 0xc6bc, 0xc6bc, 0xbebc, 
    0xbebc, 0xbebc, 0xbe9c, 0xbebc, 0xbebc, 0xc6bc, 0xbebc, 0xbebc, 0xbe9c, 0xbebc, 0xc6bc, 0xc6bc, 0xc6bc, 0xc6bc, 0xc6bc, 0xc6dd, 0xcedd, 0xcefd, 0xcefd, 0xcefd, 
    0xd71d, 0xd6fd, 0xd6fd, 0xcefd, 0xcedd, 0xc6bc, 0xc6bc, 0xc6bc, 0xbe9c, 0xbe9c, 0xbe7c, 0xbe7c, 0xb67c, 0xb67c, 0xb67c, 0xb67c, 0xb65c, 0xb65c, 0xb65c, 0xae3b, 
    0xae3b, 0xae3b, 0xae3b, 0xae3b, 0xae3b, 0xae3b, 0xae3b, 0xae3b, 0xae3b, 0xa61b, 0xa61b, 0xa61b, 0x9dfb, 0x9dfb, 0x9ddb, 0x95db, 0x95bb, 0x95bb, 0x8dbb, 0x8d9a, 
    
    0xae5c, 0xb67c, 0xb67c, 0xb67c, 0xb67c, 0xbe9c, 0xbe9c, 0xbe9d, 0xc6bd, 0xc6bd, 0xc6bd, 0xc6bd, 0xc6dd, 0xc6dd, 0xcedd, 0xcefd, 0xcefd, 0xcefd, 0xcefd, 0xcedd, 
    0xc6dd, 0xc6dd, 0xc6dd, 0xcedd, 0xcedd, 0xcedd, 0xcedd, 0xcedd, 0xcedd, 0xcedd, 0xcefd, 0xcedd, 0xcefd, 0xcefd, 0xcefd, 0xcefd, 0xcefd, 0xcefd, 0xcefd, 0xcefd, 
    0xcedd, 0xc6dd, 0xc6dc, 0xc6bc, 0xc6bc, 0xc6bc, 0xc6bc, 0xc6bc, 0xc6bc, 0xc6bc, 0xc6dc, 0xcedd, 0xcedd, 0xcedc, 0xcedd, 0xcedc, 0xcedd, 0xd6fd, 0xd71d, 0xd71d, 
    0xd71d, 0xd71d, 0xd71d, 0xd71d, 0xd6fd, 0xd6fd, 0xd6fd, 0xd71d, 0xd71d, 0xd71d, 0xd71d, 0xd71d, 0xd71d, 0xd71d, 0xd71d, 0xd71d, 0xd71d, 0xd71d, 0xd71d, 0xd71d, 
    0xd71d, 0xd71d, 0xd71d, 0xd71d, 0xd71d, 0xd71d, 0xd71d, 0xd71d, 0xd6fd, 0xcefd, 0xcefd, 0xcefd, 0xcefd, 0xcefd, 0xcefd, 0xcefd, 0xcefd, 0xcedd, 0xcedd, 0xc6dd, 
    0xc6dd, 0xc6bc, 0xc6bc, 0xc6bc, 0xc6bc, 0xc6bc, 0xc6bc, 0xbebc, 0xbe9c, 0xbe9c, 0xbe9c, 0xbe9c, 0xbe9c, 0xb67c, 0xae5c, 0xae5c, 0xa63c, 0xa63b, 0xa61b, 0x9e1b, 
    0x9e1b, 0x9e1b, 0x9e1b, 0x9dfb, 0x9dfb, 0x9dfb, 0x9dfb, 0x9dfb, 0x9dfb, 0x9dfb, 0x9dfb, 0x9dfb, 0x9dfb, 0x9dfb, 0x9dfb, 0x9dfb, 0x95db, 0x95db, 0x8dbb, 0x8dbb, 
    0x8dbb, 0x8dbb, 0x95db, 0x95db, 0x8dbb, 0x8dbb, 0x85bb, 0x8dbb, 0x8dbb, 0x8dbb, 0x859b, 0x859b, 0x859b, 0x859b, 0x859b, 0x859b, 0x859b, 0x859b, 0x859b, 0x859b, 
    0x7d9b, 0x859b, 0x859b, 0x859b, 0x85bb, 0x8dbb, 0x8dbb, 0x8dbb, 0x8dbb, 0x8dbb, 0x8dbb, 0x8dbb, 0x95db, 0x95db, 0x95db, 0x95fb, 0x9dfb, 0x9dfb, 0x9dfb, 0x9dfb, 
    0xa61b, 0xa63b, 0xae3b, 0xae5b, 0xb65c, 0xb67c, 0xbe7c, 0xbe7c, 0xbe7c, 0xbe7c, 0xb67c, 0xb67c, 0xb67c, 0xb67c, 0xb67c, 0xb67c, 0xb67c, 0xb67c, 0xb67c, 0xbe7c, 
    0xbe7c, 0xbe7c, 0xbe7c, 0xbe9c, 0xbe9c, 0xbe9c, 0xc6bc, 0xc6bc, 0xc6bc, 0xc6bc, 0xc6bc, 0xc6bc, 0xbebc, 0xbe9c, 0xbe9c, 0xbe9c, 0xbe9c, 0xbe9c, 0xbe9c, 0xbe7c, 
    0xb67c, 0xb67c, 0xb67c, 0xbe7c, 0xbe7c, 0xbe7c, 0xbe9c, 0xbe9c, 0xbe9c, 0xbe9c, 0xbe9c, 0xbe9c, 0xbebc, 0xbebc, 0xbebc, 0xbe9c, 0xc6bc, 0xc6bc, 0xc6bc, 0xc6bc, 
    0xc6bc, 0xc6bd, 0xc6bc, 0xc6bc, 0xc6bc, 0xc6bc, 0xbe9c, 0xbe9c, 0xbe9c, 0xbe9c, 0xbe9c, 0xbe9c, 0xbe9c, 0xbe9c, 0xbe9c, 0xbe9c, 0xbe9c, 0xbe9c, 0xbe9c, 0xbe9c, 
    0xbe9c, 0xbe9c, 0xbe9c, 0xbe9c, 0xbe9c, 0xbe9c, 0xbe9c, 0xbe9c, 0xbe9c, 0xbe9c, 0xbe9c, 0xbe9c, 0xbe9c, 0xbebc, 0xbebc, 0xc6bc, 0xc6bc, 0xbebc, 0xbebc, 0xc6bc, 
    0xc6bc, 0xc6bc, 0xc6bc, 0xbe9c, 0xbe9c, 0xbe9c, 0xbe9c, 0xbe9c, 0xbe9c, 0xbe9c, 0xbe9c, 0xbe9c, 0xbe7c, 0xbe7c, 0xb67c, 0xb67c, 0xb65c, 0xb65c, 0xb67c, 0xb65c, 
    0xb65b, 0xae5b, 0xae3b, 0xae3b, 0xae3b, 0xae3b, 0xae3b, 0xa61b, 0xa61b, 0xa63b, 0xa61b, 0xa61b, 0xa61b, 0xa61b, 0xa61b, 0xa5fb, 0x9dfb, 0x9dfb, 0x95db, 0x95db, 
    
    0xa63c, 0xae5c, 0xb65c, 0xb67c, 0xb67c, 0xbe9c, 0xbe9c, 0xbe9c, 0xbe9d, 0xbe9d, 0xc6bc, 0xc6bd, 0xc6bd, 0xc6dd, 0xc6dd, 0xcedd, 0xcedd, 0xcedd, 0xcedd, 0xcedd, 
    0xc6dd, 0xc6dd, 0xc6dd, 0xc6dd, 0xc6bd, 0xc6bd, 0xcedd, 0xcedd, 0xcefd, 0xcefd, 0xcefd, 0xcefd, 0xcefd, 0xcefd, 0xcefd, 0xcefd, 0xd6fd, 0xd71d, 0xd71d, 0xd71d, 
    0xcefd, 0xcefd, 0xcefd, 0xcedd, 0xc6dd, 0xc6dd, 0xc6bc, 0xc6bc, 0xc6bd, 0xcedd, 0xcedd, 0xcedd, 0xcedc, 0xcefd, 0xcefd, 0xcefd, 0xd6fd, 0xd6fd, 0xd71d, 0xd73d, 
    0xd73d, 0xd73d, 0xd71d, 0xd71d, 0xd71d, 0xd71d, 0xd71d, 0xd71d, 0xd71d, 0xd6fd, 0xd6fd, 0xd6fd, 0xd71d, 0xd71d, 0xd71d, 0xd71d, 0xd71d, 0xd71d, 0xd71d, 0xd71d, 
    0xd71d, 0xd71d, 0xd71d, 0xd71d, 0xd71d, 0xd71d, 0xd71d, 0xd71d, 0xd71d, 0xd6fd, 0xd6fd, 0xd6fd, 0xcefd, 0xcefd, 0xcefd, 0xcefd, 0xcefd, 0xcefd, 0xcedd, 0xcedd, 
    0xc6dd, 0xc6bd, 0xc6dc, 0xc6dc, 0xc6dc, 0xc6dd, 0xc6bc, 0xc6bc, 0xbebc, 0xbe9c, 0xbe9c, 0xbe9c, 0xb67c, 0xae5c, 0xa63b, 0xa63c, 0xa63c, 0xa63b, 0x9e1b, 0x9e1b, 
    0x9e1b, 0x9e1b, 0x9e1b, 0x9e1b, 0x9dfb, 0x9dfb, 0x9dfb, 0x9dfb, 0x9dfb, 0x9dfb, 0x95fb, 0x95db, 0x95db, 0x95db, 0x95db, 0x95db, 0x95db, 0x8dbb, 0x8ddb, 0x95db, 
    0x95db, 0x95db, 0x95db, 0x95db, 0x8ddb, 0x95db, 0x95db, 0x95db, 0x95db, 0x95db, 0x95db, 0x95bb, 0x8dbb, 0x8dbb, 0x8dbb, 0x8d9b, 0x859b, 0x859b, 0x859b, 0x859b, 
    0x859b, 0x8dbb, 0x8dbb, 0x8dbb, 0x95db, 0x9dfb, 0x9e1b, 0xa61b, 0xa61b, 0x9dfb, 0x9dfb, 0x9dfb, 0x9dfb, 0x9dfb, 0x9dfb, 0xa61b, 0xa61b, 0xa61b, 0xa61b, 0xa61b, 
    0xa61b, 0xa63b, 0xae3b, 0xae3b, 0xae3b, 0xae3b, 0xae3b, 0xae5b, 0xb65b, 0xb65c, 0xb65c, 0xb65c, 0xb67c, 0xb67c, 0xb67c, 0xb67c, 0xb67c, 0xb65b, 0xb67c, 0xbe9c, 
    0xbe9c, 0xbe9c, 0xbe9c, 0xc6bc, 0xc6bc, 0xc6bc, 0xc6bc, 0xc6bc, 0xc6bc, 0xc6bc, 0xc6bc, 0xc6bc, 0xc6bc, 0xbe9c, 0xbe9c, 0xbe9c, 0xbe9c, 0xbe9c, 0xbe9c, 0xbe9c, 
    0xbe9c, 0xbe9c, 0xc6bc, 0xc6bc, 0xc6bc, 0xbebc, 0xbe9c, 0xbe9c, 0xbe9c, 0xbe9c, 0xbe9c, 0xbe9c, 0xbe9c, 0xbe9c, 0xbe9c, 0xbe9c, 0xbe9c, 0xc6bc, 0xc6bc, 0xc6bc, 
    0xc6bc, 0xc6bc, 0xc6bc, 0xbebc, 0xbe9c, 0xbe9c, 0xbe9c, 0xbe9c, 0xbe9c, 0xb67c, 0xb67c, 0xb67c, 0xb67c, 0xb67c, 0xb67c, 0xb67c, 0xb67c, 0xb67c, 0xb67c, 0xb67c, 
    0xb67c, 0xb67c, 0xb67c, 0xb67c, 0xb67c, 0xb69c, 0xbe9c, 0xbe9c, 0xbe9c, 0xbe9c, 0xbe9c, 0xbe9c, 0xbe9c, 0xbe9c, 0xbe9c, 0xbe9c, 0xbe9c, 0xbe9c, 0xbe9c, 0xbe7c, 
    0xb67c, 0xb67c, 0xb67c, 0xb67c, 0xb67c, 0xb67c, 0xb67c, 0xbe7c, 0xbe7c, 0xbe7c, 0xb67c, 0xb67c, 0xbe7c, 0xbe7c, 0xbe7c, 0xbe9c, 0xbe7c, 0xb67c, 0xb67c, 0xb65c, 
    0xb65c, 0xb65b, 0xae5b, 0xae5b, 0xae3b, 0xae3b, 0xae3b, 0xae3b, 0xa61b, 0xa61b, 0xa61b, 0xa61b, 0xa61b, 0xa61b, 0xa61b, 0xa61b, 0xa61b, 0xa5fb, 0x9dfb, 0x9dfb, 
    
    0x9e1b, 0xa61c, 0xae3c, 0xae5c, 0xb67c, 0xb67c, 0xb67c, 0xb67c, 0xb69c, 0xbe9c, 0xbe9c, 0xbe9d, 0xc6bd, 0xc6bd, 0xc6dd, 0xc6dd, 0xcedd, 0xcedd, 0xcedd, 0xcedd, 
    0xc6dd, 0xc6dd, 0xc6dd, 0xc6dd, 0xc6dc, 0xc6bc, 0xc6bc, 0xc6bc, 0xc6dd, 0xcefd, 0xcefd, 0xcefd, 0xcefd, 0xcefd, 0xd71d, 0xd71d, 0xd71d, 0xd71d, 0xd71d, 0xd71d, 
    0xd71d, 0xd71d, 0xcefd, 0xcefd, 0xcefd, 0xcefd, 0xcefd, 0xcefd, 0xcefd, 0xcefd, 0xcefd, 0xcefd, 0xcefd, 0xd6fd, 0xd71d, 0xd71d, 0xd71d, 0xd71d, 0xd71d, 0xd71d, 
    0xd73d, 0xd73d, 0xd71d, 0xd71d, 0xd71d, 0xd6fd, 0xd6fd, 0xd6fd, 0xd71d, 0xd6fd, 0xd6fd, 0xd6fd, 0xd6fd, 0xd6fd, 0xd6fd, 0xd71d, 0xd71d, 0xd71d, 0xd71d, 0xd71d, 
    0xd71d, 0xd71d, 0xd71d, 0xd71d, 0xd71d, 0xd71d, 0xd71d, 0xd71d, 0xd71d, 0xd6fd, 0xd6fd, 0xcefd, 0xcefd, 0xcefd, 0xcefd, 0xcefd, 0xcedd, 0xcefd, 0xcefd, 0xcedd, 
    0xcefd, 0xcedd, 0xcedd, 0xcedd, 0xcedd, 0xc6dc, 0xc6bc, 0xbe9c, 0xbe9c, 0xb67c, 0xb67c, 0xb65c, 0xae5c, 0xa63b, 0xa63b, 0xa63b, 0xa63b, 0xa63b, 0xa61b, 0x9e1b, 
    0x9e1b, 0x9e1b, 0x9dfb, 0x95fb, 0x95fb, 0x95db, 0x8ddb, 0x8ddb, 0x8dbb, 0x8dbb, 0x859b, 0x85bb, 0x8dbb, 0x8ddb, 0x95db, 0x9dfb, 0x9e1b, 0xa61b, 0xa61c, 0xa63c, 
    0xa63b, 0xa61b, 0xa61b, 0x9e1b, 0x9dfb, 0x9e1b, 0xa61b, 0xa61b, 0x9dfb, 0x9dfb, 0x9dfb, 0x9dfb, 0x95db, 0x95db, 0x95bb, 0x95bb, 0x95bb, 0x95db, 0x95db, 0x95db, 
    0x95db, 0x95db, 0x95fb, 0x9dfb, 0x9dfb, 0x9e1b, 0xa61b, 0xa61b, 0xa61b, 0xa61b, 0x9e1b, 0x9e1b, 0xa61b, 0xa61b, 0xa61b, 0xa61b, 0xa63b, 0xa63b, 0xa61b, 0xa61b, 
    0xa61b, 0xa61b, 0xa61b, 0xae3b, 0xae3b, 0xae3b, 0xae5b, 0xb65b, 0xb65c, 0xb65b, 0xb65b, 0xb67c, 0xbe7c, 0xbe9c, 0xbe9c, 0xb67c, 0xb67c, 0xb67c, 0xbe7c, 0xbe9c, 
    0xc6bc, 0xc6bc, 0xc6dc, 0xc6dc, 0xc6bc, 0xc6bc, 0xc6bc, 0xc6bc, 0xc6bc, 0xc6bc, 0xc6bc, 0xc6bc, 0xc6bc, 0xc6bc, 0xc6bc, 0xbe9c, 0xbe9c, 0xbe9c, 0xc6bc, 0xc6bc, 
    0xc6bc, 0xc6bc, 0xc6bc, 0xc6bc, 0xc6bc, 0xbe9c, 0xbe9c, 0xbe9c, 0xbe9c, 0xbe9c, 0xbe9c, 0xbe9c, 0xbe9c, 0xbe9c, 0xbe9c, 0xbe9c, 0xbe9c, 0xbe7c, 0xbe7c, 0xbe7c, 
    0xbe7c, 0xbe7c, 0xbe7c, 0xbe9c, 0xbe7c, 0xbe7c, 0xbe7c, 0xbe9c, 0xbe9c, 0xb69c, 0xb67c, 0xb67c, 0xb67c, 0xb67c, 0xb67c, 0xb67c, 0xb67c, 0xb67c, 0xb67c, 0xb67c, 
    0xb67c, 0xb67c, 0xb67c, 0xb67c, 0xb67c, 0xb67c, 0xb67c, 0xb67c, 0xb69c, 0xbe9c, 0xbe9c, 0xb67c, 0xb67c, 0xb67c, 0xb67c, 0xbe7c, 0xbe7c, 0xb67c, 0xb67c, 0xb67c, 
    0xb67c, 0xb67c, 0xb67c, 0xb67c, 0xb67c, 0xb67c, 0xb67c, 0xb67c, 0xb65c, 0xb65c, 0xb65c, 0xb67c, 0xb65c, 0xb67c, 0xb67c, 0xb67c, 0xbe7c, 0xbe7c, 0xb67c, 0xb67c, 
    0xb67c, 0xb65c, 0xb65c, 0xb65c, 0xae5b, 0xae3b, 0xae3b, 0xae3b, 0xae3b, 0xa61b, 0xa61b, 0xa61b, 0xa61b, 0xa61b, 0xa5fb, 0x9dfb, 0x9dfb, 0x9dfb, 0x9dfb, 0x9dfb, 
    
    0x9dfb, 0x9e1b, 0xa61c, 0xa63c, 0xae5c, 0xae5c, 0xae5c, 0xae5c, 0xae5c, 0xae5c, 0xae5c, 0xb67c, 0xb67c, 0xbe9c, 0xc6bc, 0xc6bd, 0xc6bd, 0xc6dd, 0xc6dd, 0xc6dd, 
    0xc6dd, 0xc6dd, 0xcedd, 0xcedd, 0xcedd, 0xc6dd, 0xc6dd, 0xc6dd, 0xcedd, 0xcefd, 0xcefd, 0xcefd, 0xcefd, 0xcefd, 0xd71d, 0xd71d, 0xd71d, 0xd71d, 0xdf3d, 0xdf3d, 
    0xd73d, 0xd71d, 0xd71d, 0xd71d, 0xcefd, 0xcefd, 0xcefd, 0xd6fd, 0xd6fd, 0xd71d, 0xd71d, 0xd71d, 0xd71d, 0xd71d, 0xd71d, 0xd71d, 0xd71d, 0xd71d, 0xd71d, 0xd71d, 
    0xd71d, 0xd71d, 0xd71d, 0xd71d, 0xd71d, 0xd71d, 0xd6fd, 0xd6fd, 0xd6fd, 0xd6fd, 0xd6fd, 0xd6fd, 0xd6fd, 0xd6fd, 0xd6fd, 0xd6fd, 0xd6fd, 0xd71d, 0xd71d, 0xd71d, 
    0xd71d, 0xd71d, 0xd71d, 0xd71d, 0xd71d, 0xd71d, 0xd71d, 0xd71d, 0xd6fd, 0xd6fd, 0xd6fd, 0xcefd, 0xcefd, 0xcefd, 0xcefd, 0xcefd, 0xcefd, 0xcefd, 0xcefd, 0xcedd, 
    0xcefd, 0xcedd, 0xc6dc, 0xc6bc, 0xc6bc, 0xbebc, 0xbe9c, 0xb67c, 0xb67c, 0xae5c, 0xae5c, 0xae5c, 0xae5c, 0xae5c, 0xae5c, 0xa63b, 0xa63b, 0x9e1b, 0x9e1b, 0x9dfb, 
    0x95db, 0x8ddb, 0x8dbb, 0x85bb, 0x85bb, 0x859b, 0x859b, 0x85bb, 0x8dbb, 0x8dbb, 0x8ddb, 0x95db, 0x9dfb, 0xa61b, 0xae3b, 0xae5c, 0xb65c, 0xb65c, 0xb65c, 0xae5c, 
    0xae5c, 0xae3c, 0xae3c, 0xa63b, 0xa63b, 0xa63b, 0xa63b, 0xa63b, 0xa63b, 0xa61b, 0xa63b, 0xae3b, 0xae3c, 0xa63c, 0xa63c, 0xa61c, 0xa61c, 0xa63c, 0xa63c, 0xa61c, 
    0xa61b, 0xa61b, 0x9e1b, 0x9dfb, 0x9dfb, 0x9dfb, 0x9dfb, 0x9dfb, 0x9dfb, 0x9dfb, 0x9dfb, 0x9dfb, 0x9e1b, 0xa61b, 0xa61b, 0xa61b, 0xa63b, 0xa61b, 0xa61b, 0xa61b, 
    0xa61b, 0xa61b, 0xae3b, 0xae3b, 0xae5b, 0xae5b, 0xb67c, 0xb67c, 0xb65b, 0xb65b, 0xb65c, 0xb67c, 0xb67c, 0xbe7c, 0xb67c, 0xbe7c, 0xbe9c, 0xbe9c, 0xc6bc, 0xc6bc, 
    0xc6bc, 0xc6dc, 0xc6dc, 0xc6dc, 0xc6bc, 0xc6bc, 0xc6bc, 0xc6bc, 0xc6bc, 0xc6bc, 0xc6bc, 0xc6bc, 0xc6bc, 0xc6bc, 0xc6bc, 0xc6bc, 0xc6bc, 0xc6bc, 0xc6dc, 0xc6dc, 
    0xc6bc, 0xc6bc, 0xc6bc, 0xbe9c, 0xbe9c, 0xbe9c, 0xbe9c, 0xbe9c, 0xbe9c, 0xbe9c, 0xbe9c, 0xbe9c, 0xb67c, 0xb67c, 0xb67c, 0xb67c, 0xb67c, 0xb67c, 0xb67c, 0xb67c, 
    0xbe9c, 0xbe9c, 0xbe9c, 0xbe9c, 0xbe9c, 0xbe9c, 0xbe9c, 0xb67c, 0xb67c, 0xb67c, 0xb67c, 0xb67c, 0xb67c, 0xb67c, 0xb67c, 0xb67c, 0xb67c, 0xb67c, 0xb65c, 0xb65c, 
    0xb67c, 0xb67c, 0xb67c, 0xb67c, 0xbe9c, 0xbe9c, 0xb67c, 0xbe9c, 0xbe9c, 0xb67c, 0xb67c, 0xb67c, 0xb67c, 0xb67c, 0xb67c, 0xb67c, 0xb69c, 0xbe7c, 0xb67c, 0xbe7c, 
    0xbe9c, 0xbe9c, 0xbe9c, 0xbe7c, 0xbe7c, 0xbe7c, 0xbe7c, 0xbe7c, 0xbe7c, 0xb67c, 0xb67c, 0xb67c, 0xb67c, 0xb67c, 0xb67c, 0xb67c, 0xb67c, 0xb67c, 0xb67c, 0xbe7c, 
    0xbe7c, 0xbe7c, 0xb67c, 0xb67c, 0xb65c, 0xb65c, 0xb65b, 0xae5b, 0xae3b, 0xae3b, 0xae3b, 0xa63b, 0xa61b, 0xa61b, 0xa61b, 0x9dfb, 0x9dfb, 0x9dfb, 0x9dfb, 0x9ddb, 
    
    0x9e1c, 0xa63c, 0xae5c, 0xae5c, 0xae5c, 0xae3c, 0xa63c, 0xa61c, 0xa61c, 0xa61c, 0xa63c, 0xa63c, 0xae3c, 0xae5c, 0xb67c, 0xbe9c, 0xbe9c, 0xc6bd, 0xc6bd, 0xc6dd, 
    0xcedd, 0xcefd, 0xcefd, 0xcefd, 0xcefd, 0xcefd, 0xcefd, 0xcefd, 0xcefd, 0xcefd, 0xcefd, 0xcefd, 0xd71d, 0xd71d, 0xd71d, 0xd71d, 0xd71d, 0xd73d, 0xdf3d, 0xdf3d, 
    0xdf3e, 0xdf3d, 0xd73d, 0xd73d, 0xd71d, 0xd71d, 0xd71d, 0xd71d, 0xd71d, 0xd71d, 0xd71d, 0xd71d, 0xd71d, 0xd71d, 0xd71d, 0xd71d, 0xd71d, 0xd71d, 0xd71d, 0xd71d, 
    0xd71d, 0xd71d, 0xd71d, 0xd71d, 0xd71d, 0xd71d, 0xd6fd, 0xd6fd, 0xd6fd, 0xd6fd, 0xd6fd, 0xd6fd, 0xd6fd, 0xcefd, 0xcefd, 0xd6fd, 0xd6fd, 0xcefd, 0xd6fd, 0xd6fd, 
    0xd6fd, 0xd6fd, 0xd71d, 0xd71d, 0xd71d, 0xd71d, 0xd71d, 0xd71d, 0xd6fd, 0xd6fd, 0xcefd, 0xcedd, 0xcedd, 0xcedc, 0xc6dc, 0xc6dc, 0xc6bc, 0xc6bc, 0xc6bc, 0xc6bc, 
    0xc6bc, 0xc6bc, 0xbe9c, 0xbe9c, 0xbe9c, 0xbe9c, 0xb67c, 0xb67c, 0xb67c, 0xb67c, 0xb67c, 0xb67c, 0xb67c, 0xae7c, 0xae5c, 0xa65b, 0xa63b, 0x9e1b, 0x9dfb, 0x95fb, 
    0x95db, 0x8ddb, 0x8ddb, 0x95db, 0x95fb, 0x95fb, 0x9dfb, 0x9dfb, 0x9e1b, 0x9e1b, 0xa61b, 0xa61b, 0xa63b, 0xae5c, 0xb65c, 0xb67c, 0xb67c, 0xb65c, 0xae5c, 0xae5c, 
    0xae5c, 0xae5c, 0xb65c, 0xae5c, 0xb65c, 0xb65c, 0xb65c, 0xb65c, 0xb67c, 0xb67c, 0xb65c, 0xb67c, 0xb65c, 0xb65c, 0xae5c, 0xae3c, 0xae3c, 0xae3c, 0xa63c, 0xa61b, 
    0x9e1b, 0x9e1b, 0x9dfb, 0x9dfb, 0x9dfb, 0x9dfb, 0x9dfb, 0x9dfb, 0x9dfb, 0x9dfb, 0x9dfb, 0x9dfb, 0x9e1b, 0xa61b, 0xa61b, 0xa61b, 0xa63b, 0xae3b, 0xae3b, 0xa63b, 
    0xa63b, 0xae3b, 0xb65b, 0xb65b, 0xb67c, 0xb67c, 0xbe7c, 0xbe9c, 0xb67c, 0xb67c, 0xb67c, 0xb67c, 0xb67c, 0xb67c, 0xbe7c, 0xbe9c, 0xc6bc, 0xc6dc, 0xc6bc, 0xc6bc, 
    0xc6bc, 0xc6dc, 0xc6bc, 0xc6bc, 0xc6bc, 0xc6bc, 0xbe9c, 0xbe9c, 0xbe9c, 0xbe9c, 0xbe9c, 0xc6bc, 0xc6bc, 0xc6bc, 0xc6bc, 0xc6bc, 0xc6bc, 0xc6bc, 0xc6bc, 0xbe9c, 
    0xbe9c, 0xbe9c, 0xbe9c, 0xbe9c, 0xbe9c, 0xbe9c, 0xbe9c, 0xbe9c, 0xbe9c, 0xb69c, 0xb67c, 0xb67c, 0xb67c, 0xb67c, 0xb67c, 0xb65c, 0xb67c, 0xb67c, 0xb67c, 0xb67c, 
    0xb67c, 0xb67c, 0xb67c, 0xb67c, 0xb67c, 0xbe9c, 0xbe9c, 0xb69c, 0xb67c, 0xb67c, 0xb67c, 0xb67c, 0xb67c, 0xb67c, 0xb67c, 0xb67c, 0xb67c, 0xb67c, 0xb69c, 0xb67c, 
    0xb69c, 0xb67c, 0xb67c, 0xbe9c, 0xbe9c, 0xbe9c, 0xbe9c, 0xbe9c, 0xbe9c, 0xbe9c, 0xb69c, 0xb67c, 0xb67c, 0xb67c, 0xb67c, 0xbe9c, 0xbe9c, 0xbe9c, 0xbe9c, 0xbe9c, 
    0xbe9c, 0xbe9c, 0xbe9c, 0xbe7c, 0xbe9c, 0xbe9c, 0xbe7c, 0xb67c, 0xb67c, 0xb67c, 0xb67c, 0xb67c, 0xb67c, 0xb67c, 0xb67c, 0xb67c, 0xb67c, 0xb65c, 0xb67c, 0xb67c, 
    0xb67c, 0xb67c, 0xb67c, 0xb65c, 0xb65c, 0xb65c, 0xb65c, 0xb65b, 0xae5b, 0xae5b, 0xae3b, 0xa63b, 0xa61b, 0xa61b, 0xa61b, 0x9dfb, 0x9dfb, 0x9dfb, 0x9dfb, 0x9dfb, 
    
    0x95fb, 0x9dfb, 0x9e1c, 0xa63c, 0xa63c, 0xa61c, 0x9e1b, 0x9e1b, 0x9e1b, 0x9e1b, 0x9e1b, 0xa61c, 0xa63c, 0xae3c, 0xae5c, 0xb67c, 0xbe9c, 0xbebc, 0xc6bd, 0xcedd, 
    0xcedd, 0xcefd, 0xcefd, 0xcefd, 0xcefd, 0xcefd, 0xcefd, 0xcefd, 0xcefd, 0xcefd, 0xcefd, 0xcefd, 0xcefd, 0xcefd, 0xcefd, 0xd71d, 0xd71d, 0xd71d, 0xd71d, 0xdf3d, 
    0xdf3e, 0xdf3d, 0xd73d, 0xd73d, 0xd73d, 0xd73d, 0xd71d, 0xd71d, 0xd71d, 0xd71d, 0xd71d, 0xd71d, 0xd71d, 0xd71d, 0xd71d, 0xd71d, 0xd71d, 0xd71d, 0xd71d, 0xd71d, 
    0xd71d, 0xd71d, 0xd71d, 0xd71d, 0xd71d, 0xd71d, 0xd6fd, 0xd6fd, 0xd6fd, 0xd6fd, 0xd6fd, 0xd6fd, 0xd6fd, 0xcefd, 0xcefd, 0xcefd, 0xcefd, 0xcefd, 0xcefd, 0xcefd, 
    0xcefd, 0xcefd, 0xcefd, 0xcefd, 0xcefd, 0xd6fd, 0xcefd, 0xcefd, 0xcedd, 0xcedd, 0xcedc, 0xcedd, 0xc6bc, 0xc6bc, 0xc6bc, 0xbe9c, 0xbe9c, 0xbe9c, 0xbe9c, 0xbe9c, 
    0xbe9c, 0xbe9c, 0xbe9c, 0xbe9c, 0xbe9c, 0xb67c, 0xb67c, 0xb67c, 0xb67c, 0xb67c, 0xb67c, 0xb67c, 0xb67c, 0xb69c, 0xb69c, 0xb67c, 0xb67c, 0xb67c, 0xae5c, 0xae5c, 
    0xae3c, 0xa63c, 0xa63b, 0xae3b, 0xae3b, 0xae5c, 0xae3b, 0xae5b, 0xae5c, 0xae5c, 0xae5c, 0xb65c, 0xb67c, 0xb67c, 0xb67c, 0xb67c, 0xb67c, 0xb67c, 0xb67c, 0xb67c, 
    0xb67c, 0xb67c, 0xb67c, 0xb67c, 0xb67c, 0xb67c, 0xb67c, 0xb67c, 0xb67c, 0xb67c, 0xae5c, 0xae5c, 0xae3c, 0xae3c, 0xae3c, 0xae3b, 0xa63b, 0xa63b, 0xa61b, 0xa63b, 
    0xa61b, 0xa61b, 0xa63b, 0xa61b, 0x9e1b, 0xa61b, 0x9e1b, 0xa61b, 0xa61b, 0xa61b, 0xa61b, 0xa61b, 0xa63b, 0xa63b, 0xae3b, 0xae3b, 0xae5b, 0xb65c, 0xb65c, 0xb65b, 
    0xb67c, 0xb67c, 0xbe9c, 0xbe9c, 0xbe9c, 0xbe9c, 0xbe9c, 0xc69c, 0xbe9c, 0xbe9c, 0xbe7c, 0xbe7c, 0xbe7c, 0xbe9c, 0xc6bc, 0xcedc, 0xc6dc, 0xc6bc, 0xc6bc, 0xc6bc, 
    0xc6dc, 0xcedc, 0xcedc, 0xc6bc, 0xc6bc, 0xbe9c, 0xbe9c, 0xc6bc, 0xc6bc, 0xc6bc, 0xc6bc, 0xc6bc, 0xc6bc, 0xc6bc, 0xc6bc, 0xc6bc, 0xbe9c, 0xbe9c, 0xbe9c, 0xb67c, 
    0xb67c, 0xb67c, 0xb67c, 0xb67c, 0xb65c, 0xb65b, 0xae5b, 0xae5b, 0xae5b, 0xae5b, 0xae5b, 0xae5b, 0xae5c, 0xb65c, 0xb67c, 0xb67c, 0xb67c, 0xb67c, 0xb67c, 0xb67c, 
    0xb67c, 0xb67c, 0xb67c, 0xb67c, 0xb67c, 0xb67c, 0xb67c, 0xb67c, 0xb69c, 0xbe9c, 0xbe9c, 0xbe9c, 0xbe9c, 0xbe9c, 0xbe9c, 0xbe9c, 0xbe9c, 0xbe9c, 0xbe9c, 0xbe9c, 
    0xbe9c, 0xbe9c, 0xbe9c, 0xbe9c, 0xbe9c, 0xbe9c, 0xb67c, 0xb67c, 0xb67c, 0xb67c, 0xb67c, 0xb67c, 0xb67c, 0xb67c, 0xb67c, 0xb67c, 0xb67c, 0xb67c, 0xb67c, 0xb67c, 
    0xb67c, 0xb67c, 0xb67c, 0xb67c, 0xb67c, 0xb67c, 0xb67c, 0xb67c, 0xb65c, 0xb65c, 0xb65c, 0xb65b, 0xb65c, 0xae5c, 0xae5c, 0xb65c, 0xae5c, 0xae5b, 0xae5b, 0xae5b, 
    0xae5b, 0xae5b, 0xae3b, 0xae3b, 0xae3b, 0xae3b, 0xae3b, 0xae3b, 0xae3b, 0xae5b, 0xae3b, 0xae3b, 0xae3b, 0xa63b, 0xa61b, 0xa61b, 0x9dfb, 0x9dfb, 0x9dfb, 0x9ddb, 
    
    0x7d7b, 0x859b, 0x85bb, 0x8dbb, 0x95db, 0x95fb, 0x9dfc, 0x9dfb, 0x9dfb, 0x9e1b, 0xa61b, 0xa61c, 0xa63c, 0xae3c, 0xae5c, 0xb67c, 0xb67c, 0xbe9c, 0xc6bd, 0xcedd, 
    0xcedd, 0xcefd, 0xcefd, 0xcefd, 0xcefd, 0xcefd, 0xcefd, 0xcefd, 0xcefd, 0xcefd, 0xcefd, 0xcefd, 0xcefd, 0xcefd, 0xcefd, 0xcefd, 0xcefd, 0xcf1d, 0xd71d, 0xd71d, 
    0xdf3d, 0xdf3d, 0xdf3d, 0xdf3d, 0xdf3d, 0xd73d, 0xd73d, 0xd71d, 0xd71d, 0xd71d, 0xd71d, 0xd71d, 0xd71d, 0xd71d, 0xd71d, 0xd71d, 0xd71d, 0xd71d, 0xd71d, 0xd71d, 
    0xd71d, 0xd71d, 0xd71d, 0xd71d, 0xd71d, 0xd71d, 0xd71d, 0xd71d, 0xd71d, 0xd6fd, 0xd6fd, 0xd6fd, 0xd6fd, 0xcefd, 0xcedd, 0xcedc, 0xcedc, 0xcedc, 0xcedd, 0xcedd, 
    0xcedd, 0xcedc, 0xcedc, 0xcefd, 0xcefd, 0xcefd, 0xcefd, 0xcedd, 0xcedd, 0xcedc, 0xcedd, 0xcedd, 0xcedd, 0xc6dc, 0xc6bc, 0xc6bc, 0xc6bc, 0xc6bc, 0xbebc, 0xbebc, 
    0xbe9c, 0xbe9c, 0xbe9c, 0xbe9c, 0xbe9c, 0xbe9c, 0xbe9c, 0xbe9c, 0xbebc, 0xbebc, 0xbebc, 0xbebc, 0xbebc, 0xbebc, 0xc6bc, 0xbebc, 0xbebc, 0xbe9c, 0xbe9c, 0xbe9c, 
    0xbe9c, 0xbe9c, 0xbe9c, 0xbe7c, 0xbe7c, 0xb67c, 0xb67c, 0xbe9c, 0xbe9c, 0xbe9c, 0xbe9c, 0xbe9c, 0xbebc, 0xbebc, 0xbebc, 0xbe9c, 0xbebc, 0xbe9c, 0xbe9c, 0xbe9c, 
    0xbe9c, 0xb69c, 0xb67c, 0xb67c, 0xae7c, 0xae5c, 0xae5b, 0xae5b, 0xae5c, 0xae5c, 0xa63c, 0xa61b, 0xa61b, 0xa61b, 0xa63b, 0xa63c, 0xa61b, 0xa63b, 0xae3c, 0xae3c, 
    0xae5c, 0xae5c, 0xae5c, 0xae5c, 0xae5c, 0xae5c, 0xb65c, 0xae5c, 0xae5c, 0xae5b, 0xb65c, 0xb67c, 0xb67c, 0xb67c, 0xb67c, 0xbe7c, 0xbe9c, 0xbe9c, 0xbe9c, 0xbe9c, 
    0xc6bc, 0xc6bc, 0xc6bc, 0xc6bc, 0xc6bc, 0xc6dc, 0xc6dc, 0xcedc, 0xc6dc, 0xc6bc, 0xc6bc, 0xbe9c, 0xc6bc, 0xc6bc, 0xcedc, 0xcedc, 0xcedc, 0xcedc, 0xcedc, 0xcedd, 
    0xcefd, 0xcefd, 0xcefd, 0xcefd, 0xcefc, 0xcefd, 0xcedd, 0xcedd, 0xcedd, 0xcedc, 0xc6dc, 0xc6bc, 0xc6bc, 0xc6bc, 0xc6bc, 0xbe9c, 0xbe9c, 0xbe7c, 0xbe7c, 0xb67c, 
    0xb67c, 0xb65c, 0xb65c, 0xae5b, 0xae3b, 0xae3b, 0xa63b, 0xa63b, 0xa63b, 0xa63b, 0xa63b, 0xae3b, 0xae5b, 0xae5b, 0xb67c, 0xb67c, 0xb67c, 0xb67c, 0xb67c, 0xb67c, 
    0xbe9c, 0xbe9c, 0xbe9c, 0xbe9c, 0xbe9c, 0xbe9c, 0xbe9c, 0xbe9c, 0xbe9c, 0xbe9c, 0xbe9c, 0xbe9c, 0xbe9c, 0xbe9c, 0xbe9c, 0xbe9c, 0xbe9c, 0xbe9c, 0xbe9c, 0xb69c, 
    0xb69c, 0xb67c, 0xb67c, 0xb67c, 0xb69c, 0xb67c, 0xb67c, 0xb67c, 0xb67c, 0xb67c, 0xb67c, 0xb67c, 0xb67c, 0xb65c, 0xae5b, 0xae5b, 0xae5b, 0xae5b, 0xae5c, 0xb65b, 
    0xb65c, 0xb65c, 0xb65c, 0xb65c, 0xb65c, 0xb67c, 0xb65c, 0xae5c, 0xae5b, 0xae5b, 0xae5b, 0xae5b, 0xae5c, 0xae5b, 0xae3b, 0xae3b, 0xae3b, 0xae3b, 0xae3b, 0xae3b, 
    0xae3b, 0xae3b, 0xa63b, 0xa63b, 0xa63b, 0xa61b, 0xa61b, 0xae3b, 0xae3b, 0xae3b, 0xa63b, 0xa63b, 0xa63b, 0xa63b, 0xa63b, 0xa61b, 0xa61b, 0xa5fb, 0x9dfb, 0x9dfb, 
    
    0x6d5a, 0x7d7b, 0x7d9b, 0x859b, 0x85bb, 0x8dbb, 0x8dbb, 0x8dbb, 0x8dbb, 0x8ddb, 0x95db, 0x95fb, 0x9e1b, 0xa63c, 0xae3c, 0xae5c, 0xb67c, 0xb67c, 0xbe7c, 0xbe9c, 
    0xbe9c, 0xc6bc, 0xc6dd, 0xcedd, 0xcedd, 0xcefd, 0xcefd, 0xcefd, 0xcefd, 0xcefd, 0xcefd, 0xcedd, 0xcedd, 0xcefd, 0xcefd, 0xcefd, 0xcefd, 0xcefd, 0xcf1d, 0xd71d, 
    0xd73d, 0xdf3d, 0xdf3e, 0xdf3e, 0xdf3e, 0xdf3d, 0xdf3d, 0xdf3d, 0xd73d, 0xd71d, 0xd71d, 0xd71d, 0xd71d, 0xd71d, 0xd71d, 0xd71d, 0xd71d, 0xd71d, 0xd71d, 0xd71d, 
    0xd71d, 0xdf1d, 0xd71d, 0xd71d, 0xd71d, 0xd71d, 0xd71d, 0xd71d, 0xd71d, 0xd71d, 0xd6fd, 0xd6fd, 0xd6fd, 0xcefd, 0xcefd, 0xcefd, 0xcedd, 0xcedd, 0xcedc, 0xcedc, 
    0xcedd, 0xcefd, 0xcefd, 0xcefd, 0xcefd, 0xcefd, 0xcedd, 0xcedd, 0xcedd, 0xcedd, 0xcedd, 0xcefd, 0xcefd, 0xcedd, 0xcedd, 0xcedd, 0xcedd, 0xcedc, 0xc6dd, 0xc6dd, 
    0xc6dc, 0xc6bc, 0xc6bc, 0xc6dc, 0xc6dd, 0xc6dc, 0xc6dc, 0xc6dd, 0xc6dd, 0xc6dd, 0xcefd, 0xcefd, 0xcedd, 0xcedd, 0xcedd, 0xc6dc, 0xc6dc, 0xc6dc, 0xc6dc, 0xc6dc, 
    0xc6dc, 0xc6dc, 0xc6dc, 0xc6dc, 0xc6dc, 0xc6dc, 0xc6dc, 0xc6bc, 0xc6bc, 0xc6bc, 0xc6bc, 0xbebc, 0xbe9c, 0xbe9c, 0xbe9c, 0xbe9c, 0xb67c, 0xb65c, 0xae5c, 0xae3c, 
    0xae3b, 0xae5c, 0xae3c, 0xa63b, 0xa63b, 0xa63b, 0xa63b, 0xae3b, 0xa63b, 0xa63b, 0xa63b, 0xa61b, 0xa61b, 0xa63c, 0xa63c, 0xa63c, 0xae3c, 0xae3c, 0xae3c, 0xae3c, 
    0xae5c, 0xb65c, 0xb67c, 0xb67c, 0xb67c, 0xbe9c, 0xbe9c, 0xbe9c, 0xbe9c, 0xbe9c, 0xc69c, 0xc69c, 0xc69c, 0xc6bc, 0xc6bc, 0xc6bc, 0xc6dc, 0xcedc, 0xcedc, 0xcedd, 
    0xcefd, 0xcefd, 0xcefd, 0xcefd, 0xcefd, 0xcefd, 0xcefd, 0xcefd, 0xcefd, 0xcefd, 0xcedd, 0xcedc, 0xcedd, 0xcedd, 0xcedc, 0xcefc, 0xd6fd, 0xd6fd, 0xd71d, 0xd71d, 
    0xd71d, 0xd71d, 0xd71d, 0xd71d, 0xd71d, 0xd71d, 0xd71d, 0xd6fd, 0xcefd, 0xcefd, 0xcedd, 0xcedd, 0xcedd, 0xc6dc, 0xc6bc, 0xc6bc, 0xc6bc, 0xc6bc, 0xbe9c, 0xbe9c, 
    0xbe7c, 0xb67c, 0xb67c, 0xb67c, 0xb67c, 0xb67c, 0xb67c, 0xb65c, 0xb65c, 0xb65c, 0xb67c, 0xb67c, 0xb67c, 0xbe9c, 0xbe9c, 0xb67c, 0xb67c, 0xb69c, 0xbe9c, 0xbe9c, 
    0xbe9c, 0xbe9c, 0xbebc, 0xc6bc, 0xbebc, 0xbebc, 0xbebc, 0xbebc, 0xbe9c, 0xbe9c, 0xbebc, 0xbebc, 0xbe9c, 0xbe9c, 0xbe9c, 0xbe9c, 0xbe9c, 0xbe9c, 0xbe9c, 0xb67c, 
    0xb67c, 0xb67c, 0xb67c, 0xb67c, 0xb67c, 0xb67c, 0xb67c, 0xb67c, 0xb67c, 0xb67c, 0xb67c, 0xb67c, 0xb67c, 0xb67c, 0xb67c, 0xb67c, 0xb67c, 0xb65c, 0xae5c, 0xae5b, 
    0xae5b, 0xae5b, 0xae5b, 0xae5b, 0xae5b, 0xae5b, 0xae5b, 0xae5b, 0xae5b, 0xae5b, 0xae5b, 0xae5b, 0xae5b, 0xae5b, 0xae3b, 0xae3b, 0xa63b, 0xa63b, 0xae3b, 0xae3b, 
    0xa63b, 0xa63b, 0xa63b, 0xa61b, 0xa61b, 0xa61b, 0xa61b, 0xa61b, 0xa63b, 0xa61b, 0xa61b, 0xa61b, 0xa61b, 0xa61b, 0xa61b, 0xa61b, 0xa61b, 0x9dfb, 0x9dfb, 0x9dfb, 
    
    0x757b, 0x7d7b, 0x7d7b, 0x757b, 0x755a, 0x6d5a, 0x6d3a, 0x653a, 0x653a, 0x653a, 0x6d3a, 0x755a, 0x7d7a, 0x859b, 0x8ddb, 0x95db, 0x95fb, 0x9dfb, 0x9e1b, 0xa63c, 
    0xae5c, 0xb67c, 0xbe9c, 0xbe9c, 0xbe9c, 0xbebc, 0xc6bc, 0xc6bc, 0xbebc, 0xc6bc, 0xc6bc, 0xc6bc, 0xc6bc, 0xc6bc, 0xc6bc, 0xc6dd, 0xcefd, 0xcefd, 0xcefd, 0xcefd, 
    0xd71d, 0xd71d, 0xdf3d, 0xdf3e, 0xdf3d, 0xdf3d, 0xd73d, 0xdf3d, 0xdf3d, 0xd73d, 0xd73d, 0xd73d, 0xd73d, 0xdf3d, 0xdf3d, 0xd73d, 0xd73d, 0xd73d, 0xd71d, 0xdf1d, 
    0xdf1d, 0xdf3d, 0xdf1d, 0xd71d, 0xd71d, 0xd71d, 0xd71d, 0xd6fd, 0xcefd, 0xcefd, 0xcefd, 0xd6fd, 0xd6fd, 0xd71d, 0xd71d, 0xd71d, 0xd71d, 0xd71d, 0xd6fd, 0xcefd, 
    0xcefd, 0xd6fd, 0xd6fd, 0xd6fd, 0xd6fd, 0xd6fd, 0xcefd, 0xcefd, 0xcefd, 0xcefd, 0xcefd, 0xcefd, 0xcefd, 0xcefd, 0xd6fd, 0xd6fd, 0xd6fd, 0xd6fd, 0xcefd, 0xcefd, 
    0xcefd, 0xcefd, 0xcefd, 0xcefd, 0xcefd, 0xcefd, 0xcefd, 0xcf1d, 0xcf1d, 0xd71d, 0xd71d, 0xd71d, 0xd71d, 0xd71d, 0xcefd, 0xcefd, 0xcefd, 0xcefd, 0xcefd, 0xcefd, 
    0xcedd, 0xcedd, 0xcedd, 0xc6dc, 0xc6dc, 0xc6bc, 0xc6bc, 0xbebc, 0xbe9c, 0xbe9c, 0xb67c, 0xb67c, 0xae5c, 0xae5c, 0xae3c, 0xa63b, 0xa61b, 0x9e1b, 0x9e1b, 0x9e1b, 
    0x9e1b, 0x9e1b, 0x9e1b, 0x9e1b, 0xa63b, 0xae3b, 0xae3b, 0xa63b, 0xa63b, 0xa61b, 0xa61b, 0xa63b, 0xa63b, 0xa63b, 0xa63b, 0xa63c, 0xa63c, 0xae3c, 0xae3c, 0xae5c, 
    0xb65c, 0xb65c, 0xb67c, 0xb67c, 0xb67c, 0xb67c, 0xb67c, 0xbe7c, 0xbe9c, 0xbe9c, 0xbe9c, 0xc6bc, 0xc6bc, 0xc6bc, 0xc6dc, 0xc6dc, 0xcedc, 0xcedc, 0xcedd, 0xcefd, 
    0xcefd, 0xd6fd, 0xd71d, 0xd71d, 0xd71d, 0xd71d, 0xd71d, 0xd71d, 0xd71d, 0xd6fd, 0xd6fd, 0xd6fd, 0xd6fd, 0xcefd, 0xcefd, 0xd71d, 0xd71d, 0xd71d, 0xd71d, 0xd71d, 
    0xd71d, 0xd71d, 0xd71d, 0xd71d, 0xd71d, 0xd71d, 0xd71d, 0xd6fd, 0xd6fd, 0xd6fd, 0xd6fd, 0xcefd, 0xcefd, 0xcefd, 0xcefd, 0xcedd, 0xcedd, 0xcedd, 0xc6dc, 0xc6bc, 
    0xc6bc, 0xc6bc, 0xbebc, 0xbe9c, 0xbebc, 0xc6bc, 0xc6bc, 0xc6bc, 0xc6bc, 0xc6bc, 0xc6bc, 0xc6bc, 0xc6bc, 0xc6bc, 0xc6bc, 0xc6bc, 0xc6bc, 0xc6bc, 0xc6bc, 0xc6bc, 
    0xc6bc, 0xc6bc, 0xc6bc, 0xc6dc, 0xc6dc, 0xc6dc, 0xc6dc, 0xc6dc, 0xc6bc, 0xc6bc, 0xc6dc, 0xc6dd, 0xc6bc, 0xbebc, 0xbe9c, 0xbe9c, 0xbe9c, 0xbe9c, 0xbe9c, 0xbe9c, 
    0xbe9c, 0xbe9c, 0xbe9c, 0xb69c, 0xb69c, 0xb67c, 0xbe9c, 0xb69c, 0xb67c, 0xb67c, 0xb67c, 0xb67c, 0xb67c, 0xb67c, 0xb67c, 0xb67c, 0xb67c, 0xb67c, 0xb65c, 0xae5c, 
    0xae5b, 0xae5b, 0xae5c, 0xae5b, 0xae5b, 0xae5b, 0xae5b, 0xae5b, 0xae5b, 0xae3b, 0xae5b, 0xae5b, 0xae5b, 0xae3b, 0xae3b, 0xa63b, 0xa63b, 0xa63b, 0xa63b, 0xa63b, 
    0xa63b, 0xa63b, 0xa61b, 0xa61b, 0xa61b, 0xa61b, 0xa61b, 0xa61b, 0xa63b, 0xa63b, 0xa63b, 0xa61b, 0xa61b, 0xa61b, 0xa61b, 0xa61b, 0x9dfb, 0x9dfb, 0x9dfb, 0x9dfb, 
    
    0x755b, 0x6d5b, 0x6d3b, 0x653a, 0x5cfa, 0x54fa, 0x54fa, 0x5d1a, 0x5cfa, 0x5cfa, 0x5d1a, 0x651a, 0x651a, 0x6d3a, 0x6d5a, 0x755a, 0x7d7a, 0x859b, 0x8dbb, 0x95db, 
    0x9dfb, 0xa61c, 0x9e1b, 0x9dfb, 0x9dfb, 0x9dfb, 0x9dfb, 0x9e1b, 0xa61b, 0xae3c, 0xae5c, 0xb67c, 0xb67c, 0xbe9c, 0xbe9c, 0xbebc, 0xc6bc, 0xc6dc, 0xc6bc, 0xc6bc, 
    0xc6dd, 0xcedd, 0xcefd, 0xd71d, 0xd71d, 0xd71d, 0xd71d, 0xd73d, 0xd73d, 0xd73d, 0xd73d, 0xd73d, 0xdf3d, 0xdf3d, 0xdf3d, 0xdf3d, 0xdf3d, 0xdf3d, 0xdf3d, 0xdf3d, 
    0xdf3d, 0xdf3d, 0xdf1d, 0xd71d, 0xd71d, 0xd71d, 0xd71d, 0xcefd, 0xcefc, 0xcefc, 0xcefd, 0xd6fd, 0xd71d, 0xd71d, 0xd71d, 0xd71d, 0xd71d, 0xd71d, 0xd6fd, 0xd6fd, 
    0xd6fd, 0xd6fd, 0xd6fd, 0xd6fd, 0xd6fd, 0xd6fd, 0xd6fd, 0xd71d, 0xd6fd, 0xd6fd, 0xd6fd, 0xd71d, 0xd71d, 0xd71d, 0xd71d, 0xd71d, 0xd71d, 0xd71d, 0xd71d, 0xd71d, 
    0xd71d, 0xd71d, 0xd71d, 0xd71d, 0xd71d, 0xd71d, 0xd71d, 0xd71d, 0xd71d, 0xd71d, 0xd71d, 0xd71d, 0xcefd, 0xcefd, 0xcefd, 0xcedd, 0xc6dd, 0xc6dc, 0xc6bc, 0xc6bc, 
    0xbebc, 0xbebc, 0xbe9c, 0xbe7c, 0xb67c, 0xb67c, 0xae5c, 0xae5c, 0xae5c, 0xa63c, 0xa63c, 0xa61b, 0x9e1b, 0x9e1b, 0x9e1b, 0x9e1b, 0x9e1b, 0x9e1b, 0x9e1b, 0x9e1b, 
    0x9e1b, 0xa61b, 0xa63b, 0xa63b, 0xae5b, 0xae3b, 0xae3b, 0xa63b, 0xa61b, 0xa61b, 0x9e1b, 0x9e1b, 0xa61b, 0xa61b, 0xa61b, 0xa61b, 0xa61b, 0xa61b, 0xa61b, 0xae3b, 
    0xae3c, 0xae5c, 0xae5c, 0xae5c, 0xae5b, 0xae5c, 0xb65c, 0xb67c, 0xb67c, 0xbe7c, 0xbe7c, 0xbe9c, 0xc6bc, 0xc6bc, 0xc6dc, 0xc6dc, 0xcedc, 0xcedc, 0xcefd, 0xcefd, 
    0xcefd, 0xd6fd, 0xd6fd, 0xd71d, 0xd71d, 0xd73d, 0xd73d, 0xd71d, 0xd71d, 0xd71d, 0xd71d, 0xd71d, 0xd71d, 0xd71d, 0xd71d, 0xd71d, 0xd71d, 0xd71d, 0xd71d, 0xd71d, 
    0xd71d, 0xd71d, 0xd71d, 0xd71d, 0xd71d, 0xd71d, 0xd6fd, 0xcefd, 0xcedd, 0xcedd, 0xcedc, 0xcedc, 0xcedc, 0xc6dc, 0xc6bc, 0xc6bc, 0xc6bc, 0xc6bc, 0xc6bc, 0xc6bc, 
    0xbe9c, 0xbe9c, 0xbe9c, 0xbe9c, 0xc6bc, 0xc6bc, 0xc6bc, 0xc6bc, 0xc6bc, 0xc6bc, 0xc6bc, 0xc6bc, 0xc6bc, 0xc6bc, 0xc6bc, 0xbebc, 0xbe9c, 0xbebc, 0xc6bc, 0xc6bc, 
    0xc6bc, 0xc6dc, 0xc6dd, 0xcedd, 0xcedd, 0xc6dc, 0xc6dc, 0xc6dc, 0xc6dc, 0xcedd, 0xcefd, 0xcedd, 0xcedc, 0xc6dc, 0xc6bc, 0xc6bc, 0xc6bc, 0xc6bc, 0xbe9c, 0xbe9c, 
    0xbe9c, 0xbe9c, 0xbebc, 0xbebc, 0xbebc, 0xbe9c, 0xbe9c, 0xbe9c, 0xbe9c, 0xbe9c, 0xbe9c, 0xbe9c, 0xb67c, 0xb67c, 0xb67c, 0xb67c, 0xb67c, 0xb67c, 0xb67c, 0xae5b, 
    0xae5b, 0xae5b, 0xae5b, 0xae5b, 0xae5b, 0xae5c, 0xb65c, 0xb65c, 0xae5b, 0xae5b, 0xae5b, 0xae5b, 0xae5b, 0xae3b, 0xae3b, 0xae3b, 0xa63b, 0xa63b, 0xa61b, 0xa61b, 
    0x9e1b, 0x9e1b, 0x9e1b, 0x9e1b, 0xa61b, 0xa61b, 0xa61b, 0xa61b, 0xa61b, 0xa61b, 0xa61b, 0xa61b, 0xa61b, 0xa61b, 0xa61b, 0xa61b, 0x9e1b, 0x9dfb, 0x9ddb, 0x9ddb, 
    
    0x5d1a, 0x5d1a, 0x5d1a, 0x5d1a, 0x54fa, 0x5cfa, 0x5d1a, 0x5d1a, 0x653a, 0x6d3a, 0x6d5a, 0x755a, 0x6d3a, 0x6d3a, 0x6d3a, 0x6d3a, 0x755a, 0x7d7a, 0x859b, 0x859b, 
    0x8dbb, 0x8dbb, 0x8dbb, 0x8dbb, 0x8dbb, 0x8dbb, 0x859b, 0x859b, 0x8ddb, 0x95fb, 0x9e1b, 0x9dfb, 0x9e1b, 0xa63c, 0xae5c, 0xb67c, 0xb67c, 0xb67c, 0xbe9c, 0xbe9c, 
    0xbe9c, 0xbebc, 0xc6bc, 0xc6dc, 0xcedd, 0xcefd, 0xcefd, 0xcefd, 0xcefd, 0xcefd, 0xcefd, 0xd71d, 0xd73d, 0xdf3d, 0xdf3d, 0xdf3d, 0xdf3d, 0xdf3d, 0xdf3d, 0xdf3d, 
    0xdf3d, 0xdf3d, 0xdf3d, 0xdf1d, 0xd71d, 0xd71d, 0xd71d, 0xd6fd, 0xd6fd, 0xd6fd, 0xd6fd, 0xd6fd, 0xd6fd, 0xd71d, 0xd71d, 0xd71d, 0xd71d, 0xd71d, 0xd6fd, 0xd6fd, 
    0xd6fd, 0xd71d, 0xd71d, 0xd71d, 0xd71d, 0xd71d, 0xd71d, 0xd71d, 0xd71d, 0xd71d, 0xd71d, 0xd71d, 0xd71d, 0xd71d, 0xd71d, 0xd71d, 0xd71d, 0xd73d, 0xd73d, 0xd71d, 
    0xd71d, 0xd71d, 0xd71d, 0xd71d, 0xd71d, 0xcf1d, 0xcefd, 0xcefd, 0xcefd, 0xcefd, 0xcedd, 0xcedd, 0xc6dc, 0xc6bc, 0xbebc, 0xbe9c, 0xbe9c, 0xbe9c, 0xb69c, 0xb67c, 
    0xb67c, 0xb67c, 0xae5c, 0xae5c, 0xae5c, 0xae5b, 0xae5c, 0xae3b, 0xae3c, 0xa63c, 0xa63c, 0xa63c, 0xa61b, 0x9e1b, 0x9e1b, 0x9e1b, 0x9e1b, 0x9e1b, 0x9e1b, 0x9e1b, 
    0x9e1b, 0x9e1b, 0xa63b, 0xa63b, 0xae3b, 0xa63b, 0xa63b, 0x9e1b, 0x9e1b, 0x9dfb, 0x9dfb, 0x9dfb, 0x9e1b, 0x9e1b, 0x9e1b, 0xa61b, 0xa61b, 0xa61b, 0xa61b, 0xa63b, 
    0xae3b, 0xae3b, 0xae3b, 0xae5c, 0xae5c, 0xb65c, 0xb67c, 0xb67c, 0xb67c, 0xbe7c, 0xbe7c, 0xbe9c, 0xc6bc, 0xc6bc, 0xc6dc, 0xcedc, 0xcefc, 0xd6fd, 0xd71d, 0xd71d, 
    0xd71d, 0xd71d, 0xd71d, 0xd71d, 0xd71d, 0xd71d, 0xd71d, 0xd71d, 0xd71d, 0xd71d, 0xd71d, 0xd71d, 0xd71d, 0xd71d, 0xd71d, 0xd71d, 0xd71d, 0xd6fd, 0xd6fd, 0xd6fd, 
    0xd6fd, 0xd6fd, 0xd6fc, 0xcefc, 0xcefd, 0xcefc, 0xcedc, 0xc6dc, 0xc6dc, 0xc6bc, 0xc6bc, 0xc6bc, 0xbe9c, 0xbe9c, 0xbe9c, 0xbe9c, 0xb67c, 0xb67c, 0xb67c, 0xb67c, 
    0xb67c, 0xb67c, 0xbe9c, 0xbe7c, 0xb67c, 0xb67c, 0xb67c, 0xb67c, 0xb67c, 0xbe9c, 0xbe9c, 0xbebc, 0xc6bc, 0xbebc, 0xbebc, 0xc6bc, 0xbe9c, 0xbe9c, 0xbebc, 0xc6bc, 
    0xbe9c, 0xbe9c, 0xbe9c, 0xbe9c, 0xbe9c, 0xbe9c, 0xbe9c, 0xbe9c, 0xbe9c, 0xbe9c, 0xbe9c, 0xbe9c, 0xbe9c, 0xbebc, 0xbebc, 0xc6bc, 0xbebc, 0xbe9c, 0xbe9c, 0xbe9c, 
    0xbe9c, 0xbe9c, 0xbe9c, 0xbe9c, 0xbe9c, 0xbe9c, 0xbe9c, 0xbe9c, 0xbe9c, 0xbe9c, 0xbe9c, 0xbe9c, 0xbe9c, 0xbe9c, 0xb69c, 0xb67c, 0xb67c, 0xb67c, 0xb67c, 0xb67c, 
    0xb67c, 0xb67c, 0xb67b, 0xb67c, 0xb67c, 0xb67c, 0xb67c, 0xb67c, 0xb67c, 0xb67c, 0xb65c, 0xb65c, 0xae5c, 0xae5c, 0xae5c, 0xae5b, 0xae3b, 0xae3b, 0xae3b, 0xa63b, 
    0xa61b, 0x9e1b, 0x9dfb, 0x9dfb, 0x95db, 0x9ddb, 0x9dfb, 0x9dfb, 0x9dfb, 0x9dfb, 0x9e1b, 0x9e1b, 0x9dfb, 0x9dfb, 0x9dfb, 0x9dfb, 0x9dfb, 0x9dfb, 0x9ddb, 0x9ddb, 
    
    0x653b, 0x653a, 0x653a, 0x653a, 0x653a, 0x6d5a, 0x6d5a, 0x6d3a, 0x6d5a, 0x757b, 0x7d7b, 0x7d9b, 0x859b, 0x859b, 0x859b, 0x859b, 0x85bb, 0x8dbb, 0x8ddb, 0x95db, 
    0x95db, 0x9dfb, 0x9e1b, 0xa61c, 0xa63c, 0xae3c, 0xa61b, 0x95fb, 0x95fb, 0x95db, 0x8ddb, 0x8dbb, 0x85bb, 0x8dbb, 0x8ddb, 0x9dfb, 0xa61b, 0xae5c, 0xb69c, 0xbe9c, 
    0xc6bc, 0xc6bc, 0xc6bc, 0xc6dc, 0xc6dd, 0xcedd, 0xc6dc, 0xc6dc, 0xc6bc, 0xc6bc, 0xc6dd, 0xcefd, 0xd71d, 0xd71d, 0xd71d, 0xd71d, 0xd71d, 0xd73d, 0xd73d, 0xdf3d, 
    0xdf3d, 0xdf3d, 0xdf3d, 0xdf3d, 0xdf3d, 0xdf3d, 0xdf1d, 0xd71d, 0xd71d, 0xd71d, 0xd71d, 0xd71d, 0xd71d, 0xd71d, 0xd71d, 0xd71d, 0xd71d, 0xd71d, 0xd71d, 0xd71d, 
    0xd71d, 0xd71d, 0xd71d, 0xd71d, 0xd71d, 0xd71d, 0xd71d, 0xd73d, 0xd73d, 0xd73d, 0xdf3d, 0xdf3d, 0xdf3d, 0xd73d, 0xd73d, 0xd73d, 0xd73d, 0xd71d, 0xd71d, 0xd71d, 
    0xd71d, 0xd71d, 0xcefd, 0xcefd, 0xcefd, 0xcefd, 0xcefd, 0xcedc, 0xc6dc, 0xc6dc, 0xc6dc, 0xc6bc, 0xbebc, 0xbe9c, 0xbe9c, 0xb69c, 0xb69c, 0xb69c, 0xb67c, 0xb67c, 
    0xb67c, 0xae5c, 0xae5c, 0xae5c, 0xae5c, 0xae5c, 0xae5c, 0xae5c, 0xae5c, 0xae5c, 0xae5c, 0xa63c, 0xa63c, 0xa63c, 0x9e1b, 0x9e1b, 0x9e1b, 0x9e1b, 0x95fb, 0x95fb, 
    0x95fb, 0x95fb, 0x95fb, 0x95fb, 0x95fb, 0x95fb, 0x95fb, 0x95fb, 0x95fb, 0x95fb, 0x95fb, 0x9dfb, 0x9e1b, 0x9e1b, 0xa63b, 0xa63c, 0xa63b, 0xa63c, 0xae3c, 0xae5c, 
    0xae5c, 0xae5b, 0xae3b, 0xae5c, 0xae5b, 0xb65c, 0xb67c, 0xb67c, 0xbe7c, 0xbe9c, 0xbe9c, 0xc6bc, 0xcedc, 0xcedc, 0xcedc, 0xcefd, 0xcefd, 0xd6fd, 0xd6fd, 0xd71d, 
    0xd6fd, 0xd6fd, 0xd71d, 0xd71d, 0xd71d, 0xd6fd, 0xd71d, 0xd71d, 0xd71d, 0xd71d, 0xd71d, 0xd71d, 0xd71d, 0xd71d, 0xd71d, 0xd71d, 0xd6fd, 0xcefc, 0xcedc, 0xcedc, 
    0xcedc, 0xcedc, 0xc6dc, 0xc6dc, 0xc6bc, 0xc6bc, 0xc6bc, 0xc6bc, 0xbe9c, 0xbe9c, 0xbe9c, 0xbe9c, 0xbe9c, 0xbe7c, 0xbe7c, 0xbe9c, 0xbe9c, 0xb67c, 0xb67c, 0xb67c, 
    0xb67c, 0xbe9c, 0xbe9c, 0xbe9c, 0xb67c, 0xb67c, 0xb67c, 0xb67c, 0xb67c, 0xb67c, 0xbe9c, 0xbe9c, 0xbe9c, 0xbe9c, 0xbe9c, 0xc6bc, 0xc6bc, 0xc6bc, 0xc6bc, 0xc6bc, 
    0xbe9c, 0xbe9c, 0xbe9c, 0xbe9c, 0xb69c, 0xb67c, 0xb67c, 0xb67c, 0xb67c, 0xb67c, 0xb67c, 0xb67c, 0xb67c, 0xb67c, 0xb67c, 0xb67c, 0xb67c, 0xbe9c, 0xbe9c, 0xbe9c, 
    0xb69c, 0xb69c, 0xb69c, 0xbe9c, 0xbe9c, 0xbe9c, 0xbe9c, 0xbebc, 0xbe9c, 0xbe9c, 0xbe9c, 0xbe9c, 0xbe9c, 0xb69c, 0xb67c, 0xb69c, 0xbe9c, 0xb67c, 0xb67c, 0xbe9c, 
    0xbe9c, 0xbe9c, 0xbe9c, 0xbe9c, 0xb69c, 0xb67c, 0xb67c, 0xb67c, 0xb67c, 0xb67c, 0xb67c, 0xb67c, 0xb67c, 0xb67c, 0xb67c, 0xb65c, 0xb65c, 0xae5c, 0xae5c, 0xae5c, 
    0xae5b, 0xae5b, 0xae3b, 0xa63b, 0xa61b, 0xa5fb, 0x9dfb, 0x9dfb, 0x9dfa, 0x9dfb, 0x9dfb, 0x9dfb, 0x9dfb, 0x9dfb, 0x9dda, 0x95db, 0x95db, 0x95db, 0x95db, 0x95db, 
    
    0x757b, 0x755b, 0x757b, 0x757b, 0x757b, 0x757b, 0x757b, 0x7d7b, 0x7d9b, 0x85bb, 0x8dbb, 0x8ddb, 0x95db, 0x95db, 0x95db, 0x95fb, 0x9dfc, 0x9dfb, 0x95fb, 0x95fb, 
    0x9dfb, 0xa61c, 0xae3c, 0xae5c, 0xae5c, 0xae5c, 0xae5c, 0xa61b, 0x95fb, 0x8ddb, 0x8ddb, 0x8ddb, 0x95db, 0x9e1b, 0xa63c, 0xae3c, 0xae5c, 0xb67c, 0xbe9c, 0xc6bc, 
    0xc6dc, 0xc6dc, 0xc6bc, 0xc6bc, 0xc6bc, 0xc6bc, 0xbebc, 0xbebc, 0xbe9c, 0xbe9c, 0xc6bc, 0xc6dc, 0xcedd, 0xcefd, 0xcefd, 0xd71d, 0xd71d, 0xd71d, 0xd71d, 0xd73d, 
    0xdf3d, 0xdf3d, 0xdf3d, 0xdf5d, 0xdf3d, 0xdf3d, 0xdf3d, 0xdf3d, 0xdf3d, 0xdf3d, 0xdf3d, 0xdf1d, 0xd71d, 0xd71d, 0xd71d, 0xd71d, 0xd71d, 0xd71d, 0xd71d, 0xd71d, 
    0xd71d, 0xd71d, 0xd71d, 0xd71d, 0xd71d, 0xd71d, 0xd73d, 0xd73d, 0xdf3d, 0xd73d, 0xd73d, 0xd73d, 0xd73d, 0xd73d, 0xd73d, 0xd73d, 0xd71d, 0xcf1d, 0xcefd, 0xcefd, 
    0xcedc, 0xc6dc, 0xc6dc, 0xcedc, 0xcedc, 0xcedc, 0xc6dc, 0xc6dc, 0xc6bc, 0xc6bc, 0xc6bc, 0xbe9c, 0xbe9c, 0xbe9c, 0xb67c, 0xb67c, 0xb67c, 0xb65c, 0xae5c, 0xae5b, 
    0xae5c, 0xae5b, 0xae5c, 0xae5b, 0xae5c, 0xa63c, 0xa63c, 0xa63c, 0xa63c, 0xa63c, 0x9e1c, 0x9e1c, 0x9e1b, 0x9dfb, 0x95fb, 0x95fb, 0x8ddb, 0x8ddb, 0x85bb, 0x85bb, 
    0x8dbb, 0x8ddb, 0x8ddb, 0x8ddb, 0x8ddb, 0x95fb, 0x95fb, 0x95fb, 0x9dfb, 0x9dfb, 0x9dfb, 0x9dfb, 0x9e1b, 0xa61b, 0xa63b, 0xa63c, 0xae5c, 0xae5c, 0xb65c, 0xb65c, 
    0xb65c, 0xb65c, 0xb65c, 0xb67c, 0xb67c, 0xb67c, 0xbe7c, 0xbe9c, 0xbe9c, 0xbe9c, 0xc6bc, 0xc6dc, 0xcedc, 0xcedc, 0xcefc, 0xcefc, 0xcefd, 0xcefd, 0xd6fd, 0xcefc, 
    0xcefc, 0xd6fd, 0xd6fd, 0xd6fc, 0xd6fd, 0xd6fd, 0xd71d, 0xd71d, 0xd71d, 0xd71d, 0xd71d, 0xd71d, 0xd71d, 0xd71d, 0xd71d, 0xd71d, 0xd71d, 0xd6fd, 0xcefc, 0xcefc, 
    0xcedc, 0xc6dc, 0xc6bc, 0xc6bc, 0xc6bc, 0xc6bc, 0xc6bc, 0xc6bc, 0xc6bc, 0xc6bc, 0xc6bc, 0xc6bc, 0xc6bc, 0xc6bc, 0xc6bc, 0xc6bc, 0xc6bc, 0xc6bc, 0xc6bc, 0xc6dc, 
    0xc6bc, 0xc6dc, 0xc6dc, 0xcedc, 0xc6dc, 0xc6bc, 0xc6bc, 0xc6bc, 0xc6bc, 0xbe9c, 0xbe9c, 0xbe9c, 0xbe9c, 0xbe9c, 0xbe9c, 0xc6bc, 0xc6bc, 0xc6bc, 0xc6bc, 0xc6bc, 
    0xbebc, 0xbe9c, 0xbe9c, 0xbe9c, 0xbe9c, 0xbe9c, 0xbe9c, 0xb69c, 0xb69c, 0xb69c, 0xbe9c, 0xb69c, 0xb67c, 0xb67c, 0xb67c, 0xb67c, 0xb67c, 0xb67c, 0xb67c, 0xb67c, 
    0xb67c, 0xb69c, 0xb69c, 0xbe9c, 0xbebc, 0xbebc, 0xbe9c, 0xbe9c, 0xbe9c, 0xbe9c, 0xbe9c, 0xbe9c, 0xb69c, 0xb67c, 0xbe9c, 0xbe9c, 0xbe9c, 0xbe9c, 0xc6bc, 0xc6bc, 
    0xbe9c, 0xbe9c, 0xb67c, 0xb67c, 0xb67c, 0xb67c, 0xb67c, 0xb67c, 0xb67c, 0xb67c, 0xb69c, 0xb67c, 0xb67c, 0xb67c, 0xbe9c, 0xb69c, 0xb67c, 0xb67c, 0xb67b, 0xb65b, 
    0xb65c, 0xae5b, 0xae5b, 0xae5b, 0xae5b, 0xae3b, 0xae3b, 0xae3b, 0xa63b, 0xa61b, 0xa61b, 0x9e1b, 0x9dfb, 0x9dfb, 0x9dfb, 0x9dfb, 0x9ddb, 0x95db, 0x95da, 0x95da, 
    
    0x757b, 0x7d7b, 0x7d9b, 0x7d9b, 0x7d7b, 0x757b, 0x7d7b, 0x7d9b, 0x859b, 0x859b, 0x859b, 0x859b, 0x859b, 0x859b, 0x85bb, 0x8ddb, 0x95db, 0x8ddb, 0x8dbb, 0x8dbb, 
    0x8dbb, 0x8ddb, 0x8ddb, 0x8dbb, 0x8dbb, 0x85bb, 0x8dbb, 0x8ddb, 0x95db, 0x95fb, 0x95fb, 0x9dfb, 0x9e1c, 0xa63c, 0xa63c, 0xa63c, 0xa63c, 0xa63b, 0xa61b, 0xa63c, 
    0xae5c, 0xae5c, 0xae5c, 0xae5c, 0xae5c, 0xae5c, 0xae5c, 0xae5c, 0xae5c, 0xb67c, 0xb69c, 0xbe9c, 0xbebc, 0xc6bc, 0xc6dc, 0xcefd, 0xcefd, 0xcefd, 0xcefd, 0xd71d, 
    0xd71d, 0xd71d, 0xd71d, 0xd73d, 0xdf3d, 0xdf3d, 0xdf3d, 0xdf3d, 0xdf3d, 0xdf3d, 0xdf5d, 0xdf3d, 0xdf3d, 0xdf3d, 0xdf3d, 0xdf3d, 0xdf1d, 0xdf1d, 0xd71d, 0xd71d, 
    0xd71d, 0xd71d, 0xd71d, 0xd71d, 0xd71d, 0xd73d, 0xd71d, 0xd73d, 0xd73d, 0xd73d, 0xd73d, 0xd73d, 0xd73d, 0xd73d, 0xd73d, 0xd71d, 0xd71d, 0xcefd, 0xcefc, 0xcedc, 
    0xcedc, 0xc6dc, 0xc6dc, 0xcedc, 0xc6dc, 0xc6dc, 0xc6dc, 0xc6dc, 0xc6dc, 0xc6dc, 0xc6dc, 0xc6bc, 0xc6bc, 0xbe9c, 0xbe9c, 0xb67c, 0xb67c, 0xb67c, 0xae5c, 0xae5c, 
    0xae5c, 0xae5b, 0xa63b, 0xa63b, 0x9e1b, 0x95fb, 0x95fb, 0x8ddb, 0x8ddb, 0x8ddb, 0x8ddb, 0x8ddb, 0x95fb, 0x95fb, 0x95fb, 0x95fb, 0x8ddb, 0x95fb, 0x95fb, 0x8ddb, 
    0x8ddb, 0x95fb, 0x95fb, 0x95fb, 0x95fb, 0x95fb, 0x95fb, 0x9dfb, 0x9e1b, 0x9e1b, 0x9e1b, 0x9e1b, 0xa63b, 0xa63b, 0xae3c, 0xae5c, 0xae5c, 0xb65c, 0xb65c, 0xb65c, 
    0xb67c, 0xb67c, 0xb67c, 0xb67c, 0xb67c, 0xbe7c, 0xbe9c, 0xbe9c, 0xbe9c, 0xc6bc, 0xcedc, 0xcefc, 0xcefc, 0xd6fd, 0xd6fd, 0xd6fc, 0xd6fd, 0xd71d, 0xd6fd, 0xd6fd, 
    0xd6fd, 0xd6fd, 0xd6fd, 0xd6fd, 0xd6fc, 0xd6fd, 0xd71d, 0xd71d, 0xd6fd, 0xd6fd, 0xd6fd, 0xcefd, 0xd6fd, 0xd6fd, 0xcefd, 0xcefd, 0xcefd, 0xcefc, 0xcefc, 0xcefc, 
    0xcefc, 0xcedc, 0xcedc, 0xcedc, 0xcedc, 0xcedc, 0xcedc, 0xcefd, 0xcefc, 0xcefd, 0xd6fd, 0xd6fd, 0xd71d, 0xd71d, 0xd71d, 0xd71d, 0xd71d, 0xd71d, 0xdf1d, 0xdf3d, 
    0xd71d, 0xd71d, 0xd71d, 0xd71d, 0xd71d, 0xd71d, 0xd71d, 0xd71d, 0xd6fd, 0xcefd, 0xcefd, 0xcedd, 0xcedd, 0xcedc, 0xcedc, 0xc6dc, 0xc6dc, 0xc6dc, 0xc6bc, 0xc6bc, 
    0xc6bc, 0xbe9c, 0xbe9c, 0xbe9c, 0xbe9c, 0xb69c, 0xb67c, 0xb67c, 0xb67c, 0xb67c, 0xb67c, 0xb67c, 0xb67c, 0xb67c, 0xb67c, 0xb67c, 0xb67c, 0xb67c, 0xb67c, 0xb67c, 
    0xb67c, 0xb69c, 0xb69c, 0xbe9c, 0xbe9c, 0xbe9c, 0xbe9c, 0xbe9c, 0xbe9c, 0xbe9c, 0xbe9c, 0xbe9c, 0xbe9c, 0xbe9c, 0xbe9c, 0xbe9c, 0xbe9c, 0xbe9c, 0xbe9c, 0xbe9c, 
    0xb69c, 0xb67c, 0xb67c, 0xb67c, 0xb65b, 0xae5b, 0xae5c, 0xae5b, 0xae5b, 0xae5b, 0xae5b, 0xb65b, 0xb67c, 0xbe9c, 0xb65b, 0xb67c, 0xbebd, 0xc6bd, 0xbebc, 0xbebc, 
    0xbebc, 0xbebd, 0xbe9c, 0xb67c, 0xb65b, 0xae5b, 0xae5b, 0xae5b, 0xae5b, 0xae5b, 0xae5b, 0xae3b, 0xae3b, 0xae3b, 0xae3b, 0xa61b, 0xa61b, 0xa61b, 0xa61b, 0x9dfb, 
    
    0x85bb, 0x85bb, 0x85bb, 0x859b, 0x7d9b, 0x757b, 0x757b, 0x7d7b, 0x7d9b, 0x7d9b, 0x7d9b, 0x7d9b, 0x7d7b, 0x7d9b, 0x859b, 0x85bb, 0x8dbb, 0x8dbb, 0x8dbb, 0x8dbb, 
    0x8dbb, 0x8dbb, 0x8dbb, 0x8dbb, 0x8dbb, 0x85bb, 0x8dbb, 0x95db, 0x95fb, 0x8ddb, 0x85bb, 0x7d9b, 0x7d9b, 0x757b, 0x755b, 0x757b, 0x7d9b, 0x859b, 0x859b, 0x8ddb, 
    0x95fb, 0x9dfb, 0x95fb, 0x8ddb, 0x8dbb, 0x8ddb, 0x8ddb, 0x8ddb, 0x95fb, 0xa63b, 0xae5c, 0xae5b, 0xb67c, 0xb69c, 0xbe9c, 0xc6bc, 0xcedc, 0xcefd, 0xcedd, 0xcedd, 
    0xcefd, 0xcefd, 0xd6fd, 0xd71d, 0xd73d, 0xd73d, 0xd73d, 0xd73d, 0xdf3d, 0xdf3d, 0xdf3d, 0xdf5d, 0xdf5d, 0xdf5d, 0xdf3d, 0xdf3d, 0xdf3d, 0xdf3d, 0xdf3d, 0xdf3d, 
    0xd73d, 0xd73d, 0xd71d, 0xd71d, 0xd71d, 0xd71d, 0xd71d, 0xd71d, 0xd71d, 0xd73d, 0xd73d, 0xdf3d, 0xd73d, 0xd71d, 0xd71d, 0xd71d, 0xd71d, 0xd71d, 0xd71d, 0xd71d, 
    0xd6fd, 0xcefc, 0xcefc, 0xcefc, 0xcedc, 0xcedc, 0xcedc, 0xcefd, 0xcefd, 0xcefd, 0xcefd, 0xcefd, 0xcefd, 0xcedc, 0xc6bc, 0xbebc, 0xbe9c, 0xb67c, 0xb67c, 0xae5b, 
    0xae5b, 0xa63b, 0x9e1b, 0x9e1b, 0x9e1b, 0x9e1b, 0x9e1b, 0x9e1c, 0xa63c, 0xa63c, 0xa63c, 0xa63c, 0xa63c, 0xae5c, 0xae5c, 0xae5c, 0xae5c, 0xae5c, 0xae5c, 0xa63c, 
    0xa63c, 0xa63b, 0xa63b, 0xa61b, 0x9e1b, 0x9e1b, 0x9e1b, 0xa61b, 0xa61b, 0xa63b, 0xa63b, 0xa63b, 0xae5b, 0xae5c, 0xae5c, 0xb65c, 0xb65c, 0xb65c, 0xb65c, 0xb65c, 
    0xb65c, 0xb67c, 0xb67c, 0xb67c, 0xbe9c, 0xbe9c, 0xbe9c, 0xbe9c, 0xbe9c, 0xc6bc, 0xc6dc, 0xcedc, 0xcedc, 0xcefc, 0xd6fd, 0xd71d, 0xd71d, 0xd6fd, 0xd6fd, 0xd6fc, 
    0xcefd, 0xcefd, 0xcefd, 0xcefc, 0xd6fc, 0xd6fd, 0xd6fd, 0xd6fd, 0xd6fc, 0xd6fc, 0xcefc, 0xcefc, 0xcedc, 0xcedc, 0xcedc, 0xcedc, 0xcedc, 0xcedc, 0xcedc, 0xcefc, 
    0xd6fc, 0xd6fc, 0xd6fc, 0xd71d, 0xd71d, 0xd71d, 0xdf3d, 0xdf3d, 0xdf3d, 0xdf3d, 0xdf3d, 0xdf3d, 0xdf3d, 0xdf3d, 0xdf3d, 0xdf3d, 0xdf3d, 0xdf3d, 0xdf3d, 0xdf3d, 
    0xdf3d, 0xdf3d, 0xdf3d, 0xdf3d, 0xdf3d, 0xdf3d, 0xdf3d, 0xdf3d, 0xdf3d, 0xdf3d, 0xdf3d, 0xdf3d, 0xdf3d, 0xdf1d, 0xd71d, 0xd71d, 0xd6fd, 0xcefd, 0xcefd, 0xcedd, 
    0xcedc, 0xcedc, 0xc6dc, 0xc6bc, 0xc6bc, 0xc6bc, 0xbebc, 0xbe9c, 0xbe9c, 0xbe9c, 0xbe9c, 0xbe9c, 0xbe9c, 0xbe9c, 0xbe9c, 0xbe9c, 0xbe9c, 0xbe9c, 0xbe9c, 0xbe9c, 
    0xbe9c, 0xbe9c, 0xbe9c, 0xbe9c, 0xbe9c, 0xbe9c, 0xbe9c, 0xbe9c, 0xbe9c, 0xbe9c, 0xbe9c, 0xbe9c, 0xbe9c, 0xbe9c, 0xbe9c, 0xbe9c, 0xbe9c, 0xbe9c, 0xbe9c, 0xbe9c, 
    0xbe9c, 0xb67c, 0xb67c, 0xb67c, 0xb67b, 0xb67c, 0xb65c, 0xae5b, 0xae5b, 0xb67c, 0xb65c, 0xb67c, 0xb67c, 0x74d6, 0x4bd2, 0x5c33, 0x6474, 0x7d17, 0xae5b, 0xae5b, 
    0x9d98, 0x9578, 0xa61a, 0xb67c, 0xbe9c, 0xbe7c, 0xb65b, 0xae3b, 0xae5b, 0xae5b, 0xb65b, 0xb65b, 0xb65b, 0xae5b, 0xae5b, 0xae5b, 0xae5b, 0xae3b, 0xae3b, 0xae3b, 
    
    0x9e1c, 0x9e1c, 0x9e1c, 0x9dfc, 0x95fb, 0x8dbb, 0x85bb, 0x7d9b, 0x7d9b, 0x7d9b, 0x859b, 0x85bb, 0x8dbb, 0x8ddb, 0x8ddb, 0x8ddb, 0x8ddb, 0x95fb, 0x95fb, 0x95db, 
    0x8ddb, 0x8dbb, 0x85bb, 0x85bb, 0x85bb, 0x85bb, 0x85bb, 0x8ddb, 0x85bb, 0x7d9b, 0x757b, 0x7d9b, 0x7d9b, 0x7d9b, 0x757b, 0x757a, 0x7d9b, 0x85bb, 0x8ddb, 0x9e1b, 
    0xa61b, 0xa61b, 0x9e1b, 0x95fb, 0x95db, 0x8ddb, 0x8ddb, 0x8ddb, 0x95fb, 0xae3b, 0xae5b, 0xae3b, 0xa63b, 0xae5b, 0xae5b, 0xb67c, 0xb67c, 0xbe9c, 0xbebc, 0xc6bc, 
    0xc6dc, 0xc6dc, 0xcefc, 0xcefc, 0xd71d, 0xd71d, 0xd71d, 0xd71d, 0xd71d, 0xd71d, 0xd73d, 0xdf3d, 0xdf3d, 0xdf3d, 0xdf5d, 0xdf3d, 0xdf5d, 0xdf3d, 0xdf3d, 0xdf3d, 
    0xdf3d, 0xdf3d, 0xdf3d, 0xdf3d, 0xdf3d, 0xdf3d, 0xdf3d, 0xdf3d, 0xdf3d, 0xdf3d, 0xdf3d, 0xdf3d, 0xdf3d, 0xdf3d, 0xdf3d, 0xdf3d, 0xdf3d, 0xdf3d, 0xdf1d, 0xd71d, 
    0xd71d, 0xd71d, 0xcefc, 0xcefc, 0xcefc, 0xcefc, 0xcefc, 0xcefd, 0xcefd, 0xcefd, 0xcefd, 0xcefd, 0xcefd, 0xcedc, 0xc6dc, 0xc6bc, 0xbebc, 0xb69c, 0xb67c, 0xb67c, 
    0xae7c, 0xb67c, 0xb67c, 0xbe9c, 0xc6bc, 0xc6dd, 0xcefd, 0xcefd, 0xd6fd, 0xcefd, 0xcefd, 0xcedd, 0xc6dd, 0xc6dc, 0xc6dd, 0xc6bc, 0xc6bc, 0xc6bc, 0xbebc, 0xbe9c, 
    0xbe9c, 0xbe9c, 0xbe9c, 0xb67c, 0xb67c, 0xb67c, 0xae5c, 0xae5c, 0xae5c, 0xae5c, 0xae5c, 0xae5c, 0xb67c, 0xb67c, 0xb67c, 0xb67c, 0xb67c, 0xb67c, 0xb67c, 0xb67c, 
    0xb67c, 0xb67c, 0xbe7c, 0xb67c, 0xb67c, 0xb67c, 0xb67c, 0xb67c, 0xb67c, 0xbe9c, 0xbe9c, 0xc6bc, 0xc6bc, 0xc6bc, 0xc6bc, 0xc6dc, 0xcedc, 0xcedc, 0xcefc, 0xcefc, 
    0xcefc, 0xcefc, 0xcefc, 0xcefc, 0xcefc, 0xcefc, 0xd6fc, 0xd6fc, 0xd6fc, 0xd6fd, 0xd6fc, 0xd6fd, 0xcefd, 0xd6fd, 0xd6fd, 0xd71d, 0xd71d, 0xd71d, 0xd71d, 0xd71d, 
    0xd71d, 0xd71d, 0xd71d, 0xdf1d, 0xdf1d, 0xdf3d, 0xdf3d, 0xdf3d, 0xdf3d, 0xdf3d, 0xdf1d, 0xdf1d, 0xdf1d, 0xdf1d, 0xdf3d, 0xdf3d, 0xdf3d, 0xdf3d, 0xdf3d, 0xdf3d, 
    0xdf3d, 0xdf3d, 0xdf3d, 0xdf3d, 0xdf3d, 0xdf3d, 0xdf3d, 0xdf3d, 0xdf3d, 0xdf3d, 0xdf3d, 0xdf5d, 0xdf3d, 0xdf3d, 0xdf3d, 0xdf3d, 0xdf3d, 0xdf3d, 0xdf1d, 0xd71d, 
    0xd71d, 0xd71d, 0xcefd, 0xcefd, 0xcefc, 0xcedc, 0xcedd, 0xc6dc, 0xc6dc, 0xc6bc, 0xc6bc, 0xc6bc, 0xc6bc, 0xc6bc, 0xc6bc, 0xc6bc, 0xc6bc, 0xc6bc, 0xc6bc, 0xbebc, 
    0xbe9c, 0xc6bc, 0xc6bc, 0xc6bc, 0xbebc, 0xbe9c, 0xbe9c, 0xbebc, 0xbebc, 0xbebc, 0xbebc, 0xbebc, 0xbe9c, 0xbe9c, 0xbe9c, 0xbe9c, 0xbe9c, 0xbebc, 0xc6bc, 0xbebc, 
    0xbebc, 0xbe9c, 0xbe9c, 0xbe9c, 0xc6dd, 0xbebc, 0xbe9c, 0xbebc, 0xc6dd, 0xbe9c, 0xc6dd, 0xc6dd, 0x74b5, 0x228e, 0x2aae, 0x1a6d, 0x01cb, 0x1a8e, 0x6453, 0x7453, 
    0x53b1, 0x2ace, 0x22cf, 0x43b2, 0x74d6, 0x9dd9, 0xbe9c, 0xbe9c, 0xb65b, 0xbe9c, 0xbe9c, 0xb65b, 0xb65b, 0xae5b, 0xae5b, 0xae5b, 0xae5b, 0xae5b, 0xae5b, 0xae3b, 
    
    0x95fc, 0x95fc, 0x95fc, 0x95dc, 0x8ddb, 0x8ddb, 0x8ddb, 0x8ddb, 0x95fb, 0x95dc, 0x95dc, 0x8ddc, 0x8ddb, 0x8ddb, 0x8dbb, 0x85bb, 0x85bb, 0x8ddb, 0x8ddb, 0x85bb, 
    0x7d9b, 0x757b, 0x757b, 0x757b, 0x757b, 0x757b, 0x757b, 0x757b, 0x757b, 0x7d7b, 0x859b, 0x85bb, 0x85bb, 0x7d9b, 0x7d9b, 0x85bb, 0x95db, 0x9dfb, 0x9e1b, 0xa63c, 
    0xae5c, 0xae5c, 0xae5c, 0xae5c, 0xae5c, 0xae5c, 0xae5c, 0xae5c, 0xae5c, 0xae5c, 0xae5c, 0xae5b, 0xae3b, 0xae3b, 0xa63b, 0xa63b, 0xa63b, 0xa63b, 0xa63b, 0xae5b, 
    0xb67c, 0xbe9c, 0xbe9c, 0xbebc, 0xc6dc, 0xcedc, 0xcefc, 0xcefc, 0xcefc, 0xd71d, 0xd71d, 0xd71d, 0xd71d, 0xd73d, 0xdf3d, 0xdf3d, 0xdf3d, 0xdf3d, 0xdf3d, 0xdf3d, 
    0xdf3d, 0xdf3d, 0xdf3d, 0xdf3d, 0xdf3d, 0xdf3d, 0xdf3d, 0xdf3d, 0xdf3d, 0xdf3d, 0xdf3d, 0xdf3d, 0xdf3d, 0xdf3d, 0xdf3d, 0xdf3d, 0xdf3d, 0xdf3d, 0xdf3d, 0xdf1d, 
    0xd71d, 0xd71d, 0xd6fd, 0xcefc, 0xcefc, 0xcefc, 0xcedc, 0xcedc, 0xcedc, 0xc6dc, 0xcedc, 0xc6dc, 0xc6bc, 0xc6bc, 0xc6bc, 0xbe9c, 0xbe9c, 0xbe9c, 0xbe9c, 0xbe9c, 
    0xbebc, 0xc6bc, 0xcedc, 0xcefd, 0xd6fd, 0xd6fd, 0xd71d, 0xd6fd, 0xd71d, 0xcefd, 0xcefd, 0xcedd, 0xcedd, 0xc6dc, 0xc6bc, 0xc6bc, 0xc6bc, 0xbebc, 0xc6bc, 0xc6bc, 
    0xc6bc, 0xbe9c, 0xbe9c, 0xbe9c, 0xbe9c, 0xb69c, 0xb67c, 0xb67c, 0xb67c, 0xb67c, 0xae5c, 0xae5c, 0xae5b, 0xae5c, 0xae5c, 0xae5c, 0xb65c, 0xb67c, 0xbe7c, 0xbe9c, 
    0xbe9c, 0xbe7c, 0xb67c, 0xb67c, 0xb67c, 0xb67c, 0xb67c, 0xbe7c, 0xbe9c, 0xc6bc, 0xc6bc, 0xc6bc, 0xc6bc, 0xc6bc, 0xc6bc, 0xc6bc, 0xc6bc, 0xc6bc, 0xc6bc, 0xc6bc, 
    0xc6bc, 0xcedc, 0xcedc, 0xcefc, 0xcefc, 0xcefc, 0xcefc, 0xd6fc, 0xd6fd, 0xd6fd, 0xd6fd, 0xd6fc, 0xd6fc, 0xd6fc, 0xd71d, 0xd71d, 0xdf1d, 0xdf1d, 0xdf3d, 0xdf3d, 
    0xdf3d, 0xdf3d, 0xdf3d, 0xdf3d, 0xdf3d, 0xdf3d, 0xdf3d, 0xdf3d, 0xdf3d, 0xdf3d, 0xdf3d, 0xdf3d, 0xdf3d, 0xdf1d, 0xdf3d, 0xdf3d, 0xdf3d, 0xdf3d, 0xdf3d, 0xdf3d, 
    0xdf3d, 0xdf3d, 0xdf3d, 0xdf3d, 0xdf3d, 0xdf3d, 0xdf3d, 0xdf3d, 0xdf3d, 0xdf3d, 0xdf3d, 0xdf3d, 0xdf3d, 0xdf3d, 0xdf3d, 0xdf3d, 0xdf3d, 0xdf3d, 0xdf3d, 0xdf3d, 
    0xdf3d, 0xdf3d, 0xd71d, 0xd71d, 0xd71d, 0xd71d, 0xd71d, 0xd71d, 0xcefd, 0xcefd, 0xcefd, 0xcefd, 0xcefd, 0xcefd, 0xcedd, 0xcedd, 0xcefd, 0xd71d, 0xd73d, 0xcefd, 
    0xc6dc, 0xc6dd, 0xc6dc, 0xc6dd, 0xc6dc, 0xc6bc, 0xc6bc, 0xbebc, 0xbe9c, 0xbe9c, 0xbe9c, 0xbe9c, 0xbebc, 0xbebc, 0xbebc, 0xbebc, 0xbebc, 0xbebc, 0xc6bc, 0xc6bc, 
    0xc6bc, 0xbebc, 0xc6bc, 0xbe9b, 0x9df9, 0xb67b, 0xc6dd, 0xb67b, 0x95b9, 0x5c54, 0x7d37, 0x7d16, 0x2ace, 0x32ee, 0x4b71, 0x4b70, 0x53b1, 0x7c94, 0x7c94, 0x63d1, 
    0x2ace, 0x020c, 0x01ec, 0x01ec, 0x022d, 0x22ef, 0x5c33, 0xa5f9, 0xc6bc, 0x9598, 0x9df9, 0xbe9c, 0xb67b, 0xb65b, 0xb65b, 0xae5b, 0xae5b, 0xae3b, 0xae3b, 0xae3b, 
    
    0x95fc, 0x85bb, 0x85bb, 0x7d9b, 0x7d9b, 0x7d9b, 0x7d9b, 0x85bb, 0x85bb, 0x85bb, 0x7d9b, 0x7d9b, 0x7d9b, 0x7d9b, 0x7d9b, 0x7d9b, 0x859b, 0x859b, 0x7d9b, 0x7d9b, 
    0x7d7b, 0x7d7b, 0x7d9b, 0x7d7b, 0x757b, 0x757b, 0x757b, 0x757b, 0x7d9b, 0x7dbb, 0x85bb, 0x85bb, 0x7d9b, 0x757b, 0x7d9b, 0x8ddb, 0x95fb, 0x9dfb, 0xa63b, 0xae5c, 
    0xb67c, 0xb69c, 0xb69c, 0xb69c, 0xb69c, 0xb69c, 0xbe9c, 0xbe9c, 0xbe9c, 0xb67c, 0xb65c, 0xb67c, 0xb67c, 0xb67c, 0xb67c, 0xae5c, 0xa63b, 0xa63b, 0xa63b, 0xae5b, 
    0xae5b, 0xae5c, 0xb67c, 0xbe9c, 0xc6bc, 0xcedc, 0xcefc, 0xcefc, 0xcefc, 0xcefc, 0xd6fd, 0xd6fd, 0xd71c, 0xd71d, 0xd71d, 0xd71d, 0xd71d, 0xdf3d, 0xdf3d, 0xdf3d, 
    0xdf3d, 0xdf3d, 0xdf3d, 0xdf3d, 0xdf3d, 0xdf3d, 0xdf3d, 0xdf3d, 0xdf3d, 0xdf3d, 0xdf3d, 0xdf3d, 0xdf3d, 0xdf3d, 0xdf3d, 0xdf3d, 0xdf3d, 0xdf3d, 0xdf3d, 0xdf3d, 
    0xdf3d, 0xdf3d, 0xd71d, 0xd71d, 0xd71d, 0xd6fd, 0xcefc, 0xcefc, 0xcedc, 0xcedc, 0xc6dc, 0xc6dc, 0xc6dc, 0xc6bc, 0xc6dc, 0xc6dc, 0xc6dc, 0xc6dc, 0xcedc, 0xcedc, 
    0xcedc, 0xcedc, 0xc6dc, 0xc6dc, 0xc6dc, 0xc6dc, 0xc6dc, 0xc6dc, 0xc6dc, 0xc6dc, 0xc6dc, 0xc6bc, 0xbebc, 0xbe9c, 0xbe9c, 0xb69c, 0xb67c, 0xb67c, 0xb67c, 0xb67c, 
    0xb67c, 0xb67c, 0xae7c, 0xae5b, 0xae5b, 0xae5b, 0xae5b, 0xa63b, 0xa61b, 0x9e1b, 0x9e1b, 0x9dfb, 0x9e1b, 0x9e1b, 0x9e1b, 0xa61b, 0xa63b, 0xa63b, 0xae3b, 0xae5c, 
    0xae5b, 0xae5c, 0xb65c, 0xb67c, 0xb67c, 0xbe9c, 0xbebc, 0xc6dc, 0xcefd, 0xcefd, 0xcedc, 0xcedc, 0xc6bc, 0xc6bc, 0xc6bc, 0xc6bc, 0xc6dc, 0xcedc, 0xcedc, 0xcedc, 
    0xcedc, 0xcedc, 0xcefc, 0xcefc, 0xcefc, 0xd6fc, 0xd6fc, 0xd71d, 0xd71d, 0xd71d, 0xd6fd, 0xd71d, 0xd6fd, 0xd6fd, 0xd71d, 0xd71d, 0xd71d, 0xd71d, 0xdf1d, 0xdf1d, 
    0xdf1d, 0xdf1d, 0xdf1d, 0xdf3d, 0xdf3d, 0xdf3d, 0xdf3d, 0xdf3d, 0xdf3d, 0xdf1d, 0xdf1d, 0xdf1d, 0xdf1d, 0xdf1d, 0xdf1d, 0xdf1d, 0xdf1d, 0xdf1d, 0xdf3d, 0xdf1d, 
    0xdf1d, 0xdf1d, 0xdf1d, 0xdf1d, 0xdf3d, 0xdf3d, 0xdf3d, 0xdf1d, 0xdf1d, 0xdf1d, 0xdf1d, 0xdf1d, 0xdf1d, 0xdf3d, 0xdf3d, 0xdf1d, 0xdf3d, 0xdf3d, 0xdf1d, 0xdf3d, 
    0xdf3d, 0xdf3d, 0xdf3d, 0xdf3d, 0xdf3d, 0xdf3d, 0xdf3d, 0xdf3d, 0xd73d, 0xd73d, 0xd71d, 0xd71d, 0xd71d, 0xd71d, 0xd71d, 0xd71d, 0xd71d, 0xd71d, 0xd71d, 0xd71d, 
    0xcefd, 0xcefd, 0xcefd, 0xcefd, 0xcefd, 0xcefd, 0xcedd, 0xc6dc, 0xc6bc, 0xc6bc, 0xbebc, 0xbe9c, 0xbe9c, 0xbe9c, 0xbe9c, 0xbe9c, 0xbe9c, 0xbe9c, 0xbe9c, 0xbe9c, 
    0xbe9c, 0xbebc, 0xcefd, 0x95b9, 0x22f0, 0x3bb2, 0x6cb5, 0x4bf3, 0x22ef, 0x1a8e, 0x22ce, 0x32ef, 0x4350, 0x5391, 0x7474, 0x84d5, 0x7c94, 0x7474, 0x5bd1, 0x22ae, 
    0x020c, 0x022d, 0x0a4d, 0x0a4d, 0x022d, 0x022c, 0x020c, 0x1ace, 0x5c33, 0x22ce, 0x3330, 0xa61a, 0xc6bc, 0xbe7b, 0xb67b, 0xb65b, 0xb65b, 0xb65b, 0xb65b, 0xb65b, 
    
    0x95fc, 0x8ddc, 0x85db, 0x85bb, 0x7d9b, 0x7d9b, 0x757b, 0x757b, 0x6d5b, 0x6d5b, 0x655b, 0x653a, 0x6d5a, 0x6d7b, 0x757b, 0x7d9b, 0x859b, 0x859b, 0x859b, 0x85bb, 
    0x85bb, 0x8ddb, 0x95fb, 0x95fb, 0x95fb, 0x95fb, 0x95fb, 0x8ddb, 0x8ddb, 0x85bb, 0x85bb, 0x85bb, 0x85bb, 0x85bb, 0x85bb, 0x85bb, 0x8ddb, 0x95fb, 0x9e1b, 0xa63c, 
    0xae5c, 0xb67c, 0xb67c, 0xb69c, 0xb69c, 0xb67c, 0xb67c, 0xb67c, 0xae5c, 0xa63b, 0xa63b, 0x9e1b, 0x9e1b, 0xa63b, 0xa63b, 0xa63b, 0xae5b, 0xae5b, 0xae7c, 0xb67c, 
    0xb67c, 0xb67c, 0xbe9c, 0xbebc, 0xc6bc, 0xc6dc, 0xcefc, 0xcefc, 0xcefc, 0xcefc, 0xcefc, 0xcefc, 0xcefc, 0xcefc, 0xcefc, 0xcefc, 0xd71d, 0xd71d, 0xd71d, 0xd71d, 
    0xd71d, 0xd71d, 0xd71d, 0xd71d, 0xdf3d, 0xdf3d, 0xdf3d, 0xdf3d, 0xdf3d, 0xdf3d, 0xdf3d, 0xdf3d, 0xdf3d, 0xdf3d, 0xdf3d, 0xdf3d, 0xdf3d, 0xdf3d, 0xdf3d, 0xdf3d, 
    0xdf3d, 0xdf3d, 0xdf3d, 0xdf3d, 0xdf3d, 0xd71d, 0xd6fd, 0xd6fc, 0xd6fd, 0xd6fc, 0xcefc, 0xcefc, 0xcefc, 0xcefc, 0xcefd, 0xcefc, 0xcefc, 0xcedc, 0xcedc, 0xc6dc, 
    0xc6bc, 0xc6bc, 0xc6bc, 0xc6bc, 0xc6dc, 0xc6dc, 0xc6dc, 0xc6dc, 0xc6dc, 0xc6bc, 0xbebc, 0xbe9c, 0xb67c, 0xb67c, 0xae7c, 0xae5c, 0xae5c, 0xae5c, 0xa63b, 0xa63b, 
    0xb67c, 0xbebc, 0xb67c, 0x9e1b, 0x9dfb, 0x95fb, 0x95fb, 0x8ddb, 0x8ddb, 0x8ddb, 0x8ddb, 0x8ddb, 0x95fb, 0x9dfb, 0x9e1b, 0x9e1b, 0x9e1b, 0xa61b, 0xa63b, 0xae3b, 
    0xae5c, 0xb67c, 0xbe7c, 0xbe9c, 0xc6bc, 0xc6bc, 0xcedc, 0xcefd, 0xcefd, 0xcefd, 0xcefd, 0xcefd, 0xcefc, 0xd6fc, 0xd6fd, 0xd71d, 0xd6fd, 0xd6fd, 0xd71d, 0xd71d, 
    0xd71d, 0xd71d, 0xd71d, 0xd71d, 0xd71d, 0xd6fd, 0xd71d, 0xd71d, 0xd71d, 0xd71d, 0xd71d, 0xd71d, 0xd71d, 0xd71d, 0xd71d, 0xd71d, 0xd71d, 0xdf1d, 0xdf3d, 0xdf3d, 
    0xdf3d, 0xdf3d, 0xdf3d, 0xdf3d, 0xdf1d, 0xdf1d, 0xdf1d, 0xd71d, 0xd71d, 0xd6fc, 0xd6fc, 0xd6fc, 0xd6fc, 0xd6fd, 0xd6fd, 0xd6fc, 0xd6fc, 0xd6fc, 0xd6fc, 0xcefc, 
    0xcefc, 0xcefc, 0xcedc, 0xcedc, 0xcefc, 0xd6fc, 0xd6fc, 0xd6fc, 0xd6fc, 0xd6fc, 0xd6fc, 0xd6fc, 0xd6fc, 0xd6fd, 0xd6fc, 0xd6fc, 0xd6fc, 0xd6fc, 0xd6fc, 0xd6fc, 
    0xd6fd, 0xd71d, 0xd71d, 0xd71d, 0xd71d, 0xd71d, 0xd71d, 0xd71d, 0xd71d, 0xd71d, 0xd71d, 0xd71d, 0xd71d, 0xd71d, 0xd71d, 0xd71d, 0xd71d, 0xd71d, 0xd71d, 0xd71d, 
    0xd71d, 0xd71d, 0xd71d, 0xd71d, 0xd71d, 0xd71d, 0xd71d, 0xcefd, 0xcefd, 0xcefd, 0xcedc, 0xc6dc, 0xc6dc, 0xc6dc, 0xc6bc, 0xbebc, 0xbe9c, 0xbe9c, 0xbe9c, 0xbe9c, 
    0xbe9c, 0xc6dd, 0xb67b, 0x5433, 0x128e, 0x22ef, 0x3351, 0x3b71, 0x22cf, 0x22ce, 0x32ee, 0x434f, 0x63f2, 0x6412, 0x6413, 0x4b91, 0x1a8e, 0x1a8e, 0x0a4d, 0x020c, 
    0x022d, 0x0a4d, 0x0a2d, 0x0a4d, 0x126e, 0x126d, 0x022d, 0x020c, 0x022d, 0x0a4d, 0x020c, 0x3330, 0xa5fa, 0xcefd, 0xc6bc, 0xbe7b, 0xbe7b, 0xbe7b, 0xbe7b, 0xb65b, 
    
    0x8ddc, 0x85bb, 0x7d9b, 0x7d9b, 0x7d9b, 0x7d7b, 0x757b, 0x757b, 0x6d7b, 0x6d5b, 0x6d5b, 0x6d5b, 0x757b, 0x757b, 0x7d7b, 0x7d9b, 0x859b, 0x85bb, 0x85bb, 0x85bb, 
    0x8ddb, 0x8ddb, 0x95fb, 0x95fb, 0x95fb, 0x95fb, 0x95fb, 0x9e1b, 0x9dfb, 0x9dfb, 0x9e1b, 0x9e1b, 0x9e1b, 0x9e1b, 0x9e1b, 0xa61b, 0xa63b, 0xa63b, 0xa63b, 0xa63b, 
    0xae5c, 0xae5c, 0xb67c, 0xb67c, 0xb67c, 0xae5c, 0xae5b, 0xa63b, 0xa63b, 0xa63b, 0x9e1b, 0x95fb, 0x95db, 0x95db, 0x95fb, 0x9e1b, 0xa63b, 0xae5c, 0xb67c, 0xbe9c, 
    0xbebc, 0xbebc, 0xc6bc, 0xc6bc, 0xc6bc, 0xc6bc, 0xc6bc, 0xc6bc, 0xbe9c, 0xbe9c, 0xbebc, 0xc6dc, 0xc6dc, 0xc6dc, 0xc6dc, 0xcedc, 0xcefc, 0xcefc, 0xcefc, 0xd71d, 
    0xd71d, 0xd71d, 0xd71d, 0xd71d, 0xd71d, 0xd71d, 0xd71d, 0xdf1d, 0xdf1d, 0xdf1d, 0xdf1d, 0xdf3d, 0xdf3d, 0xdf3d, 0xdf3d, 0xdf3d, 0xdf3d, 0xdf3d, 0xdf3d, 0xdf3d, 
    0xdf3d, 0xdf3d, 0xdf3d, 0xdf3d, 0xdf3d, 0xdf3d, 0xdf1d, 0xdf1d, 0xd71d, 0xd71d, 0xd71c, 0xd71d, 0xd71d, 0xd71d, 0xcefc, 0xcefc, 0xcefc, 0xcefc, 0xcedc, 0xc6dc, 
    0xc6dd, 0xc6dd, 0xcedc, 0xc6dc, 0xc6bc, 0xc6bc, 0xbe9c, 0xb69c, 0xb67c, 0xb67c, 0xae5c, 0xae5c, 0xae5c, 0xa63b, 0xa65b, 0xa63b, 0x9e1b, 0x9e1b, 0xa63b, 0xae5c, 
    0xbe9c, 0xbe9c, 0xb67c, 0xa61b, 0x95fb, 0x95fb, 0x8ddb, 0x8ddb, 0x8ddb, 0x9e1b, 0xa65b, 0xae5c, 0xb65c, 0xbe7c, 0xbe9c, 0xbe9c, 0xbe9c, 0xbe9c, 0xc6bc, 0xc6bc, 
    0xc6bc, 0xcedc, 0xcedc, 0xcedc, 0xcedd, 0xcefd, 0xcefd, 0xcedd, 0xcedc, 0xcedc, 0xcedc, 0xcefc, 0xcedc, 0xcefc, 0xd6fc, 0xd6fc, 0xd6fc, 0xd6fd, 0xd6fc, 0xd71d, 
    0xd71d, 0xd71d, 0xd71d, 0xd71d, 0xd6fd, 0xd6fd, 0xd6fd, 0xd6fd, 0xd6fd, 0xd6fd, 0xd6fd, 0xd71d, 0xd71d, 0xd71d, 0xd71d, 0xd71d, 0xd71d, 0xd71d, 0xd71d, 0xdf1d, 
    0xdf1d, 0xd71d, 0xd71d, 0xd71c, 0xd71c, 0xd71c, 0xd6fc, 0xd6fc, 0xd6fc, 0xd6fc, 0xcefc, 0xd6fc, 0xcefc, 0xcefc, 0xd6fc, 0xd71d, 0xcefc, 0xcedc, 0xcedc, 0xcedc, 
    0xcedc, 0xcedc, 0xcedc, 0xcedc, 0xcedc, 0xcedc, 0xcedc, 0xcedc, 0xcefc, 0xd6fc, 0xd6fc, 0xcefc, 0xcedc, 0xcedc, 0xcedc, 0xc6dc, 0xc6dc, 0xc6bc, 0xc6dc, 0xc6bc, 
    0xc6bc, 0xcedc, 0xcedc, 0xcedc, 0xcedc, 0xcedc, 0xcedc, 0xcedc, 0xcefc, 0xcefd, 0xcefd, 0xcefc, 0xcefd, 0xcefd, 0xcefd, 0xcefd, 0xcefd, 0xcefd, 0xcefd, 0xcefd, 
    0xcefd, 0xcefd, 0xcefd, 0xcefd, 0xcefd, 0xcefd, 0xcefd, 0xcefd, 0xcefd, 0xcedd, 0xcedd, 0xcefd, 0xcedd, 0xcedc, 0xcedc, 0xcedc, 0xcedc, 0xc6dc, 0xc6bc, 0xc6bc, 
    0xcefd, 0xbebc, 0x5433, 0x128e, 0x2b10, 0x4bd2, 0x5413, 0x3b50, 0x32ee, 0x3b0f, 0x4b70, 0x5bd1, 0x5bd1, 0x4350, 0x22ae, 0x020c, 0x0a2c, 0x1a8e, 0x1a8e, 0x022d, 
    0x022d, 0x022d, 0x126d, 0x1a8e, 0x22ae, 0x022d, 0x022c, 0x024d, 0x024d, 0x0a6d, 0x024d, 0x020c, 0x3b51, 0x74b5, 0xa5f9, 0xcedc, 0xc6bc, 0xbe7b, 0xbe7b, 0xbe7b, 
    
    0x8ddc, 0x85db, 0x85bb, 0x85bb, 0x85db, 0x8ddb, 0x85db, 0x85db, 0x8ddb, 0x8ddb, 0x8ddc, 0x95db, 0x95fb, 0x95fc, 0x9dfc, 0x9e1c, 0x9e1c, 0x9e1c, 0x9e1c, 0x9e1c, 
    0xa61c, 0x9e1c, 0x9e1c, 0x9e1b, 0xa61c, 0xa63c, 0xa63c, 0xa63c, 0xa63c, 0xae5c, 0xae5c, 0xae5c, 0xb67c, 0xb67c, 0xb67c, 0xb67c, 0xae5c, 0xae5c, 0xb65c, 0xb67c, 
    0xb67c, 0xb67c, 0xb67c, 0xb67c, 0xb67c, 0xae7c, 0xae5c, 0xae5c, 0xae5c, 0xae5c, 0xae5c, 0xae5c, 0xa63b, 0xa63b, 0xae5b, 0xae5b, 0xb67c, 0xb67c, 0xbe9c, 0xc6bc, 
    0xc6dc, 0xc6dc, 0xc6dc, 0xcedc, 0xc6dc, 0xc6dc, 0xc6dc, 0xc6bc, 0xbebc, 0xbebc, 0xc6bc, 0xc6dc, 0xc6dc, 0xc6dc, 0xc6dc, 0xcedc, 0xcefc, 0xcefc, 0xcefc, 0xcefc, 
    0xcefc, 0xcefc, 0xcefc, 0xcefc, 0xcefc, 0xcefc, 0xcefc, 0xcefc, 0xcefc, 0xcefc, 0xcefc, 0xcefc, 0xd6fc, 0xd71c, 0xd71d, 0xdf1d, 0xdf1d, 0xdf3d, 0xdf3d, 0xdf3d, 
    0xdf3d, 0xdf3d, 0xdf3d, 0xdf3d, 0xdf3d, 0xdf3d, 0xdf3d, 0xdf3d, 0xdf1d, 0xdf1d, 0xdf1d, 0xdf1d, 0xd71d, 0xd71d, 0xd71c, 0xd71c, 0xd6fc, 0xcefc, 0xcedc, 0xc6dc, 
    0xc6bc, 0xbebc, 0xbe9c, 0xb69c, 0xb67c, 0xb67c, 0xae5c, 0xae5b, 0xa63c, 0xa63b, 0xa63b, 0xa63b, 0xa63b, 0xae5c, 0xae5c, 0xae5b, 0xae5c, 0xb65c, 0xb67c, 0xbe9c, 
    0xbe9c, 0xb69c, 0xb67c, 0xb67c, 0xb67c, 0xb67c, 0xb67c, 0xb67c, 0xbe9c, 0xc6bc, 0xcefc, 0xd6fd, 0xcefd, 0xcefd, 0xcefd, 0xcefd, 0xcefd, 0xcedc, 0xcedc, 0xcedd, 
    0xcefd, 0xcedd, 0xcedd, 0xcedd, 0xcedd, 0xcedd, 0xcedd, 0xcedd, 0xcedc, 0xcedc, 0xcedc, 0xcedc, 0xcedc, 0xcedc, 0xcedc, 0xcedc, 0xcefc, 0xcefc, 0xcefc, 0xcefc, 
    0xd6fc, 0xd6fc, 0xd6fc, 0xd6fc, 0xcefc, 0xcefc, 0xcefc, 0xcedc, 0xcefc, 0xcefc, 0xcefc, 0xcefc, 0xcefc, 0xd6fc, 0xd6fc, 0xd6fc, 0xd6fc, 0xd6fc, 0xd6fc, 0xd6fc, 
    0xd71c, 0xd6fc, 0xd6fc, 0xd6fc, 0xcefc, 0xcefc, 0xcefc, 0xcefc, 0xcefc, 0xcefc, 0xcefc, 0xcedc, 0xcedc, 0xcedc, 0xd6fc, 0xc69b, 0xcedc, 0xcedc, 0xcedc, 0xcedc, 
    0xcedc, 0xcedc, 0xc6dc, 0xcedc, 0xcefc, 0xd71d, 0xd6fd, 0xcefc, 0xcedc, 0xc6dc, 0xcedc, 0xcefd, 0xd6fd, 0xd6fd, 0xcedc, 0xc6bc, 0xc6bc, 0xc6bc, 0xc6bc, 0xc6bc, 
    0xc6bc, 0xc6bc, 0xc6bc, 0xc6bc, 0xc6bc, 0xc6bc, 0xc6bc, 0xc6bc, 0xc6bc, 0xc6dc, 0xc6dc, 0xc6dc, 0xc6bc, 0xc6bc, 0xc6bc, 0xc6bc, 0xc6bc, 0xc6bc, 0xc6bc, 0xbebc, 
    0xc6bc, 0xc6bc, 0xc6bc, 0xbebc, 0xbebc, 0xc6bc, 0xc6bc, 0xc6bc, 0xbebc, 0xbebc, 0xbebc, 0xbebc, 0xc6bc, 0xc6bc, 0xc6bc, 0xc6bc, 0xc6bc, 0xc6bc, 0xc6bc, 0xcefd, 
    0xb65b, 0x5c34, 0x22ef, 0x2aef, 0x4391, 0x53f3, 0x4bb1, 0x330f, 0x3b0f, 0x3b0f, 0x3b2f, 0x330f, 0x2aee, 0x2aae, 0x124d, 0x124d, 0x1a8e, 0x124d, 0x022c, 0x022d, 
    0x022c, 0x0a4d, 0x22ce, 0x1a8e, 0x0a4d, 0x022c, 0x022c, 0x024d, 0x0a4d, 0x022d, 0x024d, 0x024d, 0x01ec, 0x01ab, 0x22ae, 0x8537, 0xc6bc, 0xcedc, 0xc69c, 0xbe7b, 
    
    0x95fc, 0x961c, 0x9e1c, 0x9e3c, 0xa63c, 0xa65c, 0xae5c, 0xae5c, 0xae7c, 0xb67c, 0xb67c, 0xb67c, 0xb69c, 0xb69c, 0xbe9c, 0xbe9c, 0xbe9c, 0xbe9c, 0xbe9c, 0xbe9c, 
    0xbe9c, 0xbe9c, 0xbe9c, 0xbebc, 0xbe9c, 0xbebc, 0xbe9c, 0xbe9c, 0xbe9c, 0xbe9c, 0xbe9c, 0xbe9c, 0xbe9c, 0xbe9c, 0xbe9c, 0xb69c, 0xb67c, 0xb67c, 0xb69c, 0xbe9c, 
    0xbe9c, 0xbe9c, 0xbe9c, 0xbe9c, 0xb69c, 0xbe9c, 0xbe9c, 0xbe9c, 0xb69c, 0xb69c, 0xbe9c, 0xbe9c, 0xbe9c, 0xbe9c, 0xbe9c, 0xbebc, 0xbebc, 0xc6bc, 0xc6dc, 0xcedc, 
    0xcedd, 0xcefc, 0xcedc, 0xcedc, 0xcedc, 0xcedc, 0xc6dc, 0xc6dc, 0xc6bc, 0xc6dc, 0xcedc, 0xcefc, 0xcefc, 0xcefc, 0xcefc, 0xcefc, 0xcefc, 0xd6fc, 0xd6fc, 0xd6fc, 
    0xcefc, 0xcefc, 0xcefc, 0xcefc, 0xcefc, 0xcefc, 0xcefc, 0xcedc, 0xcedc, 0xcedc, 0xcedc, 0xc6dc, 0xcedc, 0xcedc, 0xd6fc, 0xd71d, 0xdf1d, 0xdf3d, 0xdf1d, 0xdf1d, 
    0xdf1d, 0xdf1d, 0xdf3d, 0xdf3d, 0xdf3d, 0xdf3d, 0xdf1d, 0xdf1d, 0xdf3d, 0xdf3d, 0xdf3d, 0xd71d, 0xd6fc, 0xcedc, 0xcedc, 0xcefc, 0xcefc, 0xd6fc, 0xd6fd, 0xcefd, 
    0xc6dc, 0xbebc, 0xb69c, 0xb69c, 0xbe9c, 0xbe9c, 0xbe9c, 0xbe9c, 0xb67c, 0xb67c, 0xb67c, 0xb67c, 0xb69c, 0xbe9c, 0xbebc, 0xc6bc, 0xcedc, 0xcedc, 0xcefc, 0xcedc, 
    0xcedc, 0xcedc, 0xcefc, 0xd71c, 0xd6fc, 0xd6fc, 0xd6fc, 0xcefc, 0xcefc, 0xd6fc, 0xd6fd, 0xd6fd, 0xd6fd, 0xcefd, 0xcefd, 0xcefc, 0xcefd, 0xcefd, 0xcefd, 0xcefd, 
    0xcefd, 0xcedc, 0xcedc, 0xcedc, 0xcedc, 0xcedc, 0xcedc, 0xcedc, 0xcedc, 0xcedc, 0xcedc, 0xcedc, 0xcedc, 0xcedc, 0xcedc, 0xcedc, 0xcedc, 0xcedc, 0xcedc, 0xcedc, 
    0xcedc, 0xcedc, 0xcedc, 0xcedc, 0xcedc, 0xcedc, 0xcedc, 0xcedc, 0xcedc, 0xcedc, 0xcedc, 0xcedc, 0xcedc, 0xcedc, 0xcedc, 0xcedc, 0xcedc, 0xcedc, 0xcedc, 0xc6bc, 
    0xc6bc, 0xc6bc, 0xc6bc, 0xc6dc, 0xc6bc, 0xc6bc, 0xc6bc, 0xc6bc, 0xc6dc, 0xc6bc, 0xc6bc, 0xc6bc, 0xc6bc, 0xd6fd, 0x9dd9, 0x43d3, 0x9df9, 0xd71d, 0xd6fd, 0xd6fd, 
    0xcefd, 0xcedc, 0xcedc, 0xc6bc, 0xbe9b, 0xa61a, 0x95d9, 0x95d9, 0x5c95, 0x4c34, 0x5c75, 0x9dd9, 0xa63a, 0xa5fa, 0xbe9b, 0xcedd, 0xc6bc, 0xbe9c, 0xc69c, 0xc69c, 
    0xc6bc, 0xc69c, 0xbebc, 0xbebc, 0xc6bc, 0xc6bc, 0xc6bc, 0xc6bc, 0xc6bc, 0xc6bc, 0xc6bc, 0xc6bc, 0xc6dc, 0xc6bc, 0xc6bc, 0xc6bc, 0xbebc, 0xbebc, 0xbebc, 0xbebc, 
    0xbebc, 0xbe9c, 0xbebc, 0xbebc, 0xbebc, 0xbebc, 0xbebc, 0xbebc, 0xbebc, 0xbebc, 0xbe9c, 0xbebc, 0xbe9c, 0xbe9c, 0xbe9c, 0xbe9c, 0xb69c, 0xbe9c, 0xc6dd, 0xae5b, 
    0x4bd2, 0x22cf, 0x3b51, 0x4392, 0x4bb2, 0x3b50, 0x2ace, 0x32ee, 0x3b2f, 0x1a8d, 0x020c, 0x126d, 0x2aef, 0x22ae, 0x124d, 0x126d, 0x0a4d, 0x022d, 0x022c, 0x022c, 
    0x022c, 0x126d, 0x1a8e, 0x022d, 0x020c, 0x022c, 0x024d, 0x024d, 0x0a6d, 0x024d, 0x022d, 0x024d, 0x022d, 0x020c, 0x01cb, 0x0a4d, 0x3b71, 0x8d57, 0xc6bb, 0xc69b, 
    
    0xae5c, 0xae7c, 0xb67c, 0xb67c, 0xb67c, 0xb67c, 0xb69c, 0xb69c, 0xb69c, 0xb69c, 0xb69c, 0xb69c, 0xbe9c, 0xbe9c, 0xbe9c, 0xbe9c, 0xbe9c, 0xbe9d, 0xbe9c, 0xbe9c, 
    0xbe9c, 0xbe9c, 0xbe9c, 0xbe9c, 0xbe9c, 0xbe9c, 0xbebc, 0xbebc, 0xbebc, 0xbebc, 0xbebc, 0xbebc, 0xbebc, 0xbebc, 0xbebc, 0xbebc, 0xc6bc, 0xc6bc, 0xbebc, 0xbebc, 
    0xbebc, 0xbebc, 0xbebc, 0xbe9c, 0xbe9c, 0xbebc, 0xbebc, 0xbe9c, 0xbe9c, 0xbe9c, 0xbe9c, 0xbe9c, 0xbe9c, 0xbebc, 0xbebc, 0xc6bc, 0xc6dc, 0xcedc, 0xcedc, 0xcedc, 
    0xcedc, 0xcedc, 0xcedc, 0xc6dc, 0xc6dc, 0xc6dc, 0xc6dc, 0xc6bc, 0xc6bc, 0xc6bc, 0xc6bc, 0xc6dc, 0xcedc, 0xc6dc, 0xc6dc, 0xcedc, 0xcedc, 0xcedc, 0xcefc, 0xcefc, 
    0xd6fc, 0xd6fc, 0xd71d, 0xd71d, 0xd71d, 0xd71d, 0xd6fd, 0xd6fc, 0xcefc, 0xcefc, 0xcefc, 0xcefc, 0xcefc, 0xcefc, 0xcefc, 0xcefc, 0xcefc, 0xcefc, 0xcedc, 0xcedc, 
    0xcefc, 0xcefc, 0xd6fc, 0xd6fc, 0xd6fc, 0xd71c, 0xdf1d, 0xdf3d, 0xdf3d, 0xdf1d, 0xd71d, 0xcefc, 0xcedc, 0xcedc, 0xc6bc, 0xbe9c, 0xc6bc, 0xc6bc, 0xc6bc, 0xc6dc, 
    0xc6dc, 0xc6dc, 0xc6dc, 0xc6bc, 0xc6bc, 0xc6bc, 0xc6bc, 0xc6bc, 0xc6bc, 0xc6bc, 0xc6bc, 0xc6bc, 0xc6bc, 0xc6bc, 0xc6bc, 0xc6bc, 0xc6bc, 0xcedc, 0xcedc, 0xcedc, 
    0xd6fd, 0xd6fd, 0xcedc, 0xcedc, 0xcedc, 0xcedc, 0xcedc, 0xcedc, 0xcedc, 0xcedc, 0xcedc, 0xcedc, 0xcedc, 0xcedc, 0xcedc, 0xcefd, 0xd6fc, 0xd6fd, 0xcefc, 0xcedc, 
    0xcedc, 0xc6bc, 0xc6bc, 0xc6bc, 0xcedc, 0xcedc, 0xc6dc, 0xc6bc, 0xc6bc, 0xc6dc, 0xcedc, 0xcedc, 0xcedc, 0xcedc, 0xcedc, 0xcedc, 0xcedc, 0xcedc, 0xcedc, 0xcebc, 
    0xc6bc, 0xc6bc, 0xcebc, 0xc6bc, 0xc6bc, 0xc6bc, 0xc6bc, 0xc6bc, 0xc6bc, 0xcedc, 0xcedc, 0xcedc, 0xcedc, 0xcefc, 0xcefc, 0xcedc, 0xcedc, 0xc6dc, 0xc6bc, 0xc69c, 
    0xbe9b, 0xbe9b, 0xc69c, 0xc6bc, 0xc6bc, 0xc6bc, 0xc6bc, 0xc6bc, 0xc6bc, 0xc6bc, 0xc6bc, 0xc6bc, 0xd6fd, 0xae3b, 0x33b3, 0x02b0, 0x3bf3, 0x8578, 0x9dfa, 0x8d98, 
    0x95d9, 0xb65b, 0xa61a, 0x5c75, 0x43f4, 0x2b92, 0x1b31, 0x1b52, 0x0af0, 0x0ad0, 0x0af1, 0x2b72, 0x2b92, 0x1b31, 0x5c54, 0xb65a, 0xd6fd, 0xd71d, 0xd6fd, 0xc6dc, 
    0xc6bc, 0xc6bc, 0xc6bc, 0xc6bc, 0xc6bc, 0xc6bc, 0xc6bc, 0xc6bc, 0xc6bc, 0xc6bc, 0xc6bc, 0xc6bc, 0xc6bc, 0xc6bc, 0xbebc, 0xbebc, 0xbebc, 0xbebc, 0xbebc, 0xbebc, 
    0xbebc, 0xbebc, 0xbebc, 0xbebc, 0xbebc, 0xbebc, 0xbebc, 0xbebc, 0xbebc, 0xbebc, 0xbebc, 0xbebc, 0xbe9c, 0xbe9c, 0xb69c, 0xb69c, 0xbe9c, 0xc6fd, 0xae5b, 0x4bf3, 
    0x2310, 0x3351, 0x3351, 0x3b71, 0x3350, 0x1a8e, 0x22ae, 0x32ee, 0x3b30, 0x2aef, 0x2aef, 0x4370, 0x2aef, 0x126d, 0x124d, 0x0a4d, 0x022c, 0x022d, 0x022c, 0x022c, 
    0x022d, 0x0a4d, 0x0a2d, 0x020c, 0x022c, 0x022c, 0x022c, 0x128e, 0x22cf, 0x126d, 0x024d, 0x024d, 0x022d, 0x020c, 0x022c, 0x01ec, 0x01cb, 0x124d, 0x4bd2, 0xbe7b, 
    
    0xb67d, 0xb67c, 0xb67c, 0xae7c, 0xae7c, 0xae5c, 0xae7c, 0xae7c, 0xae7c, 0xae7c, 0xae7c, 0xb67c, 0xb67c, 0xb67c, 0xb67c, 0xb69c, 0xb69c, 0xb69c, 0xb69c, 0xb69c, 
    0xb69c, 0xb69c, 0xb69c, 0xb69c, 0xb69c, 0xb69c, 0xb69c, 0xbe9c, 0xbe9c, 0xbe9c, 0xbe9c, 0xbe9c, 0xbe9c, 0xbebc, 0xbebc, 0xbebc, 0xc6bc, 0xc6bc, 0xbebc, 0xc6bc, 
    0xc6bc, 0xc6bc, 0xc6bc, 0xc6bc, 0xbebc, 0xc6bc, 0xc6bc, 0xc6bc, 0xc6bc, 0xc6bc, 0xc6bc, 0xc6bc, 0xc6bc, 0xc6bc, 0xc6bc, 0xc6bc, 0xc6bc, 0xc6bc, 0xc6bc, 0xc6bc, 
    0xc6bc, 0xc6bc, 0xc6bc, 0xc6bc, 0xc6bc, 0xc6bc, 0xc6bc, 0xc6bc, 0xc6bc, 0xc6bc, 0xc6bc, 0xc6bc, 0xc6bc, 0xc6bc, 0xbebc, 0xc6bc, 0xc6bc, 0xc6dc, 0xc6dc, 0xcedc, 
    0xcedc, 0xcefc, 0xcefc, 0xcefc, 0xcefc, 0xcefc, 0xcedc, 0xcedc, 0xcedc, 0xcedc, 0xcedc, 0xcedc, 0xc6dc, 0xc6dc, 0xc6bc, 0xc6bc, 0xc6bc, 0xc6bc, 0xc6bc, 0xc6bc, 
    0xc6dc, 0xc6dc, 0xcedc, 0xcedc, 0xcefc, 0xd6fc, 0xd71c, 0xd71d, 0xd71d, 0xd71c, 0xdf3d, 0xd71d, 0xd71d, 0xef7e, 0xef9e, 0xdf5e, 0xe77e, 0xdf3e, 0xcedc, 0xb69c, 
    0xb67c, 0xb67c, 0xb67c, 0xb67c, 0xbe9c, 0xc6bc, 0xbe9c, 0xbe9c, 0xbebc, 0xbebc, 0xbebc, 0xbe9c, 0xbe9c, 0xb69c, 0xb67c, 0xb67b, 0xb65c, 0xb67c, 0xc6dc, 0xdf3d, 
    0xef7e, 0xf79e, 0xe77e, 0xcedc, 0xbe9c, 0xc6bc, 0xc6bc, 0xc6dc, 0xcedc, 0xcedc, 0xcedc, 0xcedc, 0xcedc, 0xd6fc, 0xd6fd, 0xd6fc, 0xd6fc, 0xd6fc, 0xd6fc, 0xd6fc, 
    0xcefc, 0xcedc, 0xcedc, 0xcedc, 0xcedc, 0xc6bc, 0xc6bc, 0xc6bc, 0xc6bc, 0xc6bc, 0xc6bc, 0xc6bc, 0xc6bc, 0xc6bc, 0xc6bc, 0xc6bc, 0xc6bc, 0xc6bc, 0xc6bc, 0xc6bc, 
    0xc6bb, 0xc6bc, 0xc69b, 0xbe9b, 0xbe9b, 0xc69b, 0xc6bb, 0xc6bb, 0xc6bc, 0xcedc, 0xcedc, 0xcedc, 0xcedc, 0xcedc, 0xcedc, 0xcedc, 0xcedc, 0xcedc, 0xcedc, 0xcedc, 
    0xcedc, 0xcedc, 0xcedc, 0xcedc, 0xcedc, 0xcedc, 0xcedc, 0xcedc, 0xcedc, 0xcedc, 0xd6fc, 0xcedc, 0x8d98, 0x3bd3, 0x12f1, 0x1b32, 0x2332, 0x1b31, 0x2352, 0x1b31, 
    0x2351, 0x3bb3, 0x33b3, 0x1b31, 0x0af1, 0x0af1, 0x0af1, 0x0af1, 0x1311, 0x1b32, 0x1b31, 0x0af1, 0x0af1, 0x12f1, 0x2331, 0x3392, 0x5c75, 0x7d17, 0x9dd9, 0xd6fc, 
    0xcedc, 0xcefc, 0xd71d, 0xd6fd, 0xd6fc, 0xcefc, 0xcefc, 0xcefc, 0xcefc, 0xcefc, 0xcefc, 0xcedc, 0xcedc, 0xc6dc, 0xc6dc, 0xc6dc, 0xc6dc, 0xc6dc, 0xc6dc, 0xc6bc, 
    0xc6bc, 0xc6dc, 0xc6bc, 0xc6bc, 0xc6dc, 0xc6dd, 0xc6dd, 0xc6bc, 0xbebc, 0xbebc, 0xbebc, 0xbebc, 0xbebc, 0xbebc, 0xc6dc, 0xc6bc, 0xc6fd, 0xa61a, 0x43b2, 0x12af, 
    0x2b30, 0x2b30, 0x3331, 0x3330, 0x1aae, 0x0a4d, 0x2acf, 0x4350, 0x5391, 0x4b91, 0x4370, 0x1a8e, 0x020c, 0x024d, 0x0a4d, 0x022d, 0x022c, 0x022c, 0x020c, 0x020c, 
    0x022c, 0x020c, 0x01ec, 0x020c, 0x024c, 0x0a6d, 0x22ce, 0x4b91, 0x22ce, 0x0a6d, 0x126d, 0x0a6d, 0x022c, 0x020c, 0x020c, 0x020c, 0x022d, 0x01ec, 0x01cb, 0x6454, 
    
    0xae7c, 0xae7c, 0xae7c, 0xae7c, 0xae5c, 0xae5c, 0xae5c, 0xae7c, 0xae7c, 0xae7c, 0xae7c, 0xae7c, 0xae7c, 0xb67c, 0xb67c, 0xb67c, 0xb69c, 0xb69c, 0xb69c, 0xbe9c, 
    0xb69c, 0xb69c, 0xb69c, 0xb69c, 0xb69c, 0xbe9c, 0xbe9c, 0xbe9c, 0xbe9c, 0xbe9c, 0xbe9c, 0xbe9c, 0xbe9c, 0xbe9c, 0xbe9c, 0xbe9c, 0xbe9c, 0xbe9c, 0xbe9c, 0xbebc, 
    0xbebc, 0xbebc, 0xbebc, 0xbebc, 0xbebc, 0xbebc, 0xc6bc, 0xc6bc, 0xc6bc, 0xc6bc, 0xc6bc, 0xc6bc, 0xc6bc, 0xc6dc, 0xc6dc, 0xc6bc, 0xc6bc, 0xc6bc, 0xc6bc, 0xbebc, 
    0xbebc, 0xc6bc, 0xc6bc, 0xc6bc, 0xbebc, 0xc6bc, 0xc6bc, 0xc6bc, 0xc6bc, 0xc6bc, 0xc6bc, 0xc6bc, 0xc6bc, 0xc6bc, 0xc6bc, 0xc6bc, 0xc6bc, 0xc6dc, 0xc6dc, 0xc6dc, 
    0xc6dc, 0xc6dc, 0xc6bc, 0xc6bc, 0xc6bc, 0xc6bc, 0xc6bc, 0xc6bc, 0xbebc, 0xbe9c, 0xbe9c, 0xbe9c, 0xbe9c, 0xbe9c, 0xb69c, 0xb67c, 0xb67c, 0xb67c, 0xb67b, 0xb67c, 
    0xb67c, 0xb69c, 0xbe9c, 0xc6bc, 0xc6dc, 0xcedc, 0xcedc, 0xcefc, 0xd6fc, 0xd71c, 0xe73d, 0xe75e, 0xdf1d, 0xcedc, 0xd71d, 0xe75d, 0xe75d, 0xf7be, 0xef9e, 0xdf3d, 
    0xc6bc, 0xc6bc, 0xbe9c, 0xbe9c, 0xd6fd, 0xd71d, 0xbe9c, 0xbe9c, 0xbe9c, 0xbe9c, 0xbe9c, 0xbe9c, 0xb67c, 0xb67c, 0xb67c, 0xc6bc, 0xd6fd, 0xdf1d, 0xd6fc, 0xcefc, 
    0xcedc, 0xd71d, 0xef9e, 0xef9e, 0xd71d, 0xc6bc, 0xc6dc, 0xc6dc, 0xc6bc, 0xc6bc, 0xc6bc, 0xc6dc, 0xcebc, 0xcedc, 0xcedc, 0xcedc, 0xcedc, 0xcefc, 0xcefc, 0xd6fc, 
    0xd6fc, 0xd6fd, 0xd6fc, 0xd6fc, 0xd6fc, 0xcedc, 0xcedc, 0xcedc, 0xcedc, 0xcedc, 0xc6bc, 0xc6bc, 0xc6bc, 0xc6bc, 0xc6bc, 0xc6bc, 0xc6bc, 0xc6bc, 0xcebc, 0xcebc, 
    0xcebc, 0xcebc, 0xcebc, 0xc6bc, 0xc6bb, 0xc6bb, 0xcebc, 0xcebb, 0xcebb, 0xcebb, 0xc6bc, 0xcedc, 0xcedc, 0xcedc, 0xcedc, 0xcedc, 0xcedc, 0xcedc, 0xcefc, 0xd6fc, 
    0xd6fc, 0xd6fc, 0xd6fc, 0xd6fc, 0xcedc, 0xcedc, 0xcedc, 0xcedc, 0xcedc, 0xd71d, 0xb67b, 0x5c75, 0x2351, 0x1311, 0x2352, 0x2b72, 0x2352, 0x1311, 0x0af1, 0x0af1, 
    0x1b11, 0x1b11, 0x1b31, 0x1311, 0x0af1, 0x1311, 0x1b31, 0x1311, 0x1311, 0x1b31, 0x2332, 0x1b31, 0x1331, 0x2352, 0x2352, 0x12f1, 0x0af0, 0x0af0, 0x2331, 0x6495, 
    0x5454, 0x5434, 0x95b8, 0xcefc, 0xd71d, 0xd73d, 0xd71d, 0xd71d, 0xd71d, 0xcefc, 0xcefc, 0xcefd, 0xd71d, 0xd6fd, 0xd71d, 0xd71d, 0xd71d, 0xd71d, 0xcefd, 0xcedc, 
    0xcefd, 0xd6fd, 0xcefd, 0xcefd, 0xcefd, 0xcefd, 0xcedd, 0xcefd, 0xcefd, 0xcf1d, 0xcefd, 0xcefd, 0xcefd, 0xcefd, 0xc6dd, 0xd73e, 0x9dd9, 0x3b71, 0x128f, 0x12af, 
    0x3351, 0x3351, 0x22cf, 0x1a8e, 0x1a8e, 0x1a6d, 0x4350, 0x4bb1, 0x330f, 0x1a8e, 0x0a6d, 0x020c, 0x020c, 0x0a4d, 0x0a4d, 0x022c, 0x022c, 0x022c, 0x020c, 0x022c, 
    0x020c, 0x01ec, 0x01eb, 0x124d, 0x126d, 0x22ce, 0x6412, 0x4370, 0x020c, 0x022c, 0x1aae, 0x0a4d, 0x020c, 0x020c, 0x022c, 0x020c, 0x020c, 0x020c, 0x01eb, 0x020c, 
    
    0xae7c, 0xae7c, 0xae7c, 0xae7c, 0xae7c, 0xb67c, 0xae7c, 0xae7c, 0xae7c, 0xae7c, 0xae7c, 0xb67c, 0xb67c, 0xb67c, 0xb69c, 0xb69c, 0xb69c, 0xb69c, 0xb69c, 0xb69c, 
    0xb69c, 0xb69c, 0xb69c, 0xbe9c, 0xbe9c, 0xbe9c, 0xbe9c, 0xbe9c, 0xbe9c, 0xbebc, 0xbebc, 0xbebc, 0xbe9c, 0xbebc, 0xbe9c, 0xbe9c, 0xbe9c, 0xbe9c, 0xbebc, 0xbe9c, 
    0xbebc, 0xbe9c, 0xc6bc, 0xc6bc, 0xc6bc, 0xc6bc, 0xc6bc, 0xc6bc, 0xc6bc, 0xc6dc, 0xc6dc, 0xc6dc, 0xc6dc, 0xc6dc, 0xc6dc, 0xc6dc, 0xc6dc, 0xc6bc, 0xc6bc, 0xc6bc, 
    0xc6bc, 0xc6bc, 0xc6bc, 0xc6bc, 0xc6bc, 0xc6bc, 0xc6bc, 0xbebc, 0xbebc, 0xc6bc, 0xc6bc, 0xc6bc, 0xc6bc, 0xc6bc, 0xc6bc, 0xc6bc, 0xc6bc, 0xc6bc, 0xc6bc, 0xc6bc, 
    0xc6dc, 0xc6dc, 0xcedc, 0xcedc, 0xcedc, 0xcedc, 0xcedc, 0xcedc, 0xc6bc, 0xc6bc, 0xc6bc, 0xbe9c, 0xbe9c, 0xb69b, 0xb67b, 0xae7b, 0xa63b, 0xa61b, 0x9e3b, 0xa63b, 
    0xae5b, 0xb67b, 0xbe9c, 0xc6bc, 0xcedc, 0xcefc, 0xd6fc, 0xd6fc, 0xdf1d, 0xdf3d, 0xd71d, 0xd6fc, 0xcebc, 0xbe9b, 0xbe7b, 0xbe9b, 0xc69b, 0xd71c, 0xdf3d, 0xe75d, 
    0xdf3d, 0xdf1d, 0xd6fd, 0xcefc, 0xcedc, 0xcedc, 0xbebc, 0xb69c, 0xb69c, 0xb69c, 0xb67c, 0xae5c, 0xb65c, 0xae5c, 0xb67c, 0xd6fd, 0xef7d, 0xd6dc, 0xa5da, 0x8d99, 
    0x9dd9, 0xa61a, 0xae3a, 0xdf3d, 0xef7d, 0xd6fc, 0xd6fc, 0xd6fc, 0xc6bc, 0xc69c, 0xc6bc, 0xc6bc, 0xc6bc, 0xc6bc, 0xc6dc, 0xc6bc, 0xc6bc, 0xc6bc, 0xc6bc, 0xc6bc, 
    0xc6bc, 0xc6dc, 0xcedc, 0xcedc, 0xcedc, 0xcedc, 0xcedc, 0xcedc, 0xcedc, 0xcedc, 0xcedc, 0xcedc, 0xcedc, 0xcedc, 0xcedc, 0xcedc, 0xcedc, 0xcedc, 0xcedc, 0xcedc, 
    0xcedc, 0xcedc, 0xcebb, 0xcebb, 0xcedc, 0xcedb, 0xc6bb, 0xcebb, 0xc6bb, 0xcebb, 0xc6bc, 0xcebc, 0xcebc, 0xcebc, 0xcebc, 0xcedc, 0xcedc, 0xcedc, 0xcedc, 0xcefc, 
    0xd6fc, 0xcefc, 0xcefc, 0xcefc, 0xcefc, 0xcedc, 0xcedc, 0xcedc, 0xd71c, 0xa619, 0x3bd3, 0x12f1, 0x2352, 0x2352, 0x2b72, 0x2372, 0x1311, 0x02f0, 0x0af0, 0x0b11, 
    0x1b31, 0x1311, 0x1b32, 0x0af1, 0x1311, 0x1311, 0x1b31, 0x1b31, 0x1311, 0x1b31, 0x2352, 0x1b31, 0x1b31, 0x1b31, 0x1b11, 0x1311, 0x12f1, 0x0af1, 0x1b31, 0x0ad0, 
    0x12f0, 0x0ad0, 0x1b11, 0x5c54, 0x74d6, 0x9598, 0xbe9b, 0xc6dc, 0xcefd, 0xd71d, 0xcefd, 0xd71d, 0xcefd, 0xcefd, 0xbe9b, 0x9dd9, 0x8d78, 0xa5fa, 0xbe9c, 0xcefd, 
    0xb67b, 0xae3a, 0xcefd, 0xcefd, 0x95fa, 0x64f7, 0x5cd7, 0x9e1a, 0xcf1d, 0xb67b, 0xbebc, 0xc6dc, 0xd73d, 0xb69c, 0x6d39, 0x95b9, 0x4bd2, 0x2af0, 0x22f0, 0x1acf, 
    0x2b10, 0x22ae, 0x1a6d, 0x2aef, 0x2ace, 0x32ef, 0x330f, 0x2aef, 0x126d, 0x020c, 0x0a4d, 0x0a4d, 0x126d, 0x1a8d, 0x0a2c, 0x022c, 0x0a4d, 0x126d, 0x22ae, 0x0a2c, 
    0x01eb, 0x01eb, 0x0a4c, 0x1a8d, 0x1a6d, 0x32ee, 0x4b70, 0x1a8d, 0x022c, 0x022c, 0x126d, 0x0a4d, 0x020c, 0x022c, 0x022d, 0x020c, 0x020c, 0x020c, 0x01ec, 0x01cb, 
    
    0xb67c, 0xb67c, 0xb67c, 0xb67c, 0xb69c, 0xb67c, 0xb67c, 0xb67c, 0xb67c, 0xb69c, 0xb69c, 0xb69c, 0xb69c, 0xb69c, 0xb69c, 0xb69c, 0xb69c, 0xbe9c, 0xbe9c, 0xbe9c, 
    0xbe9c, 0xbe9c, 0xbe9c, 0xbebc, 0xbebc, 0xbebc, 0xbebc, 0xc6bc, 0xc6bc, 0xc6bc, 0xc6bc, 0xc6bc, 0xc6bc, 0xc6bc, 0xc6bc, 0xc6bc, 0xc6bc, 0xc6dc, 0xc6dc, 0xc6dc, 
    0xc6bc, 0xc6bc, 0xc6dc, 0xcedc, 0xcedc, 0xcedc, 0xcedc, 0xcefc, 0xcefd, 0xcefc, 0xcefc, 0xcefc, 0xcefc, 0xcefc, 0xcedc, 0xcedc, 0xc6dc, 0xc6dc, 0xc6bc, 0xc6bc, 
    0xc6bc, 0xc6bc, 0xc6bc, 0xc6bc, 0xc6bc, 0xc6bc, 0xc6bc, 0xc6bc, 0xc6bc, 0xc6bc, 0xc6bc, 0xc6bc, 0xc6bc, 0xc6dc, 0xc6bc, 0xc6dc, 0xc6dc, 0xc6dc, 0xcedc, 0xcedc, 
    0xcedc, 0xcedc, 0xcedc, 0xcedc, 0xcedc, 0xcedc, 0xcedc, 0xcedc, 0xcedc, 0xcedc, 0xc6bc, 0xc6bc, 0xc6bc, 0xc6bc, 0xc6bc, 0xc6bc, 0xbe9c, 0xbe9c, 0xbe9c, 0xbe9c, 
    0xbe9c, 0xc6bc, 0xc6bc, 0xc6dc, 0xcedc, 0xcedc, 0xd71d, 0xdf3d, 0xdf1d, 0xe73d, 0xef7e, 0xe77e, 0xe75d, 0xe75d, 0xe75d, 0xdf1d, 0xdf3d, 0xe75d, 0xef7d, 0xe75d, 
    0xe75d, 0xdf1d, 0xcefc, 0xcedc, 0xcedc, 0xc6bc, 0xbebc, 0xbe9c, 0xbe9c, 0xbe9c, 0xb67c, 0xb67c, 0xb67c, 0xae5c, 0xb67c, 0xbe9c, 0xcedc, 0xc69b, 0xa61a, 0x9dda, 
    0x9dd9, 0x9dfa, 0xa5fa, 0xb67b, 0xc6dc, 0xc6bc, 0xbebc, 0xbebc, 0xbe9c, 0xc6bc, 0xbe9c, 0xbe9c, 0xbe9c, 0xbe9c, 0xbe9c, 0xbe9c, 0xbe9c, 0xbe9c, 0xbe9c, 0xbe9c, 
    0xbe7b, 0xbe9c, 0xbe9c, 0xc69c, 0xc6bc, 0xc6bc, 0xc6bc, 0xc6bc, 0xc6bc, 0xc6bc, 0xc6bc, 0xcedc, 0xcedc, 0xcedc, 0xcebc, 0xcedc, 0xcedc, 0xcedc, 0xcebb, 0xcebb, 
    0xcedc, 0xcebb, 0xd6dc, 0xd6fc, 0xcedc, 0xcedc, 0xd71c, 0xd6fc, 0xcebb, 0xc6bb, 0xcebb, 0xcebb, 0xcebb, 0xcedc, 0xcedc, 0xcedc, 0xcedc, 0xcedc, 0xd6fc, 0xd6fc, 
    0xcedc, 0xcedc, 0xcedc, 0xcedc, 0xcefc, 0xcefc, 0xcefc, 0xdf3d, 0xae1a, 0x2b92, 0x12f1, 0x1b31, 0x2b72, 0x2b72, 0x2b72, 0x1311, 0x02d0, 0x1332, 0x2373, 0x2372, 
    0x1b31, 0x1311, 0x1b11, 0x1311, 0x2331, 0x1311, 0x1311, 0x1311, 0x1311, 0x1311, 0x2352, 0x1b31, 0x1b11, 0x1311, 0x12f1, 0x1311, 0x2352, 0x1b52, 0x2331, 0x1b11, 
    0x1311, 0x12f0, 0x12f0, 0x3371, 0x3331, 0x2b31, 0x5413, 0x6c95, 0x84f6, 0xbe9b, 0xcedc, 0xa5f9, 0x6cb5, 0x6495, 0x5413, 0x3b72, 0x2310, 0x2b51, 0x4bf3, 0x8557, 
    0x4c34, 0x3371, 0x5c75, 0x6d18, 0x4477, 0x23f5, 0x23d5, 0x3c56, 0x6518, 0x4477, 0x4cb7, 0x54d8, 0x85ba, 0x7538, 0x43f4, 0x3b72, 0x2b10, 0x2b30, 0x2b30, 0x2aef, 
    0x2acf, 0x1a6e, 0x2acf, 0x4350, 0x2ace, 0x126d, 0x126d, 0x228e, 0x0a2c, 0x0a4d, 0x22ae, 0x22ae, 0x1a8d, 0x124d, 0x0a2c, 0x228d, 0x32ee, 0x32ef, 0x330f, 0x0a0c, 
    0x01eb, 0x124d, 0x1a6d, 0x124c, 0x1a6c, 0x32ee, 0x2ace, 0x1a6d, 0x126d, 0x022c, 0x022c, 0x022c, 0x022c, 0x022c, 0x022c, 0x022c, 0x01ec, 0x020c, 0x01eb, 0x01cb, 
    
    0xbe9d, 0xbe9d, 0xbe9d, 0xbe9d, 0xbe9c, 0xbe9c, 0xbe9c, 0xbe9c, 0xbebc, 0xbebc, 0xbebc, 0xbebc, 0xbebc, 0xbebc, 0xbebc, 0xbebc, 0xbebc, 0xc6bc, 0xc6bc, 0xc6bc, 
    0xc6bc, 0xc6dc, 0xc6dc, 0xc6bc, 0xc6bc, 0xc6dc, 0xcedc, 0xcedd, 0xcedd, 0xcedc, 0xcedc, 0xcedc, 0xcefd, 0xcefd, 0xcefd, 0xcedc, 0xcedc, 0xcedd, 0xcedc, 0xcedc, 
    0xcedc, 0xcefc, 0xcefc, 0xcefc, 0xcefc, 0xcefc, 0xcefd, 0xcefc, 0xcefc, 0xcefc, 0xcefc, 0xcedc, 0xcedc, 0xcedc, 0xc6dc, 0xc6dc, 0xc6dc, 0xc6dc, 0xc6dc, 0xc6bc, 
    0xc6bc, 0xc6bc, 0xc6bc, 0xc6bc, 0xc6bc, 0xc6bc, 0xc6bc, 0xc6bc, 0xc6bc, 0xc6dc, 0xc6dc, 0xcedc, 0xcedc, 0xcedc, 0xcedc, 0xcedc, 0xcedc, 0xcedc, 0xcedc, 0xcefc, 
    0xcefc, 0xcefc, 0xcedc, 0xcedc, 0xcedc, 0xcedc, 0xc6dc, 0xc6bc, 0xc6bc, 0xc6bc, 0xc6bc, 0xcedc, 0xcedc, 0xcedc, 0xcedc, 0xcedc, 0xcedc, 0xcedc, 0xc6dc, 0xcedc, 
    0xc6dc, 0xc6bc, 0xc6bc, 0xc6bc, 0xc6dc, 0xd6fc, 0xe73d, 0xe73d, 0xd6fc, 0xc6bc, 0xd6fc, 0xd6fc, 0xbe9b, 0xc6bc, 0xc6bb, 0xbe9b, 0xd6fc, 0xdf3d, 0xe73d, 0xe73d, 
    0xe75d, 0xe75d, 0xdf1d, 0xcefc, 0xcedc, 0xcedc, 0xcedc, 0xcedc, 0xc6dc, 0xc6bc, 0xc6bc, 0xc69c, 0xc6bc, 0xbe9c, 0xb67c, 0xb65b, 0xbe9c, 0xcedc, 0xcedc, 0xbe9c, 
    0xae5b, 0xae5b, 0xae7c, 0xae7b, 0xa65b, 0xa63b, 0xa63b, 0xa63b, 0xa65b, 0xae5b, 0xb67c, 0xbe9c, 0xbe9c, 0xbe9c, 0xc6bc, 0xbebc, 0xb67b, 0xb67b, 0xb69c, 0xb67b, 
    0xb67b, 0xb67c, 0xb67c, 0xb67c, 0xb67c, 0xb67b, 0xb67c, 0xb67c, 0xbe7c, 0xc69c, 0xc6bc, 0xc69c, 0xc69c, 0xc6bc, 0xcedc, 0xcebc, 0xc6bb, 0xcebb, 0xc6bb, 0xc6bb, 
    0xcebb, 0xd6fc, 0xbe5a, 0x9577, 0x74b5, 0x7d16, 0x9db8, 0xb65a, 0xd71c, 0xd6fc, 0xcebb, 0xcedc, 0xcedc, 0xcebc, 0xcebc, 0xcebc, 0xcedc, 0xcedc, 0xcedc, 0xcedc, 
    0xcedc, 0xcedc, 0xcedc, 0xcedc, 0xcedc, 0xd6fc, 0xdf3d, 0xb65a, 0x2b92, 0x1b11, 0x2352, 0x1b31, 0x2b52, 0x2b52, 0x1b31, 0x1b31, 0x4415, 0x7519, 0x8d9a, 0x6cd7, 
    0x2352, 0x1311, 0x1311, 0x1b11, 0x2331, 0x1311, 0x1310, 0x1311, 0x1311, 0x12f1, 0x1b11, 0x1b11, 0x1311, 0x1311, 0x12f0, 0x1b11, 0x2b93, 0x1b31, 0x12f0, 0x2331, 
    0x12d0, 0x1b11, 0x3bb2, 0x53f3, 0x3b92, 0x2b10, 0x2b10, 0x2af0, 0x32f0, 0x7cb5, 0xb5f9, 0x6454, 0x0a4e, 0x0a8f, 0x2b11, 0x3351, 0x2331, 0x1af0, 0x12af, 0x1af0, 
    0x2b31, 0x2310, 0x0a8e, 0x1b31, 0x4477, 0x4cd8, 0x4498, 0x3c57, 0x3c57, 0x4477, 0x3c78, 0x3437, 0x33b3, 0x3b71, 0x4370, 0x4bb2, 0x4391, 0x4392, 0x4371, 0x32ef, 
    0x32ef, 0x2acf, 0x4350, 0x330f, 0x1a8d, 0x124d, 0x22ae, 0x126d, 0x0a2c, 0x124d, 0x1a6d, 0x22ad, 0x22ad, 0x226d, 0x2ace, 0x434f, 0x3b0f, 0x124d, 0x09eb, 0x01eb, 
    0x124c, 0x228d, 0x1a4c, 0x124c, 0x228d, 0x1a6c, 0x124c, 0x0a4c, 0x022c, 0x020c, 0x022c, 0x022c, 0x022c, 0x020b, 0x022c, 0x0a2d, 0x020c, 0x020c, 0x01ec, 0x01eb, 
    
    0xbebd, 0xbebc, 0xbebc, 0xbebd, 0xbebd, 0xbebd, 0xc6bc, 0xc6bc, 0xc6bc, 0xc6bd, 0xc6bd, 0xc6bc, 0xc6dc, 0xc6dd, 0xc6dd, 0xc6bc, 0xc6bc, 0xc6bc, 0xc6dc, 0xc6bc, 
    0xc6bc, 0xc6bc, 0xc6bc, 0xc6bc, 0xc6bc, 0xc6bc, 0xbebc, 0xbebc, 0xbe9c, 0xbe9c, 0xbe9c, 0xbe9c, 0xbe9c, 0xbe9c, 0xbe9c, 0xbebc, 0xbebc, 0xbebc, 0xc6bc, 0xc6bc, 
    0xc6bc, 0xc6bc, 0xc6bc, 0xc6bc, 0xc6dc, 0xc6dc, 0xc6bc, 0xc6bc, 0xc6bc, 0xc6bc, 0xc6bc, 0xc6bc, 0xc6bc, 0xc6bc, 0xc6bc, 0xc6dc, 0xc6dc, 0xc6bc, 0xc6dc, 0xc6dc, 
    0xc6dc, 0xc6bc, 0xc6bc, 0xc6dc, 0xc6dc, 0xc6dc, 0xc6dc, 0xc6dc, 0xc6dc, 0xc6dc, 0xcedc, 0xcedc, 0xcedc, 0xcedc, 0xcedc, 0xcedc, 0xcedc, 0xcedc, 0xcedc, 0xcedc, 
    0xcedc, 0xcedc, 0xcedc, 0xcedc, 0xc6bc, 0xc6bc, 0xc6bc, 0xc6bc, 0xc6bc, 0xc6dc, 0xcedc, 0xd71d, 0xd6fc, 0xcedc, 0xd6fc, 0xcefc, 0xc6bc, 0xc6bc, 0xc6bc, 0xc6dc, 
    0xc6dc, 0xc6dc, 0xc6dc, 0xcedc, 0xcedc, 0xd71c, 0xdf1d, 0xdf1d, 0xd71d, 0xd6fc, 0xd6fc, 0xd6fc, 0xc69b, 0xb65b, 0x9dfa, 0xa5fa, 0xb65b, 0xae3a, 0xa61a, 0xb65b, 
    0xc6bc, 0xdf3d, 0xe75d, 0xdf1d, 0xd6fc, 0xcefc, 0xcefc, 0xcefc, 0xcedc, 0xcedc, 0xcedc, 0xcedc, 0xcedc, 0xcedc, 0xcedc, 0xc6bc, 0xc69c, 0xc6bc, 0xcedc, 0xcedc, 
    0xc6bc, 0xc6dc, 0xcedc, 0xd71d, 0xcefc, 0xc6dc, 0xae7b, 0xa63b, 0xae5b, 0xb67c, 0xcefc, 0xdf3d, 0xdf3d, 0xcefc, 0xd71d, 0xdf1d, 0xbebc, 0xae5b, 0xae7b, 0xae5b, 
    0xa65b, 0xa63b, 0xa65b, 0xae5b, 0xb67c, 0xb67c, 0xb67b, 0xae5b, 0xb67b, 0xcedc, 0xc6bc, 0xbe7b, 0xc69c, 0xcedc, 0xcedc, 0xcebb, 0xc69b, 0xc69b, 0xc69b, 0xcebb, 
    0xd6fc, 0xa5d8, 0x4392, 0x22f0, 0x2310, 0x2b31, 0x3331, 0x53f3, 0x74d6, 0xa5d9, 0xd6fc, 0xdf1c, 0xdf1c, 0xd6fc, 0xcedc, 0xcedc, 0xcefc, 0xc6bc, 0xcebc, 0xcedc, 
    0xcedc, 0xcedc, 0xcefc, 0xcedc, 0xcedc, 0xd71c, 0xc6bb, 0x43f3, 0x0af0, 0x3392, 0x3392, 0x2b72, 0x2b72, 0x2331, 0x12f0, 0x3393, 0x9dfb, 0xd73e, 0xd71d, 0x64b6, 
    0x12f1, 0x1b11, 0x2331, 0x1310, 0x1311, 0x1311, 0x1311, 0x1b11, 0x12f1, 0x0af0, 0x1b11, 0x1b11, 0x1311, 0x1b11, 0x1b31, 0x12f1, 0x2352, 0x2b93, 0x0ad0, 0x12f0, 
    0x2b52, 0x3372, 0x4bd3, 0x4bb2, 0x3331, 0x2b10, 0x3b51, 0x3b10, 0x32f0, 0x9556, 0xdf1c, 0xc67b, 0x8517, 0x4bd3, 0x2310, 0x2b31, 0x2b31, 0x2b31, 0x2310, 0x1af0, 
    0x3351, 0x2b31, 0x2310, 0x22ef, 0x3372, 0x4435, 0x54d8, 0x4cb8, 0x4cb8, 0x54d9, 0x3c36, 0x2b51, 0x2aef, 0x330f, 0x3351, 0x43b2, 0x3b51, 0x4371, 0x4b91, 0x3b50, 
    0x3b30, 0x32ef, 0x2ace, 0x22ae, 0x22ae, 0x22ae, 0x228e, 0x124c, 0x228d, 0x2ace, 0x228d, 0x32ce, 0x3aee, 0x32cd, 0x3b0e, 0x3b0e, 0x1a6d, 0x01eb, 0x01cb, 0x0a0b, 
    0x228d, 0x226c, 0x1a6c, 0x124c, 0x124c, 0x0a0b, 0x01eb, 0x020b, 0x020c, 0x020c, 0x020b, 0x020c, 0x020c, 0x01eb, 0x020c, 0x022c, 0x020b, 0x01eb, 0x01eb, 0x126d, 
    
    0xbe9d, 0xbebc, 0xbebc, 0xbebc, 0xbebc, 0xbebc, 0xbebc, 0xc6bc, 0xc6bc, 0xc6bc, 0xc6bc, 0xc6bc, 0xc6dc, 0xc6dc, 0xc6bc, 0xc6bc, 0xc6bc, 0xc6bc, 0xc6bc, 0xc6bc, 
    0xbe9c, 0xbe9c, 0xbe9c, 0xb67c, 0xb67c, 0xae5c, 0xae5c, 0xae5c, 0xae5c, 0xae5c, 0xae5b, 0xae5c, 0xae5c, 0xae5c, 0xb67c, 0xb67c, 0xb67c, 0xb67c, 0xb69c, 0xbe9c, 
    0xbe9c, 0xbe9c, 0xbe9c, 0xbe9c, 0xb69c, 0xbe9c, 0xbe9c, 0xbe9c, 0xbe9c, 0xbebc, 0xc6bc, 0xc6bc, 0xc6bc, 0xc6bc, 0xc6bc, 0xc6bc, 0xc6dc, 0xc6dc, 0xc6dc, 0xc6dc, 
    0xc6dc, 0xc6dc, 0xcedc, 0xcedc, 0xcedc, 0xcedc, 0xcedc, 0xcedc, 0xcedc, 0xcedc, 0xcedc, 0xcedc, 0xcedc, 0xcedc, 0xcedc, 0xcedc, 0xcedc, 0xcedc, 0xcedc, 0xcedc, 
    0xcedc, 0xcedc, 0xcedc, 0xc6bc, 0xc6bc, 0xc6bc, 0xcedc, 0xcedc, 0xcedc, 0xd6fc, 0xd71d, 0xd6fc, 0xd6fc, 0xd71d, 0xd71c, 0xd6fc, 0xc6dc, 0xd6fc, 0xdf1d, 0xdf3d, 
    0xdf3d, 0xdf3d, 0xd6fc, 0xcedc, 0xcedc, 0xcefc, 0xcedc, 0xc6dc, 0xcefc, 0xd6fc, 0xd6fc, 0xd6fc, 0xcefc, 0xbe9b, 0xae3b, 0xb63b, 0xae3a, 0xa5fa, 0xa61a, 0xb65b, 
    0xbe9b, 0xd6fc, 0xdf1c, 0xd71c, 0xd71d, 0xdf1c, 0xdf1d, 0xd6fc, 0xd6fc, 0xcefc, 0xcefc, 0xcedc, 0xcedc, 0xd6fc, 0xd6fc, 0xcedc, 0xd6dc, 0xd6fc, 0xd6fc, 0xcedc, 
    0xd6fc, 0xcefc, 0xbe9b, 0xc69b, 0xd6fc, 0xdf3c, 0xcedc, 0xbe9b, 0xc6bc, 0xcedc, 0xcedc, 0xcedc, 0xcedc, 0xbe9c, 0xbe9c, 0xc6dc, 0xc6bc, 0xb67c, 0xbe9c, 0xcedc, 
    0xc6dc, 0xbebc, 0xb69b, 0xb69c, 0xc6dc, 0xcefc, 0xcefc, 0xcedc, 0xc69c, 0xc6bc, 0xc6bc, 0xc6bc, 0xc6bc, 0xcebc, 0xc6bc, 0xc6bb, 0xc6bb, 0xc6bb, 0xcedc, 0xcebb, 
    0x8d57, 0x3351, 0x1acf, 0x2b10, 0x3b71, 0x3b71, 0x53d3, 0x3b71, 0x1ad0, 0x3351, 0x6454, 0x74b5, 0xbe5a, 0xd6fc, 0xc6bb, 0xae3a, 0xae19, 0xcedc, 0xd6fc, 0xcedc, 
    0xd6fc, 0xd6fc, 0xcedc, 0xd6fc, 0xd71c, 0xc6bb, 0x4c14, 0x12d0, 0x2351, 0x3392, 0x2b52, 0x3372, 0x3372, 0x12f0, 0x12f0, 0x5434, 0xae1a, 0xb619, 0x6cb5, 0x2331, 
    0x1b11, 0x2331, 0x1b10, 0x12f0, 0x1311, 0x1b11, 0x12f0, 0x1311, 0x1b31, 0x4414, 0x2b52, 0x2331, 0x1af0, 0x4c35, 0x6d18, 0x33b4, 0x4c35, 0xa5fa, 0x5434, 0x43b3, 
    0x5c34, 0x4bb2, 0x3b71, 0x4391, 0x3310, 0x3330, 0x4351, 0x53b2, 0x3b10, 0x8cf5, 0xdf3c, 0xe75d, 0xef5d, 0xc67b, 0x74b5, 0x3372, 0x2b51, 0x2310, 0x1af0, 0x2310, 
    0x3351, 0x3351, 0x2b30, 0x2b10, 0x2b30, 0x2310, 0x2b72, 0x4c76, 0x54b7, 0x54b7, 0x43f4, 0x22cf, 0x22ef, 0x3b71, 0x4bd2, 0x3b50, 0x2aef, 0x4b91, 0x53d2, 0x63f2, 
    0x5bd2, 0x1a6d, 0x0a2c, 0x124d, 0x1a6d, 0x228d, 0x2ace, 0x3b0f, 0x4330, 0x3b0f, 0x3aee, 0x3ace, 0x2aad, 0x32ad, 0x2acd, 0x1a6c, 0x020b, 0x01eb, 0x01eb, 0x0a0c, 
    0x0a0b, 0x0a0b, 0x0a0b, 0x0a2c, 0x020b, 0x01eb, 0x020b, 0x020b, 0x020b, 0x020c, 0x020b, 0x020b, 0x020b, 0x01eb, 0x01eb, 0x020c, 0x0a2c, 0x01eb, 0x01eb, 0x124d, 
    
    0xbe9c, 0xbebc, 0xbebc, 0xbebc, 0xbebc, 0xbebc, 0xbebc, 0xbebc, 0xbe9c, 0xbe9c, 0xbe9c, 0xbe9c, 0xc6bc, 0xc6dc, 0xc6bc, 0xc6bc, 0xc6bc, 0xc6bc, 0xc6bc, 0xbe9c, 
    0xbe9c, 0xb67c, 0xb67c, 0xb67c, 0xb67c, 0xb67c, 0xae7c, 0xae5c, 0xae5c, 0xae5c, 0xae7c, 0xae5c, 0xb67c, 0xb69c, 0xbe9c, 0xb69c, 0xb69c, 0xbe9c, 0xbe9c, 0xbe9c, 
    0xbe9c, 0xbe9c, 0xbe9c, 0xbebc, 0xbebc, 0xbebc, 0xc6bc, 0xc6bc, 0xc6bc, 0xc6bc, 0xc6dc, 0xc6dc, 0xc6dc, 0xc6dc, 0xcedc, 0xc6dc, 0xc6dc, 0xcedc, 0xcedc, 0xcedc, 
    0xcedc, 0xcedc, 0xcedc, 0xcedc, 0xcedc, 0xcedc, 0xcedc, 0xcedc, 0xcedc, 0xcedc, 0xcedc, 0xc6bc, 0xc6dc, 0xc6bc, 0xc6bc, 0xc6bc, 0xc6bc, 0xc6bc, 0xc6bc, 0xc69c, 
    0xc6bc, 0xcedc, 0xd6fc, 0xd6fc, 0xd71d, 0xd71d, 0xdf3d, 0xdf1d, 0xcefc, 0xcedc, 0xd71c, 0xd6fc, 0xcedc, 0xcedc, 0xcefc, 0xd6fc, 0xd6fc, 0xd71c, 0xdf1c, 0xdf3d, 
    0xe75d, 0xef7e, 0xe75d, 0xdf1d, 0xd6fc, 0xd6fc, 0xcefc, 0xcedc, 0xcefc, 0xd6fc, 0xd6fc, 0xd6fc, 0xcedc, 0xcedc, 0xcedc, 0xcedc, 0xcebc, 0xcedc, 0xd6fc, 0xd6fc, 
    0xcefc, 0xd6fc, 0xd6fc, 0xcefc, 0xcedc, 0xcedc, 0xd6fc, 0xd6fc, 0xcedc, 0xcedc, 0xcedc, 0xcebc, 0xcedc, 0xcedc, 0xd6fc, 0xcedc, 0xcedc, 0xd6dc, 0xcebb, 0xcebb, 
    0xdf1c, 0xcedc, 0xb65a, 0xae3a, 0xc69b, 0xcefc, 0xc6bc, 0xbe9b, 0xc6bc, 0xc69c, 0xc6bc, 0xcedc, 0xcedc, 0xcedc, 0xcedc, 0xcefc, 0xd71c, 0xd6fc, 0xcefc, 0xcedc, 
    0xcedc, 0xcefc, 0xcefc, 0xd6fc, 0xcedc, 0xbe9b, 0xc6bc, 0xcedc, 0xcedc, 0xcedc, 0xcebc, 0xcedc, 0xc6bc, 0xcedc, 0xd6fc, 0xcedc, 0xcedc, 0xcedc, 0x9db8, 0x4bf3, 
    0x1ad0, 0x1ad0, 0x2b10, 0x2b31, 0x3351, 0x4392, 0x3351, 0x1af0, 0x2b31, 0x2b11, 0x1ad0, 0x1acf, 0x3b92, 0x6cb5, 0x5c54, 0x2b51, 0x3b71, 0xb65a, 0xdf3d, 0xcefc, 
    0xcedc, 0xcefc, 0xc69b, 0xcefc, 0xd71c, 0x6495, 0x0aaf, 0x2331, 0x2b51, 0x2351, 0x2b51, 0x43d3, 0x2b51, 0x12d0, 0x2b52, 0x5434, 0x5c34, 0x43b2, 0x12d0, 0x1af0, 
    0x2311, 0x1b10, 0x12d0, 0x12f0, 0x1b11, 0x1b11, 0x0ad0, 0x12f0, 0x3bf4, 0x43f4, 0x2331, 0x2311, 0x3372, 0x7518, 0x8579, 0x8d79, 0x9dda, 0xdf3d, 0xd6dc, 0xb619, 
    0x6433, 0x330f, 0x3330, 0x3330, 0x3310, 0x3310, 0x4371, 0xa598, 0xadf9, 0xb619, 0xd6fc, 0xdf1c, 0xdf1c, 0xe75d, 0xd6fc, 0xbe5a, 0x9557, 0x4bf3, 0x4bd3, 0x4bf3, 
    0x3b71, 0x3351, 0x3351, 0x3351, 0x2b10, 0x22f0, 0x128e, 0x3371, 0x4bf3, 0x3371, 0x53f3, 0x3b71, 0x3330, 0x53b1, 0x5c12, 0x53d2, 0x5bf2, 0x6c53, 0x5bd2, 0x6412, 
    0x330f, 0x020c, 0x0a2c, 0x0a2c, 0x1a6d, 0x228d, 0x32ce, 0x3b0f, 0x3aee, 0x2a8d, 0x228d, 0x228d, 0x226c, 0x228c, 0x124c, 0x01eb, 0x01cb, 0x01cb, 0x122c, 0x1a4c, 
    0x0a0b, 0x01eb, 0x020b, 0x0a0b, 0x01eb, 0x01eb, 0x020c, 0x020b, 0x020b, 0x020c, 0x020b, 0x01eb, 0x01eb, 0x020c, 0x01eb, 0x020b, 0x0a2c, 0x020c, 0x01eb, 0x01eb, 
    
    0xbebc, 0xbebc, 0xbebc, 0xc6bc, 0xc6bc, 0xc6bc, 0xc6bc, 0xbebc, 0xbebc, 0xbe9c, 0xbe9c, 0xbe9c, 0xbebd, 0xbebd, 0xbebd, 0xbe9c, 0xbe7c, 0xbe9c, 0xbe9c, 0xbe9c, 
    0xc6bc, 0xc6bd, 0xc6bd, 0xbebc, 0xb69c, 0xbe9c, 0xbebc, 0xbe9d, 0xc6dd, 0xd71d, 0xd71d, 0xcedd, 0xd71d, 0xd71d, 0xc6dc, 0xc6dc, 0xc6bc, 0xc6dc, 0xc6dc, 0xc6dc, 
    0xc6dc, 0xc6dc, 0xc6dc, 0xcedc, 0xcedc, 0xcedc, 0xcedc, 0xcedc, 0xcedc, 0xcedc, 0xcedc, 0xcedc, 0xc6dc, 0xcedc, 0xcedc, 0xcedc, 0xcedc, 0xcedc, 0xcedc, 0xcedc, 
    0xcedc, 0xcedc, 0xcedc, 0xcedc, 0xcedc, 0xcedc, 0xcedc, 0xcedc, 0xcedc, 0xcedc, 0xd6fc, 0xcedc, 0xc6bc, 0xc6bc, 0xc6bc, 0xc6bc, 0xc6bc, 0xc6bc, 0xc6bc, 0xc6bc, 
    0xc6bc, 0xd6fc, 0xdf1c, 0xd6fc, 0xd71c, 0xd71c, 0xdf1c, 0xdf3d, 0xdf1d, 0xd6fc, 0xd6fc, 0xcedc, 0xcedc, 0xcedc, 0xcefc, 0xd6fc, 0xcedc, 0xcebc, 0xcedc, 0xcedc, 
    0xcedc, 0xd6fc, 0xd6fc, 0xd6fc, 0xcedc, 0xcedc, 0xcefc, 0xcefc, 0xcedc, 0xcefc, 0xd6fc, 0xcedc, 0xcebc, 0xcebc, 0xcedc, 0xcedc, 0xcedc, 0xcedc, 0xcedc, 0xcedc, 
    0xcedc, 0xcedc, 0xcedc, 0xcedc, 0xcedc, 0xcedc, 0xcedc, 0xcedc, 0xcedc, 0xd6dc, 0xcedc, 0xcedc, 0xd6fc, 0xdf1c, 0xdf1c, 0xd6dc, 0xcedc, 0xd6fc, 0xd6dc, 0xd6dc, 
    0xdefc, 0xdf1c, 0xd6fc, 0xd6fc, 0xd6fc, 0xcedc, 0xc6bc, 0xcedc, 0xcedc, 0xd6fc, 0xcefc, 0xcedc, 0xc6bb, 0xcedc, 0xd71c, 0xd6fc, 0xcedc, 0xd6fc, 0xcedc, 0xc6bb, 
    0xc6bb, 0xcefc, 0xcefc, 0xcedc, 0xcedc, 0xc6bc, 0xc6bc, 0xcebc, 0xcebc, 0xcedc, 0xc6bb, 0xcedc, 0xd6fc, 0xbe7a, 0x9d98, 0x7cd5, 0x6c95, 0x6c94, 0x2b30, 0x0a8f, 
    0x0ad0, 0x1af0, 0x1af0, 0x1b10, 0x2310, 0x2b31, 0x12d0, 0x0ad0, 0x12d0, 0x2310, 0x2310, 0x1af0, 0x1ad0, 0x1ad0, 0x1ad0, 0x1ad0, 0x2310, 0x5413, 0xae1a, 0xd71c, 
    0xd71c, 0xcedc, 0xcefc, 0xd71d, 0x8d78, 0x1af0, 0x2b72, 0x2b51, 0x2331, 0x3372, 0x6c95, 0x5434, 0x12d0, 0x2331, 0x3372, 0x2b51, 0x12d0, 0x0ad0, 0x12f0, 0x1b10, 
    0x0ad0, 0x0ad0, 0x12f0, 0x1af0, 0x2331, 0x1b10, 0x0ad0, 0x0af0, 0x2331, 0x2331, 0x2311, 0x2310, 0x5455, 0x95ba, 0xbe7b, 0xd6fc, 0xdf1c, 0xef7d, 0xcebb, 0x53f2, 
    0x1aae, 0x22ce, 0x2aef, 0x3330, 0x3b51, 0x3b71, 0x8d36, 0xdf1c, 0xe73d, 0xdf3d, 0xdf1c, 0xd6fc, 0xd6fc, 0xd6fc, 0xdf1c, 0xe73d, 0xe73d, 0xd6dc, 0xd6dc, 0xc67a, 
    0x7cd5, 0x4bb2, 0x3351, 0x3b92, 0x3330, 0x22ef, 0x1aaf, 0x1aaf, 0x22ef, 0x12af, 0x4392, 0x53f2, 0x4b70, 0x4b70, 0x5bd2, 0x6433, 0x5bd1, 0x4b90, 0x1a6d, 0x020c, 
    0x020c, 0x0a4d, 0x124d, 0x124d, 0x1a6d, 0x228d, 0x2aad, 0x2a8d, 0x228d, 0x124c, 0x124c, 0x1a4c, 0x1a4c, 0x1a4c, 0x09eb, 0x01cb, 0x01cb, 0x09eb, 0x1a4c, 0x120b, 
    0x09ea, 0x0a0b, 0x0a0b, 0x0a0b, 0x020b, 0x0a2b, 0x0a0b, 0x020b, 0x020b, 0x0a2c, 0x020c, 0x020b, 0x020c, 0x020c, 0x020c, 0x01eb, 0x01eb, 0x020c, 0x01eb, 0x01eb, 
    
    0xbedd, 0xb6bd, 0xb6bd, 0xb6bd, 0xb67c, 0xae7c, 0xae7c, 0xae5c, 0xae5c, 0xb69c, 0xbebd, 0xb67c, 0x9577, 0x8d15, 0x9dd9, 0xae5c, 0xae5c, 0xb65c, 0xb67b, 0xbebc, 
    0xbe9c, 0xa5f9, 0x9d97, 0xae1a, 0xbebc, 0xc6bc, 0xbe7b, 0xbe5a, 0xbe7a, 0xcebb, 0xbe7b, 0xae19, 0xb63a, 0xae1a, 0xb65b, 0xcefc, 0xd71d, 0xcefc, 0xcedc, 0xcedc, 
    0xcefc, 0xd6fc, 0xd6fc, 0xd6fc, 0xcefc, 0xcedc, 0xcedc, 0xcedc, 0xcedc, 0xcedc, 0xcedc, 0xcedc, 0xcedc, 0xcedc, 0xcedc, 0xcedc, 0xcedc, 0xcedc, 0xcedc, 0xcedc, 
    0xcedc, 0xcedc, 0xcedc, 0xcedc, 0xcedc, 0xcedc, 0xcedc, 0xcebc, 0xcedc, 0xcedc, 0xd6fc, 0xd6fc, 0xcedc, 0xcedc, 0xcedc, 0xcedc, 0xcedc, 0xcedc, 0xcefc, 0xcefc, 
    0xd6fc, 0xd6fc, 0xd6fc, 0xc6bc, 0xc6bc, 0xcedc, 0xd6fc, 0xcedc, 0xd6fc, 0xcedc, 0xcedc, 0xcefc, 0xd6fc, 0xd6fc, 0xd6fc, 0xd6fc, 0xd6fc, 0xd6fc, 0xd6fc, 0xd6fc, 
    0xd6fc, 0xcefc, 0xcefc, 0xcedc, 0xcedc, 0xcedc, 0xcedc, 0xcedc, 0xcedc, 0xcedc, 0xcedc, 0xcedc, 0xcedc, 0xcedc, 0xcedc, 0xcedc, 0xcedc, 0xcedc, 0xcedc, 0xcedc, 
    0xcedc, 0xc6dc, 0xc6dc, 0xc6dc, 0xcedc, 0xd6fc, 0xcedc, 0xcedc, 0xd6fc, 0xcedc, 0xcedc, 0xcedc, 0xc6bc, 0xc6bb, 0xcebb, 0xe73c, 0xdf1c, 0xcedc, 0xc69b, 0xcebc, 
    0xcedc, 0xcebc, 0xc6bb, 0xcebc, 0xcedc, 0xcedc, 0xc6bb, 0xcefc, 0xcedc, 0xc6bc, 0xc6bc, 0xc6bb, 0xc6bc, 0xc6bb, 0xcedc, 0xcedc, 0xcedc, 0xcedc, 0xcedc, 0xcedc, 
    0xc6bc, 0xc6bb, 0xc6bb, 0xbe9b, 0xbe9b, 0xbe9b, 0xc69b, 0xc6bc, 0xc6bb, 0xc6bc, 0xcedc, 0xc6bc, 0x9db8, 0x3bb2, 0x12af, 0x0aaf, 0x12af, 0x1aef, 0x1af0, 0x1af0, 
    0x12f0, 0x12f0, 0x12d0, 0x1af0, 0x1b10, 0x2310, 0x12d0, 0x0acf, 0x0ad0, 0x12d0, 0x2310, 0x2b31, 0x1b10, 0x2331, 0x2b31, 0x2310, 0x2310, 0x22f0, 0x43d3, 0x8db9, 
    0x8599, 0x7538, 0x7d58, 0x74f6, 0x3b72, 0x6474, 0x7d16, 0x3b92, 0x3372, 0x4bd3, 0x5434, 0x1b10, 0x1af0, 0x3351, 0x3351, 0x0ad0, 0x02af, 0x12d0, 0x1b10, 0x2331, 
    0x0acf, 0x02af, 0x12f0, 0x1af0, 0x2311, 0x1af0, 0x12f0, 0x12d0, 0x1af0, 0x1b10, 0x12cf, 0x2b31, 0x6cd7, 0xae1a, 0xe75d, 0xdf1c, 0xe75d, 0xcedb, 0x4bd1, 0x1a8e, 
    0x1aae, 0x22cf, 0x3310, 0x3b30, 0x4371, 0x5bf2, 0xbe7a, 0xe73d, 0xdf1c, 0xdf1c, 0xdf3d, 0xe73d, 0xdf3d, 0xdf3d, 0xe73d, 0xe75d, 0xe75d, 0xef7e, 0xef7d, 0xef5d, 
    0xdf3c, 0x7cd5, 0x3331, 0x3351, 0x2b30, 0x3b71, 0x6475, 0x74b6, 0x3b71, 0x3b71, 0x4bb2, 0x4b91, 0x4b70, 0x32ce, 0x4350, 0x22ce, 0x122c, 0x020b, 0x01eb, 0x020c, 
    0x0a2c, 0x0a2c, 0x124d, 0x124c, 0x1a4d, 0x2aad, 0x2aad, 0x1a6d, 0x122c, 0x1a6d, 0x228d, 0x1a6c, 0x1a4c, 0x0a0b, 0x01cb, 0x01eb, 0x0a0c, 0x2a8d, 0x2a6c, 0x224b, 
    0x1a2b, 0x224b, 0x1a6c, 0x0a0b, 0x0a0b, 0x1a4c, 0x0a0b, 0x1a4c, 0x124c, 0x022c, 0x020c, 0x020c, 0x020b, 0x020b, 0x020b, 0x01eb, 0x01eb, 0x0a0c, 0x0a0b, 0x01cb, 
    
    0x95d9, 0x95b9, 0x9598, 0x9598, 0xa63b, 0xa65c, 0xa65c, 0xae7c, 0xa63c, 0xa63b, 0x8d57, 0x63f1, 0x42ec, 0x42ab, 0x5b4e, 0x8d36, 0xc6dd, 0xc6bc, 0xc6dd, 0xbe9b, 
    0x6412, 0x32ad, 0x42cc, 0x63af, 0x8cf5, 0xa577, 0xa556, 0xa535, 0xa535, 0xad56, 0x9535, 0x6c53, 0x7474, 0x5c34, 0x5c14, 0x8537, 0xbe7b, 0xd6fd, 0xd71d, 0xd6fd, 
    0xd71d, 0xcefc, 0xcedc, 0xcedc, 0xd71c, 0xdf1d, 0xd6fc, 0xcedc, 0xcedc, 0xcedc, 0xcedc, 0xc6dc, 0xc6bc, 0xc6bc, 0xcebb, 0xcedc, 0xcebc, 0xcebc, 0xcedc, 0xcedc, 
    0xcedc, 0xcedc, 0xcedc, 0xcedc, 0xcedc, 0xcedc, 0xcedc, 0xcedc, 0xcedc, 0xc6bb, 0xc6bb, 0xcedc, 0xcedc, 0xcedc, 0xcedc, 0xcedc, 0xcefc, 0xcefc, 0xcefc, 0xd6dc, 
    0xd6dc, 0xcedc, 0xcedc, 0xcedc, 0xcedc, 0xcedc, 0xcedc, 0xcedc, 0xcedc, 0xcedc, 0xcedc, 0xcedc, 0xcedc, 0xd6fc, 0xd6fc, 0xcedc, 0xcefc, 0xd6fc, 0xd6fc, 0xd6fc, 
    0xd6fc, 0xcefc, 0xcedc, 0xcedc, 0xcedc, 0xc6bc, 0xc6bc, 0xc6bc, 0xc6bc, 0xc6bc, 0xcedc, 0xcedc, 0xcedc, 0xcedc, 0xc6bc, 0xc6bc, 0xc6bc, 0xc6bc, 0xc6bc, 0xc6bc, 
    0xc6bc, 0xc6bc, 0xc6bc, 0xc6bc, 0xc6bc, 0xc6bc, 0xc6bc, 0xc6bc, 0xc6bc, 0xc6bc, 0xc6bc, 0xc6bc, 0xc69b, 0xcedc, 0xd6fc, 0xc6bb, 0xc6bb, 0xc6bc, 0xcedc, 0xc6bc, 
    0xbe7b, 0xbe7b, 0xcedc, 0xd6fc, 0xd6fc, 0xcedc, 0xc6bb, 0xcedc, 0xcedc, 0xc6bb, 0xbe9b, 0xc69b, 0xcedc, 0xcedc, 0xcedc, 0xcefc, 0xcedc, 0xc6dc, 0xcedc, 0xcedc, 
    0xcedc, 0xcedc, 0xcedc, 0xc6dc, 0xc6bb, 0xc6bb, 0xc6bb, 0xc6bc, 0xc6bc, 0xcedc, 0xbe9b, 0x5434, 0x1af0, 0x028f, 0x0aaf, 0x0ad0, 0x0ad0, 0x12f0, 0x2331, 0x2331, 
    0x12f0, 0x12f0, 0x0ad0, 0x12d0, 0x12d0, 0x12d0, 0x12f0, 0x0acf, 0x12d0, 0x12f0, 0x1af0, 0x2310, 0x2b31, 0x2331, 0x3371, 0x2b51, 0x1af0, 0x1ad0, 0x22f0, 0x2b93, 
    0x1b94, 0x1b73, 0x2373, 0x4bf3, 0x9557, 0xdefc, 0xbe5a, 0x5c54, 0x2b51, 0x2310, 0x0aaf, 0x0aaf, 0x2b31, 0x2b31, 0x12d0, 0x02af, 0x12f0, 0x2b50, 0x2b10, 0x2310, 
    0x0acf, 0x0ad0, 0x1af0, 0x1af0, 0x1af0, 0x1b10, 0x12f0, 0x0aaf, 0x028f, 0x0a8f, 0x2310, 0x4c15, 0x95b9, 0xd6fc, 0xdf1c, 0xdf1c, 0xdf1c, 0x6c73, 0x1aae, 0x1aae, 
    0x1aae, 0x22ae, 0x3310, 0x3b30, 0x3b30, 0x7cb5, 0xdf3c, 0xe73d, 0xdf3d, 0xe73d, 0xe73d, 0xe75d, 0xe75d, 0xe75d, 0xef7d, 0xe75d, 0xe73d, 0xe73d, 0xe75d, 0xef7e, 
    0xe77d, 0x8516, 0x3330, 0x43b2, 0x5c55, 0x8558, 0xb67c, 0xdf1d, 0x9577, 0x7cd5, 0x7474, 0x53b1, 0x2aae, 0x0a0c, 0x01eb, 0x01cb, 0x020b, 0x020c, 0x020c, 0x020c, 
    0x020c, 0x020c, 0x0a0c, 0x1a6d, 0x2aae, 0x1a6d, 0x1a4c, 0x124c, 0x124c, 0x1a6d, 0x124c, 0x122c, 0x122c, 0x01eb, 0x01cb, 0x01ca, 0x1a4d, 0x32ad, 0x32ad, 0x32ad, 
    0x224b, 0x226c, 0x1a4c, 0x09eb, 0x01ea, 0x1a4c, 0x2aad, 0x3aee, 0x1a6c, 0x020b, 0x020c, 0x020c, 0x01eb, 0x020b, 0x01eb, 0x020b, 0x020b, 0x020b, 0x0a0b, 0x01cb, 
    
    0x42ed, 0x4b0d, 0x3a8b, 0x4b0d, 0x9577, 0xbebc, 0xb67b, 0xa5f9, 0xc6dd, 0x84d5, 0x326b, 0x0988, 0x11c9, 0x326b, 0x532e, 0x63b0, 0x84f5, 0xb63a, 0xbe9c, 0x6c32, 
    0x2a6b, 0x222a, 0x222b, 0x42ac, 0x638e, 0x6baf, 0x8494, 0x84b4, 0x8cf5, 0x9516, 0x8cf5, 0x7c94, 0x5c13, 0x6c54, 0x7474, 0x84d5, 0x7495, 0xadf9, 0xc6bb, 0xcedc, 
    0x9dd9, 0x74d6, 0x6495, 0x5c75, 0x8d78, 0xae3a, 0xbe7b, 0xc6bc, 0xc6bc, 0xc6bc, 0xc6bc, 0xc6bc, 0xc6bc, 0xc6bc, 0xc6bb, 0xc6bb, 0xcebc, 0xcedc, 0xd6dc, 0xcedc, 
    0xcebc, 0xcebc, 0xcedc, 0xcedc, 0xcebb, 0xcedc, 0xcedc, 0xcebc, 0xc6bc, 0xc69b, 0xbe9b, 0xbe9b, 0xbe9c, 0xc6bc, 0xc6bc, 0xc6bc, 0xc6bc, 0xc6bc, 0xc6bc, 0xc6bc, 
    0xc6bc, 0xc6bc, 0xc6bc, 0xcedc, 0xc6bc, 0xc6bc, 0xc6bc, 0xc6dc, 0xc6dc, 0xcedc, 0xcedc, 0xcedc, 0xcedc, 0xcedc, 0xcedc, 0xcedc, 0xcefc, 0xcefc, 0xcedc, 0xcedc, 
    0xcefc, 0xcefc, 0xcedc, 0xcedc, 0xc6bc, 0xc6bc, 0xc6bc, 0xbebc, 0xbebc, 0xbebc, 0xc6bc, 0xc6bc, 0xc6bb, 0xc6bc, 0xc6bc, 0xc6bc, 0xc6bc, 0xc6bc, 0xc6bc, 0xc6bc, 
    0xc6bc, 0xc6bc, 0xc6dc, 0xc6dc, 0xc6bc, 0xc6dc, 0xc6dc, 0xc6dc, 0xc6bc, 0xc6bc, 0xc6bc, 0xc6bc, 0xcefc, 0xc6bc, 0x8579, 0x4455, 0x4c76, 0x6cf7, 0xa61a, 0x64f7, 
    0x3415, 0x4476, 0x7558, 0x7d58, 0x7558, 0xbe9b, 0xdf1c, 0xd6fc, 0xd6fc, 0xcedc, 0xc6bb, 0xc6bb, 0xcedc, 0xd6fc, 0xcefc, 0xcedc, 0xcedc, 0xd6fc, 0xcedc, 0xcefc, 
    0xcefc, 0xcedc, 0xd6fc, 0xd6fc, 0xcedc, 0xcefc, 0xd6fc, 0xd6fc, 0xd6fc, 0xcefc, 0x6495, 0x026e, 0x028f, 0x0acf, 0x0ad0, 0x0ad0, 0x0aaf, 0x0aaf, 0x2310, 0x2331, 
    0x12d0, 0x12f0, 0x12f0, 0x1af0, 0x0acf, 0x12f0, 0x1af0, 0x12f0, 0x0ad0, 0x12d0, 0x12d0, 0x1af0, 0x1b10, 0x2b31, 0x3351, 0x4392, 0x4bd3, 0x53f3, 0x5c13, 0x8517, 
    0x8599, 0x8d99, 0xae1a, 0xcedb, 0xe73c, 0xe73c, 0xbe5a, 0x3b92, 0x12cf, 0x12f0, 0x12ef, 0x2330, 0x3331, 0x12cf, 0x028f, 0x12f0, 0x2310, 0x2310, 0x2310, 0x12cf, 
    0x0aaf, 0x12f0, 0x1af0, 0x2310, 0x1af0, 0x12af, 0x2b51, 0x4c14, 0x3393, 0x3bb3, 0x5c97, 0x95da, 0xdf1d, 0xe75d, 0xe75d, 0xe77d, 0x8d56, 0x22ce, 0x128e, 0x128e, 
    0x128e, 0x22ae, 0x2b0f, 0x330f, 0x4bb2, 0xb63a, 0xe75d, 0xdf3d, 0xdf1c, 0xdf1c, 0xdf3c, 0xdf3c, 0xdf3c, 0xdf3d, 0xdf1d, 0xdf1c, 0xd6fc, 0xdf1c, 0xe73d, 0xdefc, 
    0xdefc, 0xc67b, 0x8537, 0x8558, 0x9dfb, 0xa5fa, 0x9d98, 0xadd8, 0xadd8, 0x6c53, 0x3b0f, 0x228d, 0x122c, 0x01eb, 0x01eb, 0x020b, 0x020c, 0x022c, 0x022c, 0x020b, 
    0x0a0b, 0x1a6d, 0x2aae, 0x3b0e, 0x3b2f, 0x2aae, 0x0a2c, 0x020b, 0x0a0c, 0x020b, 0x0a0b, 0x0a0b, 0x01eb, 0x01eb, 0x01cb, 0x122c, 0x1a4c, 0x224c, 0x224c, 0x120b, 
    0x09eb, 0x0a0b, 0x01eb, 0x01aa, 0x01ca, 0x0a0b, 0x1a4c, 0x120b, 0x01cb, 0x01eb, 0x0a0b, 0x01eb, 0x01eb, 0x01eb, 0x01eb, 0x01eb, 0x020b, 0x01eb, 0x01eb, 0x09eb, 
    
    0x532d, 0x2a2a, 0x0147, 0x11a9, 0x534e, 0x7c31, 0x63af, 0x534e, 0x9556, 0x5b8f, 0x3a6b, 0x326b, 0x11ca, 0x328c, 0x5b6f, 0x5b6f, 0x2a4b, 0x5bd0, 0x7431, 0x3aab, 
    0x326a, 0x3a8a, 0x2a4a, 0x42cc, 0x6bf0, 0x6bce, 0x63ae, 0x534d, 0x4b4e, 0x6c32, 0x8cf5, 0xa597, 0x8d16, 0x6c54, 0x9536, 0xc639, 0xb619, 0xb619, 0xbe39, 0xadd8, 
    0x84f6, 0x6c74, 0x5414, 0x2b72, 0x2b93, 0x3bb3, 0x5455, 0xb65b, 0xcefc, 0xc6bc, 0xc6bc, 0xc6bc, 0xc69b, 0xc6bb, 0xc6bb, 0xc6bb, 0xcebc, 0xcedc, 0xc6bb, 0xc6bb, 
    0xc69b, 0xc69b, 0xc69b, 0xc6bb, 0xc6bb, 0xc6bb, 0xc6bb, 0xc6bb, 0xc6bb, 0xc69b, 0xbe9b, 0xbe9b, 0xbe9c, 0xc69b, 0xc6bb, 0xc6bc, 0xc6bc, 0xc6bc, 0xc6bc, 0xc6bc, 
    0xc6bc, 0xc6bc, 0xcedc, 0xcedc, 0xcedc, 0xcedc, 0xcedc, 0xcedc, 0xcedc, 0xcefc, 0xd6fc, 0xd6fc, 0xd6fc, 0xd6fc, 0xcefc, 0xd6fc, 0xcefc, 0xcefc, 0xcefc, 0xd6fc, 
    0xcefc, 0xcedc, 0xcedc, 0xcedc, 0xc6dc, 0xc6bc, 0xc6bc, 0xc6bc, 0xcedc, 0xcedc, 0xc6bc, 0xc6bc, 0xc6dc, 0xcedc, 0xcedc, 0xcedc, 0xcedc, 0xcedc, 0xcedc, 0xcedc, 
    0xcedc, 0xc6dc, 0xc6dc, 0xcedc, 0xcefc, 0xd6fc, 0xd71d, 0xd6fc, 0xcefc, 0xd6fc, 0xd71c, 0xd71c, 0xb65b, 0x5cb7, 0x1bb4, 0x1394, 0x1394, 0x1bb5, 0x3415, 0x1394, 
    0x0374, 0x0374, 0x1394, 0x0b94, 0x0374, 0x4456, 0x6d17, 0x9df9, 0xbe9b, 0xbe9c, 0xcedc, 0xcedc, 0xbe9c, 0xa65b, 0x8dda, 0x6d39, 0x7579, 0x95fb, 0x8dda, 0x7d9a, 
    0x6d39, 0x5cf8, 0x8599, 0xae5b, 0xbe9c, 0xbe9b, 0x95fa, 0x8dda, 0xa65c, 0x7d58, 0x0acf, 0x0aaf, 0x0aaf, 0x028f, 0x028f, 0x0aaf, 0x12f0, 0x1b11, 0x43d3, 0x3392, 
    0x0aaf, 0x12d0, 0x3371, 0x2b51, 0x22f0, 0x1b10, 0x2331, 0x2351, 0x12f0, 0x12f0, 0x12d0, 0x1b10, 0x2b31, 0x3351, 0x3331, 0x74b5, 0xce9b, 0xdefc, 0xdf1c, 0xef7d, 
    0xf77e, 0xef7e, 0xef7d, 0xe75d, 0xdf1c, 0xd6db, 0x6cb5, 0x12cf, 0x1b10, 0x2310, 0x2310, 0x2b30, 0x1af0, 0x0aaf, 0x12cf, 0x22f0, 0x22ef, 0x22ef, 0x1aef, 0x12cf, 
    0x028f, 0x0aaf, 0x1af0, 0x2310, 0x1acf, 0x2b51, 0x7518, 0x95db, 0x859a, 0x8d9a, 0xa5fb, 0xdf3d, 0xef7e, 0xef7d, 0xdf1c, 0x8d55, 0x332f, 0x22ce, 0x1aae, 0x12ae, 
    0x1aae, 0x2aef, 0x2aef, 0x3b30, 0x9598, 0xe73d, 0xe75d, 0xe73d, 0xdf3d, 0xdf1c, 0xdf3c, 0xdf1c, 0xdf1c, 0xd6fc, 0xd6fc, 0xdf1c, 0xdf3d, 0xe73d, 0xdf3d, 0xd71c, 
    0xd6fc, 0xef7e, 0xf7bf, 0xdf3d, 0xc69b, 0x9536, 0x63f1, 0x5390, 0x7472, 0x3b0e, 0x1a4c, 0x0a0b, 0x124c, 0x0a2c, 0x020c, 0x0a2c, 0x0a2c, 0x022c, 0x020b, 0x020b, 
    0x020b, 0x3aee, 0x5bb1, 0x5bb0, 0x3b0e, 0x1a6d, 0x0a2c, 0x0a2c, 0x0a2c, 0x0a2c, 0x124c, 0x122c, 0x0a0b, 0x01eb, 0x4392, 0x6434, 0x226c, 0x226c, 0x120b, 0x01ca, 
    0x01eb, 0x01cb, 0x01ea, 0x01ca, 0x01ca, 0x01ea, 0x01eb, 0x01aa, 0x018a, 0x01ca, 0x01eb, 0x01eb, 0x01ca, 0x01eb, 0x01cb, 0x01ca, 0x01eb, 0x01eb, 0x01eb, 0x09eb, 
    
    0x8cd3, 0x63af, 0x326c, 0x11c9, 0x19e9, 0x532d, 0x3a69, 0x2a2a, 0x326a, 0x11c9, 0x3aab, 0x3aac, 0x220a, 0x2a4b, 0x532e, 0x63af, 0x3aac, 0x2209, 0x6bae, 0x42ab, 
    0x2a29, 0x21e8, 0x19e8, 0x21e9, 0x5b8e, 0x7c4f, 0x63ad, 0x638c, 0x42ca, 0x2a29, 0x532d, 0x9d15, 0xb5f8, 0x8d16, 0x8cf5, 0x9d56, 0xbe39, 0xce9a, 0xce7a, 0xadd8, 
    0x9d77, 0x9556, 0x8d36, 0x74b6, 0x4c14, 0x3393, 0x3372, 0x8557, 0xd6fc, 0xcefc, 0xcedc, 0xcedc, 0xbe9b, 0xbe9b, 0xbe9b, 0xbe9b, 0xbe9b, 0xc69b, 0xbe9b, 0xbe9b, 
    0xc69b, 0xc6bb, 0xc6bb, 0xc6bb, 0xc6bb, 0xc6bb, 0xcebb, 0xcebb, 0xcedc, 0xcedc, 0xcebb, 0xcebc, 0xcedc, 0xcedc, 0xc6bb, 0xc6bc, 0xcedc, 0xcedc, 0xcedc, 0xcedc, 
    0xcedc, 0xcedc, 0xcedc, 0xcedc, 0xcedc, 0xcedc, 0xcedc, 0xcedc, 0xcefc, 0xcedc, 0xcedc, 0xcedc, 0xcefc, 0xcefc, 0xcedc, 0xcedc, 0xcedc, 0xcedc, 0xcedc, 0xcedc, 
    0xcedc, 0xcedc, 0xcedc, 0xcedc, 0xcedc, 0xcedc, 0xcedc, 0xcedc, 0xcedc, 0xd6fc, 0xcedc, 0xcedc, 0xcedc, 0xcedc, 0xcedc, 0xcedc, 0xcedc, 0xcedc, 0xcedc, 0xcedc, 
    0xcedc, 0xcedc, 0xd6fc, 0xcefc, 0xbe9b, 0x9df9, 0x7d58, 0xa61a, 0xcedc, 0xae5a, 0xa61a, 0x9dfa, 0x3c15, 0x0b74, 0x13b4, 0x23d5, 0x23f6, 0x1bd5, 0x0b94, 0x0bb4, 
    0x0bb4, 0x0bb5, 0x1394, 0x0b94, 0x0394, 0x0374, 0x0b74, 0x23b4, 0x2bf5, 0x54d7, 0x961b, 0x9e1b, 0x7d9a, 0x8579, 0x7539, 0x4cb8, 0x4498, 0x54d9, 0x5cf9, 0x4cb8, 
    0x4498, 0x3c78, 0x3c77, 0x44b8, 0x5cf8, 0x5d18, 0x5cf8, 0x653a, 0x5cd8, 0x1b31, 0x028e, 0x02af, 0x0aaf, 0x12f0, 0x3393, 0x7517, 0xa61a, 0x74d7, 0x6cb6, 0x3371, 
    0x0aaf, 0x12cf, 0x2310, 0x1acf, 0x1af0, 0x2b31, 0x2310, 0x3351, 0x2331, 0x12d0, 0x12cf, 0x2330, 0x2b30, 0x3351, 0x3331, 0x84f6, 0xef5d, 0xef9d, 0xef7d, 0xe75d, 
    0xe75d, 0xdf3d, 0xdf1c, 0xdf1c, 0xd6fc, 0xb639, 0x3b92, 0x1af0, 0x2310, 0x1af0, 0x1af0, 0x1af0, 0x12af, 0x1af0, 0x1af0, 0x12ae, 0x230f, 0x2b30, 0x1acf, 0x12cf, 
    0x0aaf, 0x028e, 0x1af0, 0x2b10, 0x22f0, 0x6cd7, 0x7d59, 0x6cd7, 0x7d58, 0xd71d, 0xe73d, 0xb619, 0x9557, 0x9576, 0x5411, 0x22ce, 0x1a8e, 0x1aae, 0x12ae, 0x128e, 
    0x22cf, 0x2b10, 0x2aef, 0x3b50, 0xadf9, 0xe75d, 0xce9b, 0xbe59, 0xd6fc, 0xe75d, 0xe75d, 0xe73d, 0xe73d, 0xe73d, 0xe75d, 0xe75d, 0xe77e, 0xef7e, 0xef7e, 0xef7e, 
    0xf7be, 0xef9e, 0xceba, 0xadb7, 0x7c73, 0x432e, 0x2a8d, 0x1a4b, 0x2a8c, 0x2aac, 0x1a6c, 0x0a0b, 0x022c, 0x0a2c, 0x124c, 0x0a4c, 0x020b, 0x020c, 0x0a2c, 0x0a0c, 
    0x124c, 0x4b2f, 0x3aee, 0x226d, 0x1a4c, 0x0a2c, 0x0a0c, 0x0a2c, 0x122c, 0x228d, 0x2aae, 0x228d, 0x0a0b, 0x1a6d, 0x7cf7, 0x5bd2, 0x3aee, 0x32ce, 0x0a0b, 0x01eb, 
    0x01eb, 0x01eb, 0x01eb, 0x01eb, 0x0a0b, 0x120b, 0x01eb, 0x01ca, 0x01aa, 0x09eb, 0x01ca, 0x01eb, 0x01ca, 0x01aa, 0x01ca, 0x01eb, 0x01eb, 0x01eb, 0x01eb, 0x0a0b, 
    
    0x9d55, 0x94f3, 0x8cb3, 0x63d0, 0x532e, 0x6bcf, 0x5b4d, 0x3a8b, 0x42ab, 0x0967, 0x19c9, 0x42cc, 0x19ea, 0x19c9, 0x326b, 0x6bd0, 0x740f, 0x5b4d, 0x8451, 0x638e, 
    0x42ab, 0x19e9, 0x19e9, 0x2a4a, 0x328b, 0x4aed, 0x42cb, 0x6bef, 0x7c50, 0x3aab, 0x2209, 0x5b8f, 0x8cd3, 0xadb7, 0x7cb4, 0x6432, 0x7473, 0x8cf5, 0xadb7, 0xa5b7, 
    0x84f5, 0x84d5, 0x9515, 0x8d15, 0x74b4, 0x6c95, 0x6475, 0x6475, 0x9598, 0xc69b, 0xcedc, 0xcefc, 0xcedc, 0xc6bc, 0xc6bc, 0xc6bc, 0xbe9b, 0xbe9b, 0xc69b, 0xc69b, 
    0xbe9b, 0xc69b, 0xc69b, 0xc69b, 0xc6bb, 0xc6bb, 0xcedc, 0xc6bb, 0xc6bb, 0xcedc, 0xc6bb, 0xc6bb, 0xc6bb, 0xc6bc, 0xc6bb, 0xc6bc, 0xc6bc, 0xc6bc, 0xc6bb, 0xc6bc, 
    0xcedc, 0xc6dc, 0xc6dc, 0xcedc, 0xcedc, 0xcedc, 0xcedc, 0xd6fc, 0xd6fc, 0xcedc, 0xc6dc, 0xc6dc, 0xc6dc, 0xcedc, 0xc6dc, 0xcedc, 0xcedc, 0xcedc, 0xcedc, 0xcedc, 
    0xc6dc, 0xc6bc, 0xcedc, 0xcedc, 0xcedc, 0xcedc, 0xcedc, 0xcedc, 0xcedc, 0xcedc, 0xcedc, 0xcedc, 0xcedc, 0xcedc, 0xcedc, 0xcedc, 0xcedc, 0xcedc, 0xcedc, 0xcedc, 
    0xd6fc, 0xcefc, 0xb67b, 0x6d38, 0x2c15, 0x1bb4, 0x3bf5, 0x5c96, 0x5cb6, 0x33f5, 0x33f5, 0x3c15, 0x1bb4, 0x1394, 0x1bb5, 0x1bd5, 0x2bf5, 0x1bd5, 0x0394, 0x13b5, 
    0x13b4, 0x0b94, 0x13b4, 0x13b4, 0x13b4, 0x13b4, 0x1394, 0x0b94, 0x0b74, 0x0b94, 0x3416, 0x3436, 0x3c56, 0x6d18, 0x64f8, 0x3c36, 0x1b94, 0x3c36, 0x5cf8, 0x6d39, 
    0x6d3a, 0x5d19, 0x6d5a, 0x6539, 0x54d9, 0x5d19, 0x6d7a, 0x64d7, 0x2331, 0x028e, 0x0aaf, 0x2b51, 0x5455, 0x95ba, 0xc69c, 0xc69b, 0x9577, 0x53d2, 0x2b10, 0x0aaf, 
    0x12af, 0x0aaf, 0x0acf, 0x02af, 0x0aaf, 0x1aef, 0x1acf, 0x22f0, 0x22f0, 0x2310, 0x12cf, 0x12cf, 0x12cf, 0x1af0, 0x2b31, 0x43b2, 0xa597, 0xdf1c, 0xdf1c, 0xd6fc, 
    0xd6fc, 0xd6fc, 0xdf1d, 0xd6fc, 0xd6db, 0xc69b, 0x9598, 0x74f7, 0x43b2, 0x2b51, 0x2310, 0x2310, 0x3351, 0x3330, 0x12af, 0x12af, 0x230f, 0x1aef, 0x12cf, 0x12cf, 
    0x0aaf, 0x0aaf, 0x2310, 0x22f0, 0x3351, 0x7518, 0x43f4, 0x5455, 0xbe9c, 0xf7be, 0xadd8, 0x6433, 0x6433, 0x332e, 0x1aad, 0x0a8e, 0x128e, 0x12ae, 0x128e, 0x126e, 
    0x1aaf, 0x22cf, 0x1a8e, 0x22cf, 0x5bf2, 0xbe39, 0xc69a, 0xbe59, 0xd6fc, 0xe77d, 0xef7e, 0xef7e, 0xef9e, 0xf7bf, 0xf7be, 0xef9e, 0xef7d, 0xe75d, 0xd6fb, 0xe75d, 
    0xcebb, 0x9d76, 0x7473, 0x63f1, 0x32ac, 0x32cd, 0x226c, 0x122b, 0x122b, 0x0a2c, 0x0a2c, 0x0a2c, 0x0a2c, 0x0a2c, 0x0a2c, 0x0a0c, 0x0a0b, 0x0a0b, 0x0a0c, 0x124c, 
    0x432f, 0x3b0e, 0x122c, 0x020b, 0x0a2c, 0x1a6d, 0x124c, 0x1a6d, 0x1a6d, 0x228d, 0x228d, 0x228d, 0x226d, 0x53d1, 0x7453, 0x430e, 0x2a8d, 0x0a0b, 0x01ea, 0x01eb, 
    0x0a0b, 0x2aad, 0x226c, 0x120b, 0x120b, 0x1a4b, 0x01ca, 0x01aa, 0x01aa, 0x01eb, 0x01aa, 0x01ca, 0x01ca, 0x018a, 0x01cb, 0x01eb, 0x01eb, 0x01eb, 0x01ca, 0x01ca, 
    
    0xbe18, 0xadb6, 0xad96, 0xadb6, 0x9d34, 0x8c92, 0x8471, 0x8451, 0x8cb1, 0x5b6e, 0x19c9, 0x3a8b, 0x2a2a, 0x0968, 0x19c9, 0x638e, 0x8470, 0x8cb2, 0x94f3, 0x9cf3, 
    0x73f0, 0x3aac, 0x2a4a, 0x4b0d, 0x42cd, 0x42ed, 0x4b0d, 0x5b8f, 0x63af, 0x63ae, 0x4b2c, 0x42cc, 0x7430, 0x8cd1, 0x9d35, 0x9535, 0x9556, 0x8d16, 0x9d77, 0x84f6, 
    0x6c53, 0x53d2, 0x5bf2, 0x6432, 0x6c52, 0x7493, 0x8d15, 0x8d16, 0x84d5, 0x8cf5, 0xadd8, 0xc69a, 0xcebb, 0xc6bc, 0xc6bb, 0xc69b, 0xc6bc, 0xc6dc, 0xcedc, 0xcedc, 
    0xcedc, 0xc6bb, 0xbe9b, 0xc69b, 0xc69b, 0xbe9b, 0xbe9b, 0xc69b, 0xc69b, 0xc6bb, 0xc6bb, 0xc6bb, 0xc6bb, 0xc6bb, 0xc6bb, 0xcedc, 0xc6bc, 0xc6bb, 0xc6bc, 0xcedc, 
    0xcefc, 0xcefc, 0xcefc, 0xcedc, 0xbe9b, 0x95da, 0x95da, 0xb67b, 0xcedc, 0xd6fc, 0xcefc, 0xcefc, 0xcedc, 0xcedc, 0xcedc, 0xcedc, 0xcedc, 0xcefc, 0xcefc, 0xcefc, 
    0xcedc, 0xcedc, 0xcedc, 0xcedc, 0xcedc, 0xcedc, 0xcedc, 0xcedc, 0xcedc, 0xcedc, 0xcedc, 0xcedc, 0xcedc, 0xcedc, 0xc6dc, 0xc6dc, 0xcedc, 0xc6dc, 0xcefc, 0xcefc, 
    0xbe9b, 0x6d38, 0x23f5, 0x0b94, 0x0b94, 0x1bb4, 0x3c35, 0x8558, 0x8558, 0x7d38, 0x9dfa, 0x857a, 0x4457, 0x33f6, 0x3c36, 0x2bf6, 0x1bb5, 0x1394, 0x0b94, 0x13b5, 
    0x1bb5, 0x13b4, 0x13b5, 0x13b4, 0x1bb5, 0x13b4, 0x13b4, 0x13b4, 0x13b4, 0x1bb4, 0x1394, 0x0b74, 0x1394, 0x1394, 0x1b94, 0x1373, 0x1373, 0x1373, 0x1b93, 0x23d5, 
    0x2c15, 0x3c57, 0x6539, 0x6d5a, 0x655a, 0x6d7a, 0x4c97, 0x1aef, 0x12ae, 0x0aae, 0x2b30, 0x7cd6, 0x8516, 0x7cd5, 0x6454, 0x3350, 0x12af, 0x2310, 0x1acf, 0x0aaf, 
    0x0aaf, 0x0aaf, 0x12cf, 0x12cf, 0x22f0, 0x2310, 0x1acf, 0x1acf, 0x1acf, 0x2310, 0x1aef, 0x0aaf, 0x12cf, 0x12cf, 0x1af0, 0x3351, 0x53d2, 0x9d56, 0xcebb, 0xcedb, 
    0xd6fc, 0xdf1c, 0xd6fc, 0xc67a, 0xcebb, 0xd6fc, 0xdf1c, 0xcedb, 0xbe5a, 0xb619, 0x53f3, 0x4bb2, 0x53d2, 0x4391, 0x3350, 0x1aef, 0x0aae, 0x12af, 0x1aef, 0x12cf, 
    0x0aaf, 0x12cf, 0x2b30, 0x22f0, 0x43d3, 0x7d39, 0x7518, 0xcedd, 0xe77e, 0x9577, 0x84d5, 0x8d36, 0x332f, 0x128c, 0x0a8d, 0x0a8e, 0x128e, 0x128e, 0x128e, 0x128e, 
    0x128e, 0x1aae, 0x2b10, 0x4bb2, 0x6433, 0x7473, 0xb639, 0xce9b, 0xc69b, 0xd6fc, 0xdf3c, 0xef9e, 0xf7bf, 0xe73d, 0xdf1c, 0xe73d, 0xd6fb, 0xbe18, 0xbe19, 0xc67a, 
    0x7452, 0x4b4f, 0x430e, 0x32ac, 0x3acc, 0x3acd, 0x2a8c, 0x122b, 0x124c, 0x0a2c, 0x0a2c, 0x124c, 0x122c, 0x01eb, 0x01cb, 0x09eb, 0x1a6d, 0x2aef, 0x22ae, 0x3b0f, 
    0x32ee, 0x0a2c, 0x0a2c, 0x1a8d, 0x1a6d, 0x124c, 0x2aad, 0x2a8d, 0x32ce, 0x3b0f, 0x4b70, 0x7494, 0xa5b8, 0xb5f9, 0x5bd1, 0x2a8d, 0x1a4c, 0x01ca, 0x01aa, 0x122b, 
    0x4b4f, 0x6bd0, 0x5b8f, 0x532e, 0x3acc, 0x224b, 0x01ca, 0x01aa, 0x01aa, 0x01aa, 0x01aa, 0x01aa, 0x01aa, 0x01ca, 0x01cb, 0x01eb, 0x01ca, 0x01eb, 0x09ea, 0x11c8, 
    
    0xc658, 0xc658, 0xc679, 0xb5f7, 0xa555, 0x9d14, 0x94f3, 0x73cf, 0x73ef, 0x844f, 0x3a6a, 0x21c9, 0x3a8b, 0x19c9, 0x42ab, 0x7c30, 0x8cb2, 0x8cd3, 0x8cb2, 0x9d13, 
    0x9d14, 0x7431, 0x328b, 0x3aac, 0x4aed, 0x42cc, 0x7410, 0x7410, 0x42cc, 0x4aed, 0x6bcf, 0x42cc, 0x532e, 0x6bcf, 0x7c50, 0x8492, 0x94f4, 0x9d35, 0xb618, 0xadd8, 
    0x8d16, 0x6433, 0x4bb1, 0x332f, 0x3b50, 0x4bb1, 0x5c12, 0x6c52, 0x7473, 0x7c93, 0x84b4, 0x84f5, 0x84f5, 0x8516, 0x84f5, 0x7cd5, 0x74d6, 0x8537, 0xa5d9, 0xae19, 
    0xae19, 0xbe9b, 0xcedc, 0xc6bb, 0xbe9b, 0xc69b, 0xc69b, 0xc69b, 0xc6bb, 0xc6bc, 0xcedc, 0xcedc, 0xcedc, 0xcedc, 0xcedc, 0xc6bc, 0xcefc, 0xd6fc, 0xcefc, 0xbe9b, 
    0xbe9b, 0xc6bb, 0xbe9b, 0x9dfa, 0x7d79, 0x6d39, 0x7d79, 0x7d59, 0x8d9a, 0xae5b, 0xc6bc, 0xc6bc, 0xc6bc, 0xc6bc, 0xc6dc, 0xcedc, 0xc6dc, 0xc6bc, 0xbebc, 0xbe9c, 
    0xbe9c, 0xbe9c, 0xb67b, 0xae7b, 0xb67b, 0xb67b, 0xb67b, 0xae5b, 0xae5b, 0xae5b, 0xae5b, 0xae5b, 0xa65b, 0xae5b, 0xae5b, 0xae7c, 0x9e1b, 0x85ba, 0x85ba, 0x6538, 
    0x4c96, 0x23d5, 0x0b94, 0x13b5, 0x1bb5, 0x1bb4, 0x23b4, 0x64b6, 0xa5d9, 0xa5d9, 0xc69b, 0xae1a, 0x8dba, 0xae5b, 0xb67c, 0x9dfa, 0x6d18, 0x1bb4, 0x0b94, 0x1394, 
    0x1bb5, 0x1394, 0x1394, 0x1394, 0x1394, 0x0b94, 0x13b4, 0x13b4, 0x13b4, 0x1bb5, 0x1bb4, 0x13b4, 0x1394, 0x1394, 0x1394, 0x1374, 0x1394, 0x1394, 0x0b74, 0x0b73, 
    0x0b73, 0x1394, 0x1b73, 0x23b3, 0x3c56, 0x3c15, 0x2330, 0x12ae, 0x12cf, 0x12ae, 0x2b30, 0x4bd2, 0x3330, 0x0a8e, 0x024e, 0x026e, 0x0a8f, 0x12cf, 0x0aaf, 0x0aaf, 
    0x0aaf, 0x0aaf, 0x12cf, 0x2b2f, 0x2b30, 0x1acf, 0x12af, 0x12af, 0x12af, 0x12cf, 0x12cf, 0x0aaf, 0x12cf, 0x1acf, 0x22f0, 0x4392, 0x53f3, 0x5bf2, 0xadf8, 0xcedc, 
    0xc6bb, 0xc6bb, 0xb639, 0xadf8, 0xc69a, 0xd6fc, 0xd6fc, 0xdf3c, 0xef7d, 0xadd8, 0x53f2, 0x5c13, 0x3b30, 0x3330, 0x2b10, 0x1aef, 0x12af, 0x1aef, 0x2310, 0x1acf, 
    0x0a8e, 0x0a8e, 0x1aaf, 0x1ad0, 0x5435, 0x95db, 0xe77e, 0xcedb, 0x7494, 0x2b10, 0x53f2, 0x3350, 0x0a6d, 0x024c, 0x026d, 0x128e, 0x12ae, 0x128e, 0x128e, 0x0a4d, 
    0x128e, 0x1aae, 0x3b92, 0x6c75, 0x7cd5, 0x6412, 0xadd8, 0xbe5a, 0xbe5a, 0xc69a, 0xce9a, 0xbe59, 0x9d97, 0x7cb3, 0xadd7, 0xef9e, 0xd6db, 0xc67a, 0xce9a, 0x7cb3, 
    0x4b4f, 0x3aed, 0x4b4e, 0x534f, 0x42ed, 0x536f, 0x2a8d, 0x01ea, 0x0a0b, 0x122c, 0x122c, 0x122c, 0x2acf, 0x3331, 0x3b30, 0x5bf2, 0x7494, 0xa61a, 0x7495, 0x32ee, 
    0x0a0b, 0x124c, 0x22ad, 0x22ad, 0x1a6d, 0x330e, 0x5bd1, 0x7c94, 0x9d77, 0xb619, 0xd6dc, 0xef9e, 0xf7df, 0xd6dc, 0x63d1, 0x3aee, 0x122b, 0x018a, 0x2a8c, 0x6bf0, 
    0x6bd0, 0x532e, 0x5b6f, 0x6baf, 0x5b6e, 0x224b, 0x01ca, 0x01ca, 0x01aa, 0x018a, 0x01aa, 0x01aa, 0x01aa, 0x01eb, 0x124c, 0x124c, 0x01eb, 0x09eb, 0x2209, 0x2983, 
    
    0xa554, 0x94b1, 0xa533, 0xbe17, 0xb5d6, 0x9d34, 0x94d2, 0x8491, 0x8471, 0x73ee, 0x5b2b, 0x3a6a, 0x4aed, 0x5b6e, 0x73ef, 0x8cb1, 0x8cd2, 0x8cd3, 0x8492, 0x8cd3, 
    0x9d34, 0x73f0, 0x324a, 0x324a, 0x326a, 0x3aac, 0x638f, 0x7410, 0x638e, 0x6bcf, 0x8492, 0x7c51, 0x6bcf, 0x7430, 0x63ac, 0x638d, 0x7451, 0x7431, 0x63cf, 0x8cb3, 
    0xa576, 0x9556, 0x9536, 0x7494, 0x53f2, 0x4bb1, 0x3b70, 0x4bb1, 0x4bb1, 0x5c12, 0x6c52, 0x6c73, 0x6c73, 0x6c53, 0x53f2, 0x4bd2, 0x3372, 0x3392, 0x43d3, 0x5413, 
    0x5c33, 0x74d5, 0xa5d9, 0xc6bc, 0xcefc, 0xcedc, 0xcedc, 0xcedc, 0xcedc, 0xcedc, 0xc6bc, 0xc6bc, 0xc69b, 0xc6bc, 0xa63b, 0x8dba, 0xa63b, 0xae5b, 0x8dda, 0x6518, 
    0x6518, 0x7539, 0x7559, 0x6518, 0x6d18, 0x8599, 0x9dda, 0x8579, 0x5cd8, 0x6518, 0x7d79, 0x7d79, 0x859a, 0x961b, 0xa65b, 0xa65b, 0x9e3b, 0x9e1b, 0x961b, 0x95fb, 
    0x95fb, 0x95fb, 0x95fb, 0x95fb, 0x95fb, 0x95fb, 0x95fb, 0x95fb, 0x95fb, 0x95fb, 0x95fb, 0x961b, 0x961b, 0x9e3b, 0x9e3b, 0x7559, 0x64f8, 0x54d8, 0x4477, 0x4436, 
    0x4456, 0x2c15, 0x23f5, 0x1bd5, 0x1bb5, 0x23d5, 0x4c56, 0x64b7, 0x6cb7, 0x6496, 0x6496, 0x74f7, 0x8538, 0xae3a, 0xef7e, 0xef5d, 0x7d58, 0x23d5, 0x23b5, 0x1394, 
    0x1394, 0x3c56, 0x4c97, 0x3436, 0x23d5, 0x23f5, 0x13b4, 0x1394, 0x13b4, 0x1bb4, 0x1bb4, 0x0b74, 0x1bb4, 0x1bb4, 0x1b94, 0x1394, 0x1394, 0x1394, 0x1394, 0x0b94, 
    0x0bb4, 0x1373, 0x02af, 0x028e, 0x1b30, 0x2b30, 0x12ae, 0x028d, 0x028e, 0x028e, 0x028d, 0x026d, 0x028e, 0x0a8e, 0x028e, 0x028f, 0x0a8f, 0x028e, 0x028e, 0x0aaf, 
    0x0aaf, 0x12cf, 0x22ef, 0x22ef, 0x22ef, 0x0a8e, 0x0a8e, 0x2310, 0x1aef, 0x0aae, 0x1af0, 0x1aef, 0x0aaf, 0x12cf, 0x3351, 0x4bd2, 0x4bd2, 0x4b91, 0xa5b8, 0xcebb, 
    0xbe7a, 0x9577, 0x84f5, 0xc67a, 0xe75d, 0xe77d, 0xe77d, 0xe75d, 0x9db7, 0x3330, 0x1acf, 0x2b10, 0x1acf, 0x12af, 0x12af, 0x12cf, 0x1acf, 0x22f0, 0x2310, 0x1acf, 
    0x12af, 0x1acf, 0x22f0, 0x4c14, 0x9e1b, 0xcedc, 0x9557, 0x4371, 0x22af, 0x53d2, 0x5c12, 0x1aad, 0x0a6c, 0x024d, 0x0a6d, 0x128e, 0x128e, 0x22cf, 0x3351, 0x43b3, 
    0x22f0, 0x128e, 0x1acf, 0x2aef, 0x3b0f, 0x84d5, 0xd6fc, 0xcedb, 0xc69a, 0xce9b, 0xadd8, 0x7453, 0x4b70, 0x434f, 0x63f1, 0xbe39, 0x9d56, 0x63f1, 0x536e, 0x2aac, 
    0x2a8c, 0x42ed, 0x5b90, 0x6c11, 0x5bb0, 0x63f1, 0x32cd, 0x122c, 0x124c, 0x1a4c, 0x226d, 0x4350, 0x8537, 0xbe9c, 0xc69c, 0x9d57, 0xc67a, 0xb619, 0x4b70, 0x122c, 
    0x228d, 0x2aae, 0x1a4c, 0x228d, 0x6432, 0xb639, 0xd6fc, 0xe75d, 0xef9e, 0xf7bf, 0xefbe, 0xe75d, 0xdf3d, 0xdf3d, 0x9d56, 0x430e, 0x224b, 0x42ed, 0x8451, 0x73f0, 
    0x326b, 0x3a8c, 0x636f, 0x638f, 0x5b4e, 0x2a4c, 0x09ea, 0x01ca, 0x01ca, 0x01ca, 0x01ca, 0x01ca, 0x01ca, 0x01eb, 0x3330, 0x2af0, 0x01eb, 0x09ea, 0x3acc, 0x31e5, 
    
    0x94d2, 0x7c0e, 0x73ed, 0x8c90, 0xb5d6, 0xbe17, 0xad74, 0x9d34, 0x9d54, 0x94d2, 0x7c4f, 0x530b, 0x530c, 0x7c51, 0x94d2, 0x8cd2, 0x8cb2, 0x8cd3, 0x8cd3, 0x8cd3, 
    0x94f4, 0x5b4d, 0x21c7, 0x3249, 0x2a29, 0x326a, 0x4aec, 0x6bef, 0x6baf, 0x5b6e, 0x7410, 0x7410, 0x6bcf, 0x63ac, 0x536a, 0x4b0a, 0x534d, 0x6c0f, 0x6bee, 0x7c50, 
    0x63ad, 0x536d, 0x8cd4, 0xb619, 0xa5b7, 0x8d16, 0x5bf2, 0x43b1, 0x6453, 0x6432, 0x53d0, 0x3b6f, 0x2b2f, 0x3b70, 0x53f1, 0x6432, 0x4bd2, 0x3b91, 0x3b91, 0x3392, 
    0x3bb2, 0x4bf3, 0x53f3, 0x74b5, 0x9dd9, 0xae5b, 0x9e1b, 0xa63b, 0xae3b, 0x95da, 0x7d7a, 0x8599, 0x8dba, 0x8dba, 0x6d19, 0x5cf8, 0x54d8, 0x54d8, 0x4cb8, 0x44b8, 
    0x4cb8, 0x4cb8, 0x4cb8, 0x54d8, 0x6519, 0x7559, 0x7559, 0x7d59, 0x7d59, 0x64f9, 0x5cf8, 0x6519, 0x6519, 0x6519, 0x7579, 0x8dda, 0x95fb, 0x95fb, 0x95fb, 0x8dfb, 
    0x8dfb, 0x95fb, 0x95fb, 0x95fb, 0x95fb, 0x8dfb, 0x8dfb, 0x95fb, 0x95fb, 0x95fb, 0x961b, 0x9e3b, 0xa65c, 0x961b, 0x6539, 0x4cb8, 0x4497, 0x4456, 0x5476, 0x4c96, 
    0x3c36, 0x4476, 0x3c36, 0x23d5, 0x23d4, 0x23b4, 0x3c14, 0x4435, 0x4415, 0x4415, 0x4415, 0x4435, 0x6496, 0x7cf7, 0x8d78, 0x64b6, 0x33d4, 0x3c15, 0x64d7, 0x5cb7, 
    0x64d7, 0x8d79, 0x7d38, 0x5476, 0x5497, 0x4c76, 0x1bb4, 0x1394, 0x1394, 0x1bb4, 0x1bb4, 0x3c36, 0x4c76, 0x1b94, 0x1b94, 0x1b94, 0x1394, 0x0b94, 0x1394, 0x0b94, 
    0x0b52, 0x02af, 0x024d, 0x1aef, 0x6c94, 0x43b1, 0x026d, 0x024d, 0x026d, 0x026e, 0x026d, 0x026d, 0x026e, 0x0aaf, 0x0a8e, 0x028e, 0x028e, 0x028e, 0x028e, 0x028e, 
    0x0a8e, 0x1acf, 0x1acf, 0x12ae, 0x1acf, 0x0a8e, 0x12ae, 0x2b10, 0x230f, 0x12af, 0x2310, 0x1acf, 0x0aae, 0x12af, 0x3351, 0x4bd2, 0x4391, 0x6c74, 0xc67a, 0xc69b, 
    0x9557, 0x6c53, 0x9d77, 0xcebb, 0x9d77, 0x9d77, 0xbe59, 0x74d5, 0x22ef, 0x1aaf, 0x0a8e, 0x0a8e, 0x12af, 0x22ef, 0x12cf, 0x0aaf, 0x1acf, 0x1aef, 0x1acf, 0x12af, 
    0x2b31, 0x6cd7, 0x7539, 0x95ba, 0xc6bb, 0x7cd5, 0x22af, 0x53f3, 0x9d98, 0x8d36, 0x3b4f, 0x128d, 0x022c, 0x024d, 0x0a6e, 0x0a6e, 0x0a6e, 0x22f0, 0x5c55, 0x6cd7, 
    0x2310, 0x0a6d, 0x1aae, 0x3b30, 0x7494, 0xc6bb, 0xd6fc, 0xcebb, 0xbe5a, 0x9556, 0x5bf1, 0x432f, 0x3b2f, 0x32ee, 0x5390, 0x7c72, 0x432e, 0x120a, 0x122a, 0x1a2a, 
    0x2a8c, 0x7452, 0x9d56, 0x7432, 0x6c11, 0x63d1, 0x432f, 0x2a8d, 0x226d, 0x4371, 0x9578, 0xcedc, 0xef9f, 0xe73d, 0x94f5, 0x7432, 0x84d4, 0x3b0e, 0x3aee, 0x5390, 
    0x4b50, 0x3b0f, 0x53b1, 0x9db8, 0xe73d, 0xef9e, 0xef9e, 0xef9e, 0xe77e, 0xe75d, 0xe75d, 0xdf3d, 0xe73d, 0xef7e, 0x9d56, 0x3aad, 0x5b8f, 0x94d3, 0x73ef, 0x2a49, 
    0x1a09, 0x328b, 0x5b4e, 0x638f, 0x532d, 0x326c, 0x1a0b, 0x09ca, 0x09eb, 0x01ca, 0x01ca, 0x01ca, 0x01ca, 0x01ca, 0x124d, 0x3b51, 0x0a0b, 0x09a9, 0x328c, 0x4268, 
    
    0x7c2f, 0x5b0a, 0x634b, 0x6b8c, 0x73ed, 0xad95, 0xbe17, 0xb5b6, 0xad75, 0x9d34, 0x9d13, 0x94d2, 0x94d3, 0xad96, 0xbdf7, 0x9d14, 0x8cb2, 0x94f3, 0x94f3, 0x94f3, 
    0x94f4, 0x63af, 0x2a29, 0x3a8a, 0x2208, 0x2a29, 0x2a29, 0x5b8e, 0x7410, 0x3a6a, 0x530d, 0x532d, 0x4b0d, 0x4b4a, 0x4b69, 0x42c9, 0x3269, 0x5b6d, 0x6c0d, 0x536c, 
    0x5b8d, 0x6bee, 0x6bee, 0x63cf, 0x6411, 0x7cd4, 0x7cd4, 0x5c12, 0x4391, 0x4390, 0x4bb0, 0x4bd0, 0x3b70, 0x230f, 0x4390, 0x6432, 0x53f1, 0x3b6f, 0x43b0, 0x4bd1, 
    0x4bd2, 0x5413, 0x43d2, 0x3b92, 0x3392, 0x64d8, 0x6d5a, 0x6539, 0x5cf8, 0x54d8, 0x54b8, 0x5cd8, 0x5cf8, 0x54d8, 0x5cd8, 0x54d8, 0x54d8, 0x4cd8, 0x4cd8, 0x4cd8, 
    0x4cd8, 0x4cd8, 0x4cd8, 0x4cb8, 0x4cd8, 0x5cf8, 0x5d19, 0x6519, 0x7559, 0x6d39, 0x5cf9, 0x5cf9, 0x6519, 0x6519, 0x5d19, 0x6519, 0x7d7a, 0x8dfb, 0x95fb, 0x95fb, 
    0x95fb, 0x95fb, 0x95fb, 0x95fb, 0x95fb, 0x95fb, 0x95fb, 0x961b, 0x961b, 0x9e3b, 0x9e3b, 0x961b, 0x7dbb, 0x54f9, 0x3c77, 0x2c36, 0x13d5, 0x13b4, 0x23f5, 0x3416, 
    0x4456, 0x2bd4, 0x23b4, 0x2bd5, 0x3c15, 0x4c55, 0x3c14, 0x4435, 0x3c15, 0x33d4, 0x4435, 0x64b6, 0x6cd7, 0x5c96, 0x2bb4, 0x1b73, 0x23b4, 0x2bd4, 0x4c76, 0x5cb6, 
    0x64d7, 0x6496, 0x4435, 0x3c15, 0x33b3, 0x1b31, 0x1b11, 0x1b94, 0x3416, 0x3c36, 0x3415, 0x9e1b, 0x4c96, 0x0b73, 0x0b74, 0x1394, 0x0b74, 0x0b94, 0x0b94, 0x0b32, 
    0x028f, 0x026e, 0x2310, 0x8d36, 0x9597, 0x128e, 0x024d, 0x026d, 0x028e, 0x028e, 0x026d, 0x026d, 0x026e, 0x0a8e, 0x026e, 0x026e, 0x028e, 0x028e, 0x028e, 0x028e, 
    0x0a8e, 0x0a8e, 0x026d, 0x12ae, 0x12ae, 0x0a8e, 0x12af, 0x12af, 0x1acf, 0x22cf, 0x2b30, 0x2310, 0x0aaf, 0x1acf, 0x4392, 0x4bb2, 0x3330, 0x84b5, 0xdf1c, 0x9598, 
    0x4391, 0x4bb2, 0x4bd2, 0x4bd2, 0x4371, 0x4bb1, 0x4371, 0x12ae, 0x128e, 0x12ae, 0x0a8e, 0x0a8e, 0x12af, 0x12cf, 0x12ae, 0x028e, 0x12af, 0x12cf, 0x12cf, 0x2b31, 
    0x8558, 0xae7c, 0x6cd7, 0x5c13, 0x6c74, 0x7cd5, 0x9d98, 0xbe39, 0x9556, 0x2b0f, 0x022c, 0x024d, 0x024d, 0x024d, 0x0a6d, 0x0a6e, 0x0a6d, 0x0a8e, 0x128e, 0x0a8e, 
    0x128e, 0x1aae, 0x2b10, 0x8516, 0xbe5a, 0xbe5a, 0x9556, 0x84f5, 0x6c33, 0x3b2f, 0x2a8d, 0x434f, 0x5bd1, 0x6412, 0x5bd0, 0x32ec, 0x1a6b, 0x0a0b, 0x020b, 0x01ea, 
    0x3aed, 0xadd8, 0xa597, 0x7432, 0x6bf1, 0x5bb0, 0x7453, 0x84f5, 0x84f5, 0xae1a, 0xef9e, 0xe75d, 0xadb7, 0x6bf1, 0x63b0, 0x7432, 0x4b6f, 0x5bb0, 0x7472, 0x9d56, 
    0xc67a, 0xc69b, 0xdf3d, 0xef9e, 0xef9e, 0xef9e, 0xef9e, 0xcebb, 0xadb7, 0xe73d, 0xef7e, 0xe75d, 0xef7e, 0xdf1c, 0x7c32, 0x63af, 0x8451, 0x5b8d, 0x3aaa, 0x328a, 
    0x2a49, 0x2a49, 0x4aec, 0x636e, 0x530d, 0x4aed, 0x42ac, 0x328c, 0x4b2e, 0x2aad, 0x09eb, 0x09eb, 0x01ca, 0x01ca, 0x122b, 0x434f, 0x1a09, 0x11ea, 0x3269, 0x4285, 
    
    0x73ed, 0x5b2a, 0x6b8c, 0x6bad, 0x5b2a, 0x6b8b, 0x7c4f, 0x9d12, 0xb5d6, 0xb5d6, 0x9d13, 0x8470, 0x8cb1, 0xa554, 0xbe17, 0xa555, 0x8cb2, 0x94d3, 0x94f3, 0x9514, 
    0x94f3, 0x6bcf, 0x3a8b, 0x3a8a, 0x1166, 0x19c8, 0x3a6a, 0x42ab, 0x5b6e, 0x532d, 0x42cc, 0x3aab, 0x5b6e, 0x7c50, 0x7c70, 0x7c50, 0x42ea, 0x532c, 0x536c, 0x32a9, 
    0x42eb, 0x6bee, 0x63ad, 0x42eb, 0x430c, 0x3b2e, 0x5c32, 0x6453, 0x3b90, 0x3350, 0x3370, 0x43b0, 0x3b90, 0x1aef, 0x230f, 0x3b70, 0x3b70, 0x2b2f, 0x2b4f, 0x2b4f, 
    0x4bb0, 0x5bf2, 0x5c12, 0x53f2, 0x43d3, 0x5434, 0x5cd7, 0x755a, 0x653a, 0x5d3a, 0x6519, 0x6519, 0x6519, 0x5cf9, 0x5cf9, 0x5cf9, 0x54f9, 0x6519, 0x5d19, 0x5cf9, 
    0x4cd9, 0x54f9, 0x54f9, 0x54f9, 0x4cd8, 0x54f9, 0x6519, 0x6519, 0x5d19, 0x6539, 0x6539, 0x5cf9, 0x5cf9, 0x6519, 0x6539, 0x5d19, 0x5d19, 0x6d39, 0x7d9a, 0x8dfb, 
    0x961b, 0x95fb, 0x95fb, 0x95fb, 0x961b, 0x9e3b, 0x9e3b, 0x9e3b, 0x961b, 0x85db, 0x6539, 0x4cd8, 0x3c77, 0x3457, 0x2c15, 0x0bb4, 0x0bb4, 0x0bb5, 0x23f5, 0x33f5, 
    0x1bb4, 0x2bd4, 0x2bb4, 0x33d5, 0x5c96, 0x8538, 0x4c55, 0x4435, 0x2bd4, 0x2bd4, 0x4415, 0x5c76, 0x4415, 0x1394, 0x0353, 0x0373, 0x1bb4, 0x2bd4, 0x1bb3, 0x0b73, 
    0x1bb4, 0x2bf4, 0x1393, 0x0b31, 0x02af, 0x028f, 0x0acf, 0x1b31, 0x3c15, 0x5c96, 0x8558, 0xbebc, 0x2c15, 0x0354, 0x0b74, 0x0b94, 0x0b74, 0x0352, 0x02d0, 0x026e, 
    0x0aaf, 0x3b91, 0x6c74, 0x6c73, 0x2b30, 0x024d, 0x026d, 0x028e, 0x028e, 0x026e, 0x026d, 0x026d, 0x028e, 0x026e, 0x026e, 0x026e, 0x0a8e, 0x0a8e, 0x0a8e, 0x0a8e, 
    0x0a8e, 0x026e, 0x026e, 0x12ae, 0x128e, 0x12ae, 0x0a8e, 0x0a8e, 0x128e, 0x3330, 0x4392, 0x3351, 0x12af, 0x22f0, 0x3351, 0x22ef, 0x5c33, 0xadd8, 0xe73d, 0x9598, 
    0x1acf, 0x0a6e, 0x22cf, 0x3b71, 0x3b70, 0x4391, 0x22ef, 0x128e, 0x128e, 0x0a6e, 0x0a8e, 0x0a8e, 0x12af, 0x0a8e, 0x0a8e, 0x028e, 0x026d, 0x0a2b, 0x11c8, 0x2a8c, 
    0x63d0, 0x6bef, 0x4b4e, 0x8d36, 0xadd7, 0xa597, 0x9577, 0x8cf5, 0x4b90, 0x022c, 0x024d, 0x026d, 0x024d, 0x024d, 0x024d, 0x026d, 0x0a6e, 0x0a6e, 0x024d, 0x0a6d, 
    0x1aae, 0x22cf, 0x3310, 0x4bb1, 0x5bf2, 0x5390, 0x6c32, 0x9d77, 0x7494, 0x3aee, 0x4b70, 0x7453, 0x8cf5, 0x7cb3, 0x1a6b, 0x01ea, 0x020b, 0x020b, 0x01eb, 0x01eb, 
    0x1a4c, 0x4b4e, 0x4b2c, 0x5baf, 0x63f1, 0x63d1, 0x9d56, 0xef9e, 0xf7be, 0xf7df, 0xcebb, 0x6c32, 0x3acd, 0x4aed, 0x8cb3, 0x84d4, 0x7c73, 0x7c93, 0x7452, 0xadd7, 
    0xef9e, 0xf7df, 0xef9e, 0xefbf, 0xf7bf, 0xef7e, 0xbe18, 0x7c31, 0x8472, 0xe75d, 0xef9e, 0xe75d, 0xd6db, 0xa576, 0x8c92, 0x8450, 0x4b2a, 0x1a27, 0x2a49, 0x42cb, 
    0x3aaa, 0x2a49, 0x3aaa, 0x532d, 0x5b2e, 0x42ac, 0x42cc, 0x532e, 0x63d0, 0x63d0, 0x3acd, 0x122b, 0x01ca, 0x09ea, 0x122a, 0x21e7, 0x29e5, 0x3247, 0x3a64, 0x31e2, 
    
    0x8c70, 0x638b, 0x52e9, 0x530a, 0x42a7, 0x3a46, 0x5b4a, 0x8c6f, 0x9cf2, 0xb5f6, 0xb5d6, 0x8c90, 0x73cc, 0x6bcc, 0x7c2e, 0x9d13, 0x9d34, 0x8492, 0x8cb2, 0x9d34, 
    0x8451, 0x530c, 0x3a8b, 0x3a8a, 0x19a7, 0x19a8, 0x2a09, 0x326b, 0x21e9, 0x4aec, 0x5b8f, 0x42cc, 0x6bcf, 0x9d13, 0xa554, 0x94f2, 0x4b0a, 0x3269, 0x3aca, 0x3ac9, 
    0x430a, 0x63ad, 0x7c70, 0x7c50, 0x94f2, 0x5b8e, 0x3b2e, 0x3b6f, 0x230f, 0x2b4f, 0x3b90, 0x3b90, 0x2b50, 0x232f, 0x1aee, 0x22ef, 0x4391, 0x4bd1, 0x232f, 0x1aef, 
    0x4bb1, 0x43b1, 0x53d1, 0x6432, 0x6452, 0x53f2, 0x4bd2, 0x5c75, 0x64f8, 0x6d39, 0x6d7a, 0x6d5a, 0x755a, 0x6539, 0x6d3a, 0x5d19, 0x5cf9, 0x6539, 0x6519, 0x6539, 
    0x5cf9, 0x54f9, 0x5d19, 0x5d19, 0x54f9, 0x5cf9, 0x5cf9, 0x6519, 0x6519, 0x6519, 0x6539, 0x5d19, 0x5cf9, 0x5d19, 0x5d19, 0x6519, 0x6539, 0x6539, 0x6519, 0x6d5a, 
    0x85ba, 0x95fb, 0x9e3c, 0x9e3c, 0x9e3b, 0x961b, 0x85db, 0x6d5a, 0x5cf8, 0x4497, 0x2c36, 0x2c36, 0x2c15, 0x23f5, 0x1bd5, 0x13d5, 0x1bd5, 0x23f5, 0x1bd4, 0x0b73, 
    0x23b4, 0x3bf5, 0x33d5, 0x2bd4, 0x4c56, 0x64b6, 0x33f4, 0x1b93, 0x23b4, 0x2bd4, 0x33f4, 0x2394, 0x0b73, 0x0353, 0x0373, 0x0373, 0x0373, 0x1394, 0x2bd4, 0x2bf4, 
    0x1bb4, 0x1372, 0x0af0, 0x02af, 0x028f, 0x02af, 0x02af, 0x028f, 0x0aaf, 0x2b51, 0x6454, 0x74d6, 0x2bb4, 0x0b32, 0x1b72, 0x2393, 0x1b31, 0x0aae, 0x1ace, 0x2b2f, 
    0x53f2, 0x6c54, 0x5bf2, 0x1acf, 0x024d, 0x026d, 0x026e, 0x028e, 0x026d, 0x024d, 0x024d, 0x026d, 0x0a8e, 0x0a6e, 0x024d, 0x026d, 0x1acf, 0x12ae, 0x128e, 0x128e, 
    0x0a8e, 0x0a6e, 0x0a8e, 0x12af, 0x1acf, 0x0a8e, 0x024d, 0x024d, 0x128e, 0x22ce, 0x3b50, 0x4391, 0x3331, 0x1aaf, 0x128e, 0x6454, 0xd6dc, 0xcebb, 0xe75d, 0xb65a, 
    0x2310, 0x0a8e, 0x2b10, 0x3310, 0x2b0f, 0x2aef, 0x1aae, 0x12ae, 0x026e, 0x0a8e, 0x1acf, 0x12af, 0x12af, 0x0aaf, 0x12b0, 0x0aaf, 0x0a0a, 0x0903, 0x08a2, 0x08c2, 
    0x00a2, 0x00a1, 0x29c6, 0x5b8d, 0x3a47, 0x2a26, 0x8cf3, 0xa5d9, 0x22ef, 0x022d, 0x024d, 0x024d, 0x022d, 0x024d, 0x0a8e, 0x0a8e, 0x0a8e, 0x128e, 0x22ef, 0x3330, 
    0x1aae, 0x1aae, 0x2aef, 0x4350, 0x7473, 0x7c94, 0x9d56, 0xbe38, 0x9d76, 0x7473, 0x7cb4, 0x84d4, 0x7472, 0x330d, 0x0a0a, 0x020b, 0x022c, 0x020b, 0x020b, 0x0a2b, 
    0x1a4c, 0x2a8b, 0x2a6a, 0x3acc, 0x63d1, 0x7c73, 0xce9a, 0xffff, 0xf7df, 0xbe5a, 0x5bb0, 0x3aad, 0x4aed, 0x5baf, 0x6c30, 0x7c72, 0x7c73, 0x7c73, 0x7453, 0x7432, 
    0xa596, 0xe77e, 0xf7df, 0xef9e, 0xce9a, 0x9514, 0x6bf0, 0x63af, 0x7c52, 0xd6bb, 0xbe19, 0xa555, 0x8cb3, 0x8451, 0x7c10, 0x430a, 0x3b08, 0x4329, 0x2a89, 0x19e8, 
    0x2a49, 0x2a69, 0x3aaa, 0x4aec, 0x530d, 0x530d, 0x42cc, 0x3aac, 0x5b4e, 0x63d0, 0x63d0, 0x4b2f, 0x3aee, 0x1a2b, 0x2228, 0x3268, 0x3a25, 0x3224, 0x29c2, 0x1921, 
    
    0x73ed, 0x638b, 0x4287, 0x3225, 0x2a05, 0x2a05, 0x42a7, 0x638b, 0x7c2d, 0x7c2e, 0xa554, 0xb5b6, 0xa553, 0x73cd, 0x4aa8, 0x636a, 0x94b1, 0x8cb1, 0x8cb2, 0x9d14, 
    0x8471, 0x636c, 0x4b0a, 0x21e7, 0x0967, 0x21c8, 0x2a2a, 0x532d, 0x3a8b, 0x3a8b, 0x6bf0, 0x6bcf, 0x534d, 0x9d13, 0xad95, 0x9d33, 0x7c4f, 0x534c, 0x2a48, 0x2228, 
    0x3aaa, 0x42eb, 0x4b4b, 0x6c0e, 0x94f3, 0x8cd2, 0x4b4d, 0x434f, 0x4bd1, 0x334f, 0x43b0, 0x6452, 0x6452, 0x43b1, 0x1aef, 0x230f, 0x3b90, 0x4bd1, 0x3b70, 0x1aef, 
    0x3350, 0x3370, 0x2b30, 0x4bd1, 0x5bf1, 0x6452, 0x5c32, 0x5c12, 0x5c33, 0x5c34, 0x5c96, 0x6d3a, 0x757a, 0x6d5a, 0x6d5a, 0x6d5a, 0x653a, 0x653a, 0x6539, 0x6539, 
    0x6519, 0x5d19, 0x5d19, 0x5d19, 0x5d19, 0x5d19, 0x6519, 0x6519, 0x6539, 0x5d19, 0x5d19, 0x5d19, 0x5d19, 0x5d19, 0x6519, 0x6539, 0x6539, 0x6539, 0x6539, 0x653a, 
    0x6d3a, 0x757a, 0x85ba, 0x7d9a, 0x6d59, 0x6519, 0x54d8, 0x3c77, 0x3416, 0x2bf5, 0x23f5, 0x23f5, 0x1bd5, 0x1bd4, 0x1bd5, 0x23d5, 0x1bd4, 0x13b4, 0x0b93, 0x0b73, 
    0x2bd4, 0x2bb4, 0x1b94, 0x1b94, 0x1373, 0x1b94, 0x2bd4, 0x23b4, 0x23b4, 0x2bd4, 0x23b4, 0x0b73, 0x0373, 0x0373, 0x0373, 0x0373, 0x0373, 0x0373, 0x13b4, 0x2bb3, 
    0x1b31, 0x0acf, 0x02af, 0x02af, 0x02af, 0x02af, 0x028f, 0x028e, 0x0a8f, 0x1acf, 0x22ef, 0x3330, 0x4371, 0x2b0f, 0x2b0f, 0x22ef, 0x22ce, 0x3b6f, 0x4bae, 0x5c10, 
    0x6c74, 0x6453, 0x5c12, 0x3330, 0x026d, 0x026d, 0x026e, 0x026e, 0x026e, 0x024d, 0x024d, 0x026d, 0x0a6d, 0x12ae, 0x026d, 0x026d, 0x1aae, 0x128e, 0x128e, 0x12ae, 
    0x026d, 0x024d, 0x0a8e, 0x4bd2, 0x2310, 0x024d, 0x024d, 0x024d, 0x0a8d, 0x1aae, 0x2b10, 0x53d2, 0x7495, 0x4bb2, 0x5c13, 0x8d36, 0x9d97, 0x9d77, 0xc69b, 0x8516, 
    0x4bb1, 0x3b50, 0x2aef, 0x22cf, 0x1acf, 0x128e, 0x128e, 0x1a6d, 0x0a2c, 0x0a6d, 0x1acf, 0x1ace, 0x1aad, 0x22cd, 0x2acc, 0x2acb, 0x2207, 0x1103, 0x1943, 0x29c4, 
    0x29e4, 0x21a4, 0x1983, 0x1142, 0x0902, 0x21a3, 0x73cb, 0x7471, 0x1a6c, 0x126c, 0x0a6d, 0x12cf, 0x3bb3, 0x4c14, 0x3bb2, 0x2310, 0x1aef, 0x2b10, 0x3350, 0x2b10, 
    0x2aef, 0x53d2, 0x6412, 0x6c73, 0x84d4, 0xa5b7, 0x9d76, 0x7c93, 0x7c93, 0x84d3, 0x6c31, 0x538f, 0x228b, 0x01c9, 0x01eb, 0x0a2c, 0x020b, 0x020b, 0x0a2b, 0x122b, 
    0x0a0b, 0x226b, 0x32ab, 0x3aec, 0x5baf, 0x7c71, 0xc65a, 0xdefc, 0xa597, 0x536f, 0x328c, 0x4b2e, 0x5b8f, 0x536d, 0x63ef, 0x84d3, 0x84b3, 0x7c93, 0x84b3, 0x7c52, 
    0x8cb3, 0xdefc, 0xdf1c, 0xad96, 0x7c51, 0x6bd0, 0x6bd0, 0x73f0, 0x8452, 0x9d35, 0x8472, 0x8451, 0x8c72, 0x8451, 0x5b4d, 0x3ac9, 0x4b49, 0x4329, 0x2a68, 0x11c8, 
    0x2228, 0x3289, 0x32a9, 0x42cb, 0x4aec, 0x5b2e, 0x5b6e, 0x530d, 0x532d, 0x534e, 0x6bf1, 0x7411, 0x63cf, 0x430b, 0x3204, 0x3a24, 0x31e3, 0x31c3, 0x2982, 0x1901, 
    
    0x8470, 0x94b1, 0x636b, 0x4287, 0x4287, 0x3a46, 0x3246, 0x3226, 0x42c9, 0x530a, 0x7c0f, 0xa574, 0xbe17, 0xa554, 0x844f, 0x7c0e, 0x8c90, 0x94b1, 0x8cb1, 0x8cb2, 
    0x9d54, 0x8cd2, 0x5349, 0x3287, 0x0966, 0x21c8, 0x3a8a, 0x636e, 0x638e, 0x4aec, 0x638f, 0x8cb2, 0x8471, 0x94d2, 0x9d13, 0xc638, 0xad95, 0x9512, 0x63cd, 0x2a48, 
    0x326a, 0x3289, 0x5b8d, 0x5b8c, 0x4329, 0x538c, 0x6bcd, 0x744f, 0x5bef, 0x4b8f, 0x3b4f, 0x334f, 0x3b6f, 0x2b2f, 0x1ace, 0x1aef, 0x334f, 0x230e, 0x230f, 0x3b90, 
    0x3350, 0x230f, 0x1aef, 0x1aef, 0x3350, 0x6453, 0x53f1, 0x4390, 0x4391, 0x4bd1, 0x5412, 0x5454, 0x5c96, 0x5cf8, 0x6519, 0x653a, 0x6d3a, 0x6d5a, 0x6d5a, 0x755a, 
    0x6d5a, 0x653a, 0x653a, 0x5d19, 0x5d19, 0x5d19, 0x6539, 0x6539, 0x6519, 0x5d19, 0x6519, 0x6519, 0x6519, 0x6519, 0x653a, 0x6d3a, 0x6d3a, 0x6d3a, 0x653a, 0x653a, 
    0x6539, 0x54f9, 0x54b8, 0x54b8, 0x54b8, 0x4cd8, 0x3c77, 0x23f5, 0x1bd5, 0x23f5, 0x23f5, 0x13d4, 0x1bd4, 0x1bd4, 0x1394, 0x0b94, 0x0b94, 0x0373, 0x0373, 0x0b94, 
    0x1b94, 0x1b94, 0x1374, 0x0b73, 0x1b94, 0x23b4, 0x2bd4, 0x23b4, 0x2bd4, 0x2bd4, 0x23b4, 0x0b73, 0x0373, 0x0373, 0x0373, 0x0373, 0x0373, 0x0374, 0x0353, 0x02f0, 
    0x02af, 0x0acf, 0x02af, 0x028f, 0x02af, 0x02af, 0x028f, 0x0acf, 0x4bb2, 0x53d2, 0x2b0f, 0x1ace, 0x3b2f, 0x330f, 0x0a6d, 0x024c, 0x22ee, 0x4bb0, 0x438e, 0x53d0, 
    0x6454, 0x5c33, 0x5c12, 0x3350, 0x024d, 0x024d, 0x026e, 0x026e, 0x026e, 0x0a8e, 0x0a8e, 0x026e, 0x024d, 0x0a6e, 0x0a6e, 0x0a8e, 0x22ef, 0x128e, 0x128e, 0x0a6e, 
    0x0a4d, 0x024d, 0x2b0f, 0x3b71, 0x0a8e, 0x024d, 0x024d, 0x024d, 0x026d, 0x1aae, 0x3b50, 0x6c74, 0xc69b, 0x9597, 0x6433, 0x3b71, 0x3b50, 0x53d2, 0x9db8, 0x53d2, 
    0x4371, 0x4392, 0x4392, 0x3330, 0x2aef, 0x22ad, 0x32ac, 0x3a68, 0x3a67, 0x3aa8, 0x430a, 0x5309, 0x4ac7, 0x4265, 0x29c4, 0x2183, 0x1143, 0x0903, 0x21a4, 0x42a6, 
    0x4ac6, 0x4ae7, 0x3a85, 0x29e4, 0x2184, 0x29c4, 0x4ac4, 0x4ac5, 0x4ac5, 0x42a5, 0x42c6, 0x536b, 0x744f, 0x63ef, 0x3b0d, 0x228c, 0x2acd, 0x2a8b, 0x11c8, 0x1a6c, 
    0x6c53, 0x8d36, 0x84f5, 0x84d4, 0x8d15, 0x8d35, 0x6412, 0x538f, 0x63f0, 0x53af, 0x1a6b, 0x09c9, 0x01ca, 0x01ea, 0x0a0b, 0x0a2c, 0x0a0b, 0x0a0b, 0x020b, 0x01ea, 
    0x09ea, 0x226a, 0x32eb, 0x3b0c, 0x4b4b, 0x536b, 0x63ef, 0x6c10, 0x5b8f, 0x4b0e, 0x4b2e, 0x6bf1, 0x6bf1, 0x534d, 0x5bae, 0x63ce, 0x5bad, 0x7451, 0x7c92, 0x7c52, 
    0x9514, 0xb5d8, 0x8cd3, 0x6bce, 0x6bef, 0x73f0, 0x73f0, 0x7c31, 0x8472, 0x8c92, 0x8472, 0x8471, 0x8451, 0x63af, 0x5b6e, 0x4b4b, 0x4b4a, 0x534b, 0x3288, 0x2248, 
    0x3ac9, 0x3ac9, 0x32a8, 0x3ac9, 0x4aeb, 0x532d, 0x638e, 0x638f, 0x532d, 0x4b0d, 0x63d0, 0x63ac, 0x4b06, 0x5367, 0x4286, 0x4246, 0x3a05, 0x2142, 0x1901, 0x1901, 
    
    0xbdf7, 0xad95, 0xa554, 0x8470, 0x530a, 0x52e9, 0x3247, 0x19a5, 0x19a5, 0x2a06, 0x42a9, 0x8c91, 0xa574, 0xbdf7, 0x9d33, 0x94f2, 0x94d2, 0x9cf2, 0x94f1, 0x7c4e, 
    0x6bed, 0x8470, 0x7c4e, 0x5b8a, 0x2a26, 0x1166, 0x19a7, 0x428b, 0x5b4e, 0x530d, 0x638e, 0x8cb1, 0x84ad, 0x6c0a, 0x94f1, 0xce79, 0xc678, 0xb5f6, 0x8ccf, 0x5368, 
    0x4309, 0x3288, 0x3a8a, 0x42ea, 0x3b07, 0x5389, 0x536a, 0x536a, 0x5baa, 0x742e, 0x6c10, 0x3b4f, 0x22ee, 0x230f, 0x12ce, 0x12ce, 0x230f, 0x1aee, 0x1aee, 0x43b1, 
    0x5412, 0x230f, 0x230f, 0x1aef, 0x1aef, 0x3350, 0x2b2f, 0x3350, 0x3350, 0x3330, 0x4391, 0x4bb1, 0x4391, 0x3bb2, 0x43f3, 0x43f3, 0x5434, 0x64d7, 0x6519, 0x6d5a, 
    0x6d5a, 0x653a, 0x655a, 0x653a, 0x5d1a, 0x5d1a, 0x6d5a, 0x6d3a, 0x653a, 0x6539, 0x653a, 0x6519, 0x5d19, 0x6519, 0x6d3a, 0x757a, 0x755a, 0x6519, 0x5cf9, 0x54d9, 
    0x54d8, 0x54d8, 0x64f9, 0x64f9, 0x4477, 0x2c15, 0x23d5, 0x1bd4, 0x23f5, 0x1bd4, 0x1bd4, 0x1bd4, 0x13b4, 0x1394, 0x0b73, 0x0373, 0x0373, 0x0373, 0x0353, 0x1b94, 
    0x2bb4, 0x33d4, 0x4c55, 0x5c96, 0x3c15, 0x23b4, 0x1b93, 0x23b4, 0x33d4, 0x23b4, 0x1373, 0x0373, 0x0373, 0x0373, 0x0353, 0x0353, 0x0373, 0x0352, 0x02d0, 0x02af, 
    0x02af, 0x0aaf, 0x12cf, 0x028f, 0x028f, 0x02af, 0x028f, 0x0aae, 0x230f, 0x22ef, 0x1ace, 0x22ee, 0x330f, 0x1aad, 0x0a6c, 0x128d, 0x2aee, 0x4370, 0x330e, 0x330e, 
    0x4390, 0x3b4f, 0x3b50, 0x1ace, 0x024d, 0x024d, 0x024d, 0x026d, 0x026d, 0x026d, 0x026e, 0x026d, 0x024d, 0x026d, 0x128e, 0x22cf, 0x2aef, 0x126d, 0x1aae, 0x1acf, 
    0x12af, 0x5413, 0x6454, 0x0a4d, 0x022d, 0x026d, 0x026d, 0x0a6e, 0x026e, 0x22cf, 0x5bd2, 0xb5f9, 0xbe7b, 0x5c33, 0x2b10, 0x2b10, 0x2b10, 0x6c74, 0xd71d, 0x9d98, 
    0x53b0, 0x434e, 0x4b4d, 0x4aea, 0x42a8, 0x4ac7, 0x5ae6, 0x52a5, 0x4a85, 0x4244, 0x4264, 0x4a65, 0x3a24, 0x2163, 0x08c2, 0x00a2, 0x0081, 0x0061, 0x08e2, 0x1943, 
    0x21c4, 0x3205, 0x2183, 0x29a3, 0x4aa6, 0x4aa5, 0x52c5, 0x52e4, 0x5b04, 0x5b03, 0x5b23, 0x4ac4, 0x3a44, 0x3203, 0x21a3, 0x08e2, 0x1123, 0x29e4, 0x1122, 0x1964, 
    0x5b6d, 0x5b8d, 0x4aeb, 0x4aeb, 0x534c, 0x328a, 0x2a6b, 0x3b0d, 0x32cc, 0x124b, 0x01ca, 0x01cb, 0x01eb, 0x122c, 0x0a2c, 0x0a0b, 0x0a0b, 0x01eb, 0x01eb, 0x01eb, 
    0x120b, 0x0a0a, 0x0a0a, 0x1a2a, 0x2aaa, 0x430a, 0x32c9, 0x32a9, 0x3acb, 0x4b2d, 0x4b0e, 0x5b8f, 0x63d0, 0x4b4d, 0x3aca, 0x3aca, 0x3ac9, 0x4b4b, 0x63ad, 0x7c51, 
    0x8cd3, 0x8492, 0x63cd, 0x4b2a, 0x63af, 0x73d0, 0x7c31, 0x8472, 0x7c50, 0x6bce, 0x73ef, 0x7c10, 0x638f, 0x534e, 0x63af, 0x5b8e, 0x534d, 0x4b2c, 0x534d, 0x536d, 
    0x534c, 0x32a9, 0x3289, 0x3289, 0x2a69, 0x326a, 0x530d, 0x6b8f, 0x638f, 0x63ae, 0x63ca, 0x42a4, 0x29e2, 0x3a63, 0x3204, 0x3a25, 0x3a25, 0x1922, 0x1901, 0x29a3, 
    
    0xc658, 0xb5b6, 0xb5d7, 0xad74, 0x5309, 0x530b, 0x2a07, 0x0924, 0x1985, 0x21c6, 0x4268, 0x7c2f, 0x8450, 0x8cb1, 0x94d1, 0x634a, 0x5b4a, 0x842f, 0x9cf2, 0x8cb0, 
    0x4ac8, 0x3247, 0x532a, 0x63cb, 0x5b8a, 0x2a07, 0x2a08, 0x532c, 0x63ad, 0x5b8d, 0x7c30, 0x846f, 0x6c2a, 0x5be7, 0x8cf0, 0xb5d6, 0xbe37, 0xa594, 0x7c8e, 0x63e9, 
    0x5367, 0x5349, 0x2a28, 0x0966, 0x11c7, 0x3aca, 0x4b4a, 0x2a68, 0x2a68, 0x430a, 0x5b6d, 0x42ec, 0x3b2f, 0x2b2f, 0x0ace, 0x0ace, 0x12ce, 0x12ce, 0x1ace, 0x22ef, 
    0x3b70, 0x3350, 0x22ef, 0x1aee, 0x1aef, 0x1aef, 0x2b30, 0x3350, 0x3350, 0x2b30, 0x2b2f, 0x3350, 0x3b70, 0x3350, 0x334f, 0x2b2f, 0x3350, 0x43b2, 0x4c14, 0x5496, 
    0x54d8, 0x54f9, 0x5d19, 0x6d5a, 0x757a, 0x6d5a, 0x6d5a, 0x6d3a, 0x653a, 0x653a, 0x653a, 0x653a, 0x653a, 0x653a, 0x6d5a, 0x757a, 0x6d39, 0x54f9, 0x4cd9, 0x4cd9, 
    0x4cb8, 0x5cf9, 0x5cf8, 0x3c36, 0x1bd4, 0x13b4, 0x1bd4, 0x2c15, 0x2bf5, 0x1bb4, 0x13b4, 0x0b73, 0x0373, 0x0b94, 0x1394, 0x0373, 0x0373, 0x0373, 0x0b73, 0x1b94, 
    0x33d4, 0x4c35, 0x64b6, 0x74f7, 0x4435, 0x1b93, 0x1bb4, 0x2bd4, 0x2bd4, 0x1373, 0x0b73, 0x0b73, 0x1374, 0x0b53, 0x0311, 0x0b11, 0x0311, 0x02d0, 0x02af, 0x02af, 
    0x028f, 0x02af, 0x0acf, 0x02af, 0x028f, 0x02af, 0x028e, 0x026e, 0x024d, 0x12ae, 0x2aee, 0x22ee, 0x1aad, 0x0a6c, 0x128d, 0x12ad, 0x1aad, 0x2aed, 0x22cd, 0x128c, 
    0x22ac, 0x2aee, 0x3b4f, 0x0a8d, 0x022c, 0x022c, 0x128d, 0x12ad, 0x022c, 0x022c, 0x024d, 0x0a8e, 0x0a6d, 0x0a6e, 0x53d2, 0x53d2, 0x53d2, 0x53f2, 0x4350, 0x7cd6, 
    0xa61a, 0xa5d9, 0x5c13, 0x0a4d, 0x0a6d, 0x0a4d, 0x0a4d, 0x128e, 0x3330, 0x4bd2, 0x7495, 0xbe7b, 0x5c53, 0x1aae, 0x1a8d, 0x1a6d, 0x4b91, 0xa597, 0xad75, 0x7c0e, 
    0x4aa7, 0x4a86, 0x52c6, 0x52a5, 0x4aa5, 0x4aa5, 0x52c4, 0x4aa4, 0x3203, 0x2183, 0x29e3, 0x29c4, 0x1943, 0x00a2, 0x00a2, 0x08c2, 0x08c2, 0x1103, 0x1123, 0x0082, 
    0x08e2, 0x08e2, 0x1122, 0x29a3, 0x3a44, 0x4244, 0x4264, 0x4a84, 0x4aa4, 0x4aa4, 0x4aa4, 0x2183, 0x08c1, 0x08c2, 0x1922, 0x1102, 0x1102, 0x1942, 0x1942, 0x1122, 
    0x21c3, 0x29e4, 0x1143, 0x00c2, 0x00a1, 0x00c1, 0x1983, 0x21c5, 0x1165, 0x0986, 0x09c8, 0x09ea, 0x0a2c, 0x1a6d, 0x124c, 0x01eb, 0x01eb, 0x01eb, 0x01eb, 0x01eb, 
    0x0a2b, 0x01ea, 0x01ca, 0x122a, 0x32ea, 0x432b, 0x32ea, 0x1a29, 0x1a2a, 0x224b, 0x222b, 0x2a6c, 0x328b, 0x42eb, 0x2a6a, 0x3aab, 0x4b2c, 0x4b2b, 0x5bad, 0x5bad, 
    0x5b8c, 0x5b8b, 0x4b29, 0x42eb, 0x63af, 0x7411, 0x8451, 0x63cd, 0x42e9, 0x4ae9, 0x6bce, 0x8c92, 0x7411, 0x532d, 0x63ae, 0x63cf, 0x63af, 0x42ec, 0x6bd0, 0x7c52, 
    0x4aeb, 0x2a28, 0x2a27, 0x42a7, 0x5b27, 0x5307, 0x6349, 0x73cc, 0x740d, 0x6388, 0x52e4, 0x31c1, 0x2161, 0x29c2, 0x3a24, 0x4265, 0x3a24, 0x2182, 0x2182, 0x31e4, 
    
    0x94b1, 0xad95, 0xce79, 0xc658, 0x9d33, 0x636b, 0x3a87, 0x21c5, 0x0944, 0x2a07, 0x6b8c, 0x6bad, 0x8470, 0x8470, 0xa533, 0x6bcc, 0x3a65, 0x3245, 0x4ac8, 0x740d, 
    0x73cb, 0x5309, 0x4ae9, 0x5329, 0x5349, 0x4b27, 0x4ae7, 0x4b28, 0x5349, 0x5b6c, 0x8471, 0x740f, 0x6c0b, 0x6c2a, 0x9d33, 0xa575, 0xa574, 0x9532, 0x7c8e, 0x742b, 
    0x5b88, 0x5b69, 0x4b0a, 0x2a49, 0x328a, 0x11a7, 0x2228, 0x42ea, 0x5bac, 0x2228, 0x11a7, 0x2228, 0x536d, 0x538f, 0x22ee, 0x1ace, 0x12ee, 0x12ef, 0x1acf, 0x230f, 
    0x2b0f, 0x4371, 0x2b0f, 0x1aef, 0x2b30, 0x1aef, 0x230f, 0x3b71, 0x3330, 0x2b2f, 0x3350, 0x2b30, 0x2310, 0x3b71, 0x3b91, 0x3370, 0x2310, 0x2310, 0x3330, 0x43b2, 
    0x3bd3, 0x4456, 0x4cb8, 0x54d8, 0x6d39, 0x6d5a, 0x6d5a, 0x653a, 0x5d3a, 0x653a, 0x653a, 0x653a, 0x653a, 0x6d5a, 0x653a, 0x6519, 0x6519, 0x54d9, 0x4cd9, 0x4cd9, 
    0x4cd9, 0x44b8, 0x23f5, 0x13b4, 0x13b4, 0x1bd4, 0x2c15, 0x3435, 0x1bd4, 0x0b94, 0x0374, 0x0373, 0x0373, 0x0373, 0x0b73, 0x0373, 0x0373, 0x1393, 0x1393, 0x2394, 
    0x3bf4, 0x3c14, 0x3c14, 0x33f4, 0x2bd3, 0x23b3, 0x23b3, 0x1b93, 0x0b73, 0x0353, 0x0b73, 0x0b74, 0x1374, 0x0311, 0x02f1, 0x02f1, 0x02d0, 0x02af, 0x02af, 0x02af, 
    0x028f, 0x02af, 0x02af, 0x028f, 0x02af, 0x028e, 0x026d, 0x0a8e, 0x2b0f, 0x436f, 0x2b0e, 0x024c, 0x022c, 0x128d, 0x0a8c, 0x024c, 0x022b, 0x022b, 0x1aad, 0x3b2e, 
    0x4370, 0x3b2f, 0x128d, 0x022c, 0x0a4c, 0x1aad, 0x330d, 0x22cd, 0x022c, 0x022c, 0x0a6d, 0x332f, 0x332f, 0x5c13, 0xae19, 0x6433, 0x7474, 0xa5b8, 0x6412, 0x8d36, 
    0xcebb, 0x8d16, 0x6433, 0x434f, 0x19e9, 0x1165, 0x1985, 0x42eb, 0x534d, 0x4aeb, 0x5b8e, 0x8492, 0x4b0b, 0x3a69, 0x42aa, 0x4289, 0x5b4b, 0x6b69, 0x4a85, 0x4a85, 
    0x52a5, 0x4a85, 0x4264, 0x4284, 0x2163, 0x1963, 0x3a44, 0x42c4, 0x3203, 0x29c3, 0x29c3, 0x1943, 0x1922, 0x2163, 0x3203, 0x3223, 0x29e3, 0x21c4, 0x1943, 0x1962, 
    0x08e1, 0x0080, 0x21a2, 0x3203, 0x3203, 0x3203, 0x3203, 0x4263, 0x3a23, 0x3205, 0x29e5, 0x10e2, 0x0061, 0x08a1, 0x1963, 0x1983, 0x1102, 0x1122, 0x1122, 0x1102, 
    0x21a3, 0x3a64, 0x3a44, 0x21a3, 0x1102, 0x1102, 0x1983, 0x1983, 0x1962, 0x1122, 0x0902, 0x1164, 0x19c6, 0x1a09, 0x11e8, 0x11c7, 0x19e7, 0x1208, 0x09e9, 0x09eb, 
    0x0a0b, 0x122b, 0x1a8a, 0x32ea, 0x32ea, 0x2a8a, 0x226a, 0x09ea, 0x01a9, 0x09ea, 0x09ca, 0x2a8c, 0x2a4b, 0x222a, 0x1a0a, 0x2a6b, 0x2a4b, 0x328a, 0x2a89, 0x2a88, 
    0x4329, 0x4349, 0x3aa9, 0x326a, 0x530d, 0x73f0, 0x5b8b, 0x42e8, 0x42c8, 0x534b, 0x7c30, 0xce9a, 0xb5f8, 0x532c, 0x532d, 0x5b6e, 0x6bcf, 0x636b, 0x6369, 0x73a9, 
    0x7387, 0x73a5, 0x7384, 0x7bc3, 0x7be3, 0x7c23, 0x7c63, 0x7c44, 0x6bc5, 0x4aa3, 0x2982, 0x31a3, 0x3a43, 0x6b85, 0x7c28, 0x6386, 0x3a42, 0x29e1, 0x1901, 0x2163, 
    
    0x5b09, 0xa553, 0xad74, 0xa533, 0xbe17, 0x94d1, 0x5b29, 0x42a6, 0x29e5, 0x21c5, 0x42c9, 0x5b4b, 0x8c91, 0xad75, 0xad95, 0x9512, 0x636b, 0x4ac8, 0x3246, 0x3a87, 
    0x4b09, 0x636a, 0x638a, 0x5b28, 0x42a7, 0x3a86, 0x3a86, 0x3246, 0x4b0a, 0x7c50, 0x9d34, 0x8cb3, 0x7c50, 0x5b89, 0x7c4d, 0xadb6, 0xb5f7, 0xb5f7, 0x9532, 0x848f, 
    0x742c, 0x63cb, 0x8490, 0x94f2, 0x8cd0, 0x42ea, 0x0167, 0x1a07, 0x63ed, 0x6c0c, 0x3289, 0x11e7, 0x2228, 0x2228, 0x1a09, 0x1a2a, 0x1a4b, 0x1a8c, 0x1ace, 0x3b71, 
    0x2b30, 0x2310, 0x2b30, 0x1aef, 0x3b50, 0x3350, 0x22ef, 0x2b10, 0x3350, 0x3b50, 0x3b70, 0x3b50, 0x3350, 0x3b71, 0x4bb2, 0x3b71, 0x3371, 0x2b51, 0x1b10, 0x3b71, 
    0x3b51, 0x3b91, 0x4435, 0x3c77, 0x3c98, 0x4cb8, 0x54d8, 0x54d8, 0x54f9, 0x5d19, 0x6519, 0x6519, 0x653a, 0x6539, 0x6519, 0x6519, 0x5d19, 0x54f9, 0x54f9, 0x54d9, 
    0x44b9, 0x2c36, 0x1bb4, 0x1bb4, 0x1bd4, 0x23f5, 0x23d5, 0x1394, 0x0b94, 0x0373, 0x0373, 0x0373, 0x0373, 0x0373, 0x0373, 0x0b73, 0x1373, 0x1373, 0x2394, 0x2bb4, 
    0x33d4, 0x33d3, 0x2bd3, 0x33f4, 0x33d4, 0x33f4, 0x23b4, 0x1373, 0x0353, 0x0b73, 0x0b73, 0x0b73, 0x0332, 0x02f1, 0x02f0, 0x02d0, 0x02af, 0x02af, 0x02af, 0x028e, 
    0x028e, 0x026d, 0x026d, 0x026d, 0x0a6d, 0x0a6c, 0x024c, 0x1aad, 0x4b6e, 0x22cd, 0x0a6c, 0x0a6c, 0x1aad, 0x1aad, 0x1aac, 0x128c, 0x128d, 0x2b0f, 0x4bb1, 0x6412, 
    0x6c53, 0x3b2f, 0x1a8c, 0x1a8c, 0x330e, 0x436f, 0x2acc, 0x2b0c, 0x12ad, 0x022c, 0x0a6d, 0x1aad, 0x4350, 0xadd8, 0xb619, 0x53b1, 0x5bd1, 0x63f2, 0x5bf2, 0x7cb5, 
    0x84f6, 0x7494, 0x5bd0, 0x4288, 0x3a24, 0x4244, 0x4245, 0x4a85, 0x4266, 0x4a87, 0x4a88, 0x4a88, 0x5b0a, 0x6b6a, 0x6329, 0x52c7, 0x4a85, 0x52c4, 0x4aa5, 0x4244, 
    0x3a24, 0x1102, 0x08a1, 0x1122, 0x08c2, 0x00a1, 0x08c1, 0x2182, 0x29c2, 0x42a3, 0x42a3, 0x3a43, 0x4aa3, 0x52c4, 0x5b04, 0x4ac4, 0x29c2, 0x10e1, 0x2182, 0x3223, 
    0x1962, 0x2183, 0x21a3, 0x29c3, 0x3a64, 0x3a64, 0x3a43, 0x4ac3, 0x3223, 0x2183, 0x1943, 0x1962, 0x29a2, 0x3203, 0x3a43, 0x3a23, 0x3a24, 0x4244, 0x4244, 0x4244, 
    0x4aa4, 0x5305, 0x4ac4, 0x3a43, 0x29e3, 0x1123, 0x00a2, 0x08c3, 0x1984, 0x2a25, 0x29e3, 0x21c3, 0x21a2, 0x29e3, 0x2183, 0x2182, 0x2182, 0x29e3, 0x29e4, 0x2a27, 
    0x2208, 0x2aaa, 0x330b, 0x228a, 0x1a2a, 0x1a2a, 0x328c, 0x09ca, 0x01a9, 0x01a9, 0x01c9, 0x32ac, 0x1a0a, 0x09a9, 0x222b, 0x222a, 0x326b, 0x1a09, 0x11c7, 0x3ae9, 
    0x4b89, 0x4329, 0x3aaa, 0x2a29, 0x3a8a, 0x5b6a, 0x4b28, 0x4b28, 0x4309, 0x5b8d, 0x9d14, 0xc65a, 0x4b2e, 0x2209, 0x3289, 0x5328, 0x6ba6, 0x73e3, 0x7be2, 0x7be1, 
    0x7c01, 0x7400, 0x7c21, 0x7c22, 0x7404, 0x7c22, 0x7c42, 0x7423, 0x5323, 0x3a23, 0x31c4, 0x4aa7, 0x5b66, 0x6364, 0x6b84, 0x73e3, 0x73c3, 0x6ba3, 0x4a82, 0x31e3, 
    
    0x4ac7, 0x636a, 0x844e, 0x5b09, 0x6bac, 0x94f2, 0x6bac, 0x4ac8, 0x52e8, 0x3a66, 0x2204, 0x21e4, 0x534a, 0xad95, 0xc638, 0xb5d6, 0x9d55, 0x8470, 0x6bad, 0x3a47, 
    0x21c5, 0x21c6, 0x3227, 0x5b29, 0x73ab, 0x5b4a, 0x3a87, 0x42e8, 0x63ab, 0x84ae, 0x9d33, 0xb5f6, 0x84af, 0x5388, 0x5347, 0x846f, 0x8cf3, 0x9514, 0x8cb1, 0x5b8b, 
    0x6bec, 0x8cd0, 0xbe17, 0xbdf5, 0x7c6e, 0x6bec, 0x3289, 0x0166, 0x0986, 0x536b, 0x9d52, 0x7450, 0x11e8, 0x0166, 0x0146, 0x0966, 0x11c7, 0x19e8, 0x1a4a, 0x2aee, 
    0x3350, 0x1aef, 0x2310, 0x1aef, 0x22ef, 0x3350, 0x4bb2, 0x2b10, 0x22ef, 0x3350, 0x3350, 0x2b30, 0x332f, 0x4391, 0x53f2, 0x3b71, 0x3371, 0x3b92, 0x2b51, 0x2b30, 
    0x2b30, 0x2b30, 0x3b71, 0x3392, 0x33f4, 0x4477, 0x4498, 0x44b8, 0x4cb8, 0x54b8, 0x54d8, 0x54d8, 0x54d8, 0x54d8, 0x54d8, 0x5cf9, 0x6519, 0x5d19, 0x5cf9, 0x54d9, 
    0x3c57, 0x23f5, 0x23d4, 0x23f5, 0x23d4, 0x1bb4, 0x0b94, 0x0b94, 0x0b94, 0x0373, 0x0373, 0x0373, 0x0373, 0x0373, 0x0b74, 0x1373, 0x0b73, 0x1373, 0x2393, 0x2bb3, 
    0x2bb3, 0x33d3, 0x2bd3, 0x2bd4, 0x33d4, 0x23b3, 0x0b73, 0x0b73, 0x0b53, 0x0b73, 0x1374, 0x0b32, 0x02f1, 0x02f0, 0x0acf, 0x0aaf, 0x028e, 0x0a8e, 0x024d, 0x024d, 
    0x024d, 0x022c, 0x022c, 0x126c, 0x126c, 0x0a4c, 0x124c, 0x126c, 0x1a8c, 0x022b, 0x128c, 0x330d, 0x436d, 0x436d, 0x3b4d, 0x53af, 0x84f5, 0xbe5a, 0x7cd5, 0x6413, 
    0x5bf2, 0x4370, 0x3b2e, 0x3b4f, 0x4bb1, 0x4bd1, 0x434f, 0x3b6e, 0x22cc, 0x01eb, 0x0a2c, 0x126d, 0x53d1, 0xcebb, 0x8d36, 0x53d1, 0x5bf2, 0x6c74, 0x8d16, 0x6c12, 
    0x63f0, 0x536c, 0x4b07, 0x4aa4, 0x4a85, 0x4a86, 0x4aa7, 0x4aa7, 0x636b, 0x73ef, 0x73ce, 0x634b, 0x6369, 0x52e7, 0x4264, 0x4264, 0x4265, 0x31c3, 0x29a3, 0x21a3, 
    0x1122, 0x0021, 0x0021, 0x08e2, 0x1942, 0x1942, 0x1961, 0x3222, 0x5344, 0x5ba4, 0x5343, 0x5b24, 0x52e4, 0x52c4, 0x4a84, 0x3a23, 0x3222, 0x3202, 0x3a62, 0x5b47, 
    0x63ac, 0x638b, 0x4ac5, 0x4284, 0x4ac4, 0x42a3, 0x4aa3, 0x4ac3, 0x4283, 0x4283, 0x4283, 0x4a84, 0x52a4, 0x4aa4, 0x4aa3, 0x4283, 0x4aa3, 0x4aa3, 0x42a3, 0x42a3, 
    0x4263, 0x4284, 0x3a43, 0x2182, 0x21a2, 0x1962, 0x2184, 0x3227, 0x4288, 0x3a65, 0x42a5, 0x29e3, 0x1962, 0x1121, 0x1121, 0x1101, 0x1101, 0x1941, 0x1961, 0x1941, 
    0x2183, 0x21a4, 0x21e5, 0x1a28, 0x1a0a, 0x224b, 0x2a6c, 0x09ca, 0x01ca, 0x01a9, 0x11ea, 0x42ed, 0x222b, 0x11c9, 0x220a, 0x42ac, 0x42cc, 0x2229, 0x2248, 0x4b69, 
    0x4b69, 0x3288, 0x326a, 0x3a8b, 0x532a, 0x5b68, 0x5ba9, 0x4b49, 0x3267, 0x4ac9, 0x8450, 0x7c2f, 0x3ac6, 0x5b85, 0x6be3, 0x7c21, 0x7c20, 0x7c20, 0x7420, 0x7440, 
    0x7c60, 0x7c61, 0x8482, 0x8465, 0x6ba7, 0x6344, 0x6bc2, 0x6363, 0x4282, 0x31a3, 0x5b09, 0x634b, 0x4aa5, 0x52e4, 0x73a3, 0x7362, 0x7ba2, 0x7be4, 0x8425, 0x73c5, 
    
    0x52c8, 0x4286, 0x636a, 0x5b2a, 0x4266, 0x52e8, 0x73cc, 0x6bad, 0x636c, 0x4ac7, 0x3aa5, 0x3ac5, 0x42e6, 0x6bca, 0x8ccf, 0xadb5, 0xb5f7, 0xad96, 0x8cb1, 0x73cd, 
    0x3a69, 0x21c5, 0x19a5, 0x42a9, 0x844e, 0x7c4e, 0x4b09, 0x3aa8, 0x42e8, 0x63ca, 0x740c, 0x7c6e, 0x7c8d, 0x6c0a, 0x742c, 0x7c4e, 0x4b0b, 0x2227, 0x3aa9, 0x3289, 
    0x19e6, 0x3288, 0x5b8c, 0x8490, 0x8cb1, 0x63cc, 0x4b29, 0x2247, 0x0987, 0x2a68, 0x5bcc, 0x8cb1, 0x6bed, 0x2248, 0x0166, 0x0146, 0x0987, 0x19e8, 0x19c8, 0x11c8, 
    0x2a8b, 0x3b2e, 0x22ce, 0x2b10, 0x1af0, 0x2b10, 0x5c13, 0x53d2, 0x22ef, 0x12cf, 0x1aef, 0x3350, 0x4bd2, 0x3b70, 0x4391, 0x3b70, 0x3350, 0x3330, 0x3350, 0x2b10, 
    0x230f, 0x1b0f, 0x1b0f, 0x2b2f, 0x2b30, 0x3bb2, 0x3c15, 0x4477, 0x44b8, 0x4cb8, 0x4cb8, 0x4cb8, 0x44b8, 0x44b8, 0x4cb8, 0x54d8, 0x4cd8, 0x4cd8, 0x54d8, 0x3c56, 
    0x23d5, 0x23d4, 0x23d4, 0x23d4, 0x23b4, 0x1b94, 0x1394, 0x0b94, 0x0373, 0x0373, 0x0373, 0x0373, 0x0373, 0x0b73, 0x0373, 0x0b73, 0x0b73, 0x1373, 0x1373, 0x2393, 
    0x33f3, 0x33f3, 0x33d3, 0x33d3, 0x2393, 0x0b53, 0x0353, 0x0333, 0x0b53, 0x1373, 0x1b52, 0x0af0, 0x0af0, 0x0acf, 0x12ae, 0x0a6d, 0x024d, 0x024c, 0x022c, 0x022d, 
    0x022c, 0x022c, 0x0a4c, 0x0a4c, 0x0a4c, 0x022b, 0x020b, 0x022b, 0x020b, 0x022b, 0x126c, 0x2aed, 0x32ed, 0x32ec, 0x436e, 0x6410, 0x8d15, 0x9536, 0x6433, 0x6412, 
    0x53d1, 0x5bf2, 0x5c12, 0x5bf2, 0x53f2, 0x53f2, 0x5bf2, 0x53d1, 0x330e, 0x1a6d, 0x32ee, 0x84d5, 0xc69b, 0xadf9, 0x5bd1, 0x53b0, 0x5bcf, 0x6bef, 0x7c2d, 0x5b29, 
    0x52e7, 0x4aa6, 0x4aa5, 0x4ac6, 0x4a86, 0x4a88, 0x5b0a, 0x6b6c, 0x73ac, 0x634b, 0x4ac8, 0x4265, 0x3a44, 0x3a45, 0x4266, 0x31c5, 0x2164, 0x29c5, 0x3a46, 0x3204, 
    0x08a2, 0x0041, 0x08c1, 0x1962, 0x3202, 0x4283, 0x4ae3, 0x5b45, 0x6384, 0x5303, 0x52e4, 0x52e5, 0x52a5, 0x4244, 0x31e3, 0x31e2, 0x3223, 0x3a43, 0x3224, 0x5308, 
    0x5b49, 0x4aa6, 0x4a84, 0x52c4, 0x52e4, 0x5304, 0x5324, 0x52e4, 0x5305, 0x52e4, 0x52c4, 0x52c5, 0x52a5, 0x4a84, 0x4aa3, 0x4282, 0x42c2, 0x5343, 0x4b23, 0x3202, 
    0x1121, 0x1942, 0x1962, 0x29c2, 0x29c2, 0x29e3, 0x6386, 0x6367, 0x4ac5, 0x3a44, 0x3a44, 0x1942, 0x1101, 0x0901, 0x08e1, 0x08e1, 0x08e1, 0x08e1, 0x08e1, 0x08c1, 
    0x1101, 0x08c1, 0x08c1, 0x1963, 0x21c5, 0x19a6, 0x11a9, 0x09ca, 0x09ea, 0x01a9, 0x222b, 0x3acd, 0x326b, 0x21ea, 0x326b, 0x42ec, 0x3a8b, 0x19e8, 0x1a28, 0x3ae9, 
    0x2a89, 0x0987, 0x19c9, 0x3aab, 0x42c9, 0x4b29, 0x42e7, 0x42a5, 0x42a4, 0x4ac2, 0x6363, 0x73e2, 0x8481, 0x8cc0, 0x8480, 0x7c40, 0x7c60, 0x7c80, 0x7c81, 0x8482, 
    0x8482, 0x7c63, 0x73e3, 0x73c4, 0x6b86, 0x4aa5, 0x6362, 0x63a2, 0x6383, 0x5b44, 0x6bab, 0x52c9, 0x52c3, 0x73c3, 0x7c04, 0x7bc4, 0x7ba4, 0x83c6, 0x7385, 0x73a5, 
    
    0x4a87, 0x4266, 0x4aa8, 0x636a, 0x5b09, 0x4aa7, 0x4aa7, 0x5b29, 0x52e9, 0x3a47, 0x42a6, 0x4ae6, 0x4b26, 0x4b05, 0x5327, 0x6bcb, 0x8c8f, 0xc638, 0xad95, 0x9cf2, 
    0x7c0f, 0x4aa9, 0x21a5, 0x29e6, 0x4ae9, 0x6bcb, 0x5b6a, 0x3226, 0x2a26, 0x42a8, 0x534a, 0x3aa7, 0x3aa8, 0x4b09, 0x7c4e, 0xa574, 0x6c0f, 0x19e6, 0x2207, 0x4b0b, 
    0x42eb, 0x11c8, 0x0966, 0x2a29, 0x7c31, 0x7430, 0x3268, 0x2227, 0x0986, 0x0166, 0x0146, 0x2207, 0x5b6b, 0x4b0a, 0x09a7, 0x0126, 0x0147, 0x19c8, 0x11c8, 0x11a8, 
    0x2208, 0x42cb, 0x32ab, 0x224b, 0x22ce, 0x1aef, 0x3370, 0x3b70, 0x332f, 0x1aef, 0x2b0f, 0x3350, 0x6433, 0x5bf2, 0x3b50, 0x334f, 0x334f, 0x3b70, 0x4390, 0x3b70, 
    0x2b30, 0x2b30, 0x1aef, 0x1b0f, 0x2330, 0x2b30, 0x2b30, 0x3bb2, 0x4415, 0x3c77, 0x4498, 0x4497, 0x4497, 0x4497, 0x44b7, 0x4cb8, 0x44b8, 0x4498, 0x3436, 0x1bb4, 
    0x1bb4, 0x23d5, 0x23b4, 0x1bb4, 0x23d4, 0x23d4, 0x2bd4, 0x1394, 0x0373, 0x0373, 0x0373, 0x0353, 0x0373, 0x0373, 0x0373, 0x0353, 0x0353, 0x0b73, 0x1373, 0x1b93, 
    0x23b3, 0x33f3, 0x3c14, 0x33d3, 0x1b93, 0x0353, 0x0353, 0x0b73, 0x23d3, 0x2372, 0x0af0, 0x0acf, 0x0a8e, 0x0a6d, 0x0a4c, 0x022c, 0x024c, 0x022c, 0x022c, 0x024d, 
    0x0a4c, 0x0a2c, 0x0a2b, 0x020b, 0x022b, 0x0a2b, 0x124b, 0x126b, 0x020b, 0x124b, 0x0a2b, 0x124b, 0x1a8c, 0x1a6c, 0x2aec, 0x22ac, 0x1a8c, 0x22ac, 0x434e, 0x53d0, 
    0x5bf0, 0x4b8f, 0x3b4f, 0x330e, 0x4390, 0x4390, 0x3b2f, 0x4b91, 0x53d2, 0x5bd2, 0x9557, 0xef7e, 0xdf3d, 0x7451, 0x2a28, 0x21c6, 0x29c5, 0x4ac6, 0x52c5, 0x4aa5, 
    0x4a86, 0x4286, 0x4265, 0x4aa7, 0x52c8, 0x52c9, 0x5ae9, 0x52c8, 0x4a87, 0x4246, 0x3a25, 0x4245, 0x4aa7, 0x4248, 0x31e7, 0x31e7, 0x4287, 0x52e7, 0x3a45, 0x3a24, 
    0x31e3, 0x31c3, 0x4243, 0x4283, 0x3a63, 0x3a63, 0x4ac3, 0x52e5, 0x4aa4, 0x4263, 0x4243, 0x3203, 0x31c2, 0x3a23, 0x4283, 0x3a23, 0x3223, 0x3a64, 0x3a23, 0x31e3, 
    0x3a22, 0x4263, 0x4a84, 0x4aa4, 0x4264, 0x4243, 0x4a83, 0x4a83, 0x4263, 0x4243, 0x4263, 0x4264, 0x4243, 0x3a23, 0x3a02, 0x4262, 0x5343, 0x3a63, 0x29e2, 0x2182, 
    0x1962, 0x1922, 0x1122, 0x1101, 0x1962, 0x2182, 0x4aa4, 0x29c2, 0x1141, 0x1101, 0x1121, 0x1142, 0x1121, 0x1102, 0x1102, 0x1122, 0x1942, 0x1922, 0x1942, 0x10e1, 
    0x1122, 0x1922, 0x1122, 0x1121, 0x1982, 0x1941, 0x1984, 0x19e9, 0x09ea, 0x11ea, 0x3acd, 0x3aac, 0x2a4b, 0x222b, 0x3aac, 0x2a4a, 0x222a, 0x09a7, 0x09c7, 0x11e8, 
    0x0987, 0x0147, 0x0948, 0x2a0a, 0x2a49, 0x4b26, 0x5b22, 0x6382, 0x6bc1, 0x7400, 0x7420, 0x7c80, 0x84a0, 0x7c80, 0x84a0, 0x7460, 0x7c81, 0x7c83, 0x7c85, 0x7c45, 
    0x73e4, 0x6b82, 0x6ba1, 0x6382, 0x6364, 0x4aa4, 0x6382, 0x6c01, 0x84a7, 0x7448, 0x5b28, 0x5b26, 0x6b63, 0x6322, 0x6b83, 0x6b64, 0x6b65, 0x62e4, 0x62e5, 0x6304, 
    
    0x7c2e, 0x6b8b, 0x73ed, 0x8c70, 0x7c2e, 0x634a, 0x4266, 0x4aa7, 0x4aa7, 0x5b4b, 0x846f, 0x6bcb, 0x4ac6, 0x4ac5, 0x4ae6, 0x42a5, 0x3a45, 0x740d, 0xce79, 0xbdf7, 
    0x9d13, 0x6bad, 0x29e6, 0x19a5, 0x19a5, 0x3266, 0x4b08, 0x3267, 0x3226, 0x2a26, 0x21e6, 0x21e6, 0x2206, 0x19c6, 0x3a88, 0x740d, 0x8cd0, 0x7c70, 0x8491, 0x94f3, 
    0x9d33, 0x8492, 0x63af, 0x42eb, 0x3ac9, 0x6bef, 0x5b8c, 0x2247, 0x1a07, 0x11a7, 0x0126, 0x0106, 0x11a7, 0x3289, 0x2a69, 0x09a7, 0x0126, 0x0967, 0x0987, 0x2229, 
    0x326a, 0x19e8, 0x11c8, 0x1187, 0x19e9, 0x226c, 0x22ce, 0x2b0f, 0x3b50, 0x3350, 0x2b0f, 0x3350, 0x4bd2, 0x53f2, 0x3b70, 0x4bb1, 0x4390, 0x4390, 0x3b70, 0x3b70, 
    0x3370, 0x3350, 0x3370, 0x1b0f, 0x12ef, 0x1aef, 0x1aef, 0x2b50, 0x3b71, 0x3bb2, 0x3c14, 0x3c77, 0x4497, 0x4497, 0x4497, 0x4497, 0x4497, 0x3436, 0x23d5, 0x1bd4, 
    0x1bb4, 0x1bb4, 0x1bb4, 0x1bb4, 0x2bd4, 0x3c15, 0x3415, 0x0b73, 0x0373, 0x0373, 0x0353, 0x0353, 0x0373, 0x0353, 0x0353, 0x0b73, 0x0b53, 0x0353, 0x0b53, 0x1b93, 
    0x2bb3, 0x4414, 0x4c54, 0x2bb3, 0x2bb3, 0x1b93, 0x1b93, 0x2bd3, 0x2b92, 0x1310, 0x02af, 0x0a6d, 0x022c, 0x022c, 0x020c, 0x020c, 0x020c, 0x020c, 0x022c, 0x022c, 
    0x022c, 0x020b, 0x01eb, 0x01cb, 0x020b, 0x126b, 0x32ec, 0x1a6b, 0x0a0b, 0x2aac, 0x124b, 0x01ea, 0x020b, 0x0a4b, 0x2acc, 0x126c, 0x020a, 0x020a, 0x0a2b, 0x1a6b, 
    0x32ed, 0x22ac, 0x020b, 0x020b, 0x126c, 0x1a8c, 0x0a2b, 0x126c, 0x4370, 0x63f2, 0x7c73, 0x8471, 0x63ac, 0x4287, 0x1943, 0x1123, 0x1122, 0x3224, 0x3a45, 0x3205, 
    0x4266, 0x52c7, 0x4a87, 0x4aa7, 0x3a26, 0x3a26, 0x4246, 0x4287, 0x4a88, 0x52c8, 0x4aa8, 0x3a26, 0x4267, 0x4267, 0x3a47, 0x4aa5, 0x4ac4, 0x4283, 0x3a63, 0x3a43, 
    0x4263, 0x4aa3, 0x52e3, 0x4ac3, 0x4283, 0x4263, 0x52e4, 0x52e4, 0x52c4, 0x52c4, 0x4aa4, 0x4243, 0x3a22, 0x4243, 0x2182, 0x21a2, 0x3a83, 0x3a62, 0x4242, 0x4a84, 
    0x52a4, 0x52c4, 0x4243, 0x39e3, 0x3a23, 0x4262, 0x4ac3, 0x52c3, 0x52c3, 0x4aa3, 0x4243, 0x31e2, 0x31c2, 0x3a03, 0x4aa4, 0x5b25, 0x4aa4, 0x08c1, 0x08a1, 0x10e1, 
    0x1962, 0x1102, 0x10e1, 0x1962, 0x1942, 0x1101, 0x1942, 0x08c1, 0x0881, 0x0881, 0x08c1, 0x08c1, 0x1101, 0x1982, 0x1962, 0x2183, 0x21a3, 0x21a2, 0x21a2, 0x21a2, 
    0x21a3, 0x2182, 0x2182, 0x21c3, 0x21e3, 0x1982, 0x2162, 0x1963, 0x1166, 0x2229, 0x530d, 0x3aac, 0x19e9, 0x326b, 0x222a, 0x2a4a, 0x11e8, 0x09c7, 0x09c7, 0x09c8, 
    0x0167, 0x1188, 0x3208, 0x6368, 0x6be5, 0x6ba1, 0x6bc0, 0x7420, 0x7440, 0x7c60, 0x7ca0, 0x7c60, 0x7421, 0x7420, 0x6c00, 0x6c02, 0x7445, 0x7404, 0x6bc5, 0x6b86, 
    0x6364, 0x6ba5, 0x73e6, 0x6bc3, 0x6362, 0x52e5, 0x6382, 0x7421, 0x7c47, 0x6ba9, 0x5b28, 0x6302, 0x5aa0, 0x62e3, 0x6b64, 0x4a83, 0x4222, 0x4222, 0x52a3, 0x6303, 
    
    0x638e, 0x844f, 0x6349, 0x6329, 0x636a, 0x5b2a, 0x52e8, 0x4a87, 0x4286, 0x5b29, 0x638a, 0x5b48, 0x4ac6, 0x4ac5, 0x4ae5, 0x4ac5, 0x42a5, 0x42c6, 0x846f, 0xad94, 
    0xad74, 0xa512, 0x7c0e, 0x530a, 0x19c5, 0x0944, 0x19c6, 0x530a, 0x42e8, 0x2a26, 0x19c6, 0x2207, 0x19c6, 0x11a6, 0x19c6, 0x3267, 0x4b29, 0x6c2c, 0x8cf0, 0x8cf1, 
    0x9511, 0x9531, 0x9530, 0x538a, 0x2206, 0x42e8, 0x63ca, 0x4b48, 0x4307, 0x32c8, 0x0986, 0x0106, 0x0106, 0x11a7, 0x4309, 0x3ae9, 0x19e7, 0x00e6, 0x0146, 0x11a8, 
    0x11a8, 0x0987, 0x0987, 0x0987, 0x0987, 0x328b, 0x434f, 0x3b50, 0x332f, 0x3b70, 0x2b0f, 0x22ee, 0x332f, 0x3b70, 0x334f, 0x3350, 0x334f, 0x2b2f, 0x334f, 0x3b70, 
    0x3b70, 0x2b2f, 0x2b4f, 0x230f, 0x1b0f, 0x1aef, 0x12ef, 0x1b0f, 0x2b50, 0x3350, 0x3371, 0x33b2, 0x3c15, 0x3c77, 0x3c77, 0x3c57, 0x3436, 0x23f5, 0x23d5, 0x23d5, 
    0x13b4, 0x1394, 0x1bb4, 0x1394, 0x1b94, 0x2bd4, 0x1b94, 0x0373, 0x0353, 0x0353, 0x0373, 0x0b73, 0x0353, 0x0353, 0x0b53, 0x0353, 0x0353, 0x0353, 0x0b52, 0x2bb3, 
    0x3bf3, 0x3bf3, 0x4414, 0x2bb3, 0x2b93, 0x2393, 0x2393, 0x1b72, 0x0af0, 0x02af, 0x026d, 0x0a6c, 0x022c, 0x020c, 0x020c, 0x022c, 0x022c, 0x024d, 0x0a4c, 0x022b, 
    0x020b, 0x020b, 0x020b, 0x01eb, 0x020b, 0x124b, 0x228b, 0x124b, 0x124b, 0x124b, 0x01ea, 0x01ea, 0x0a0b, 0x0a2b, 0x020a, 0x020b, 0x01ea, 0x01ea, 0x01ea, 0x020a, 
    0x020b, 0x0a4b, 0x0a2b, 0x01eb, 0x0a4c, 0x126c, 0x022b, 0x0a2b, 0x1a2a, 0x2a07, 0x21a5, 0x1102, 0x0081, 0x1103, 0x1143, 0x2183, 0x1963, 0x1943, 0x29c4, 0x3a46, 
    0x4aa7, 0x4a86, 0x52a7, 0x4aa7, 0x4246, 0x4a87, 0x52c9, 0x5b0a, 0x5b0a, 0x4a87, 0x3a45, 0x4285, 0x4ac6, 0x4aa5, 0x4283, 0x42a2, 0x42a3, 0x3202, 0x29c2, 0x08c1, 
    0x3a42, 0x52e2, 0x4282, 0x4ac4, 0x5365, 0x5344, 0x52e3, 0x52e3, 0x52a4, 0x4a84, 0x52a4, 0x4aa3, 0x3202, 0x29c2, 0x3a63, 0x4b03, 0x4b03, 0x4ac2, 0x4aa3, 0x52a4, 
    0x4a64, 0x3a03, 0x39e2, 0x4243, 0x5303, 0x5343, 0x5323, 0x4aa3, 0x4283, 0x4283, 0x3202, 0x3203, 0x4aa6, 0x6b6a, 0x6bab, 0x6349, 0x29a4, 0x08e1, 0x1102, 0x1101, 
    0x08a1, 0x08c1, 0x1921, 0x29e2, 0x08a1, 0x0060, 0x08a1, 0x0881, 0x08a1, 0x08a1, 0x08c1, 0x08a1, 0x0881, 0x1122, 0x29c3, 0x21a3, 0x1942, 0x1122, 0x2182, 0x2182, 
    0x1942, 0x29c2, 0x29e3, 0x29e3, 0x2a03, 0x1121, 0x1942, 0x1941, 0x1101, 0x1122, 0x21a4, 0x29e6, 0x1144, 0x21e7, 0x2a28, 0x2a07, 0x19e7, 0x11e8, 0x11c7, 0x0967, 
    0x21c8, 0x5b0a, 0x7be7, 0x7c02, 0x73e0, 0x73e0, 0x7440, 0x7c60, 0x7c80, 0x7c61, 0x7421, 0x63a0, 0x63c1, 0x6381, 0x5b62, 0x6384, 0x6be5, 0x6b85, 0x6bab, 0x6b6a, 
    0x7c06, 0x73e7, 0x844c, 0x7404, 0x6be3, 0x5b26, 0x4a62, 0x6bc5, 0x6bc8, 0x5b27, 0x5b26, 0x62e1, 0x7362, 0x6b23, 0x52a4, 0x18e1, 0x31a1, 0x5b02, 0x6362, 0x5b01, 
    
    0x8472, 0x532d, 0x634b, 0x4a87, 0x636b, 0x5b29, 0x5308, 0x4ac7, 0x52e7, 0x4ac7, 0x4ac7, 0x42a6, 0x4ac6, 0x52e6, 0x4ac6, 0x42a5, 0x3a84, 0x3aa5, 0x5b48, 0x7c0d, 
    0x7c2e, 0x844e, 0x9cf1, 0x8c90, 0x5308, 0x3a67, 0x21c6, 0x21e6, 0x42c8, 0x5328, 0x3a67, 0x21e6, 0x42ca, 0x534d, 0x3269, 0x19c6, 0x2206, 0x3ac8, 0x5368, 0x5b88, 
    0x5ba9, 0x742b, 0x746b, 0x640a, 0x3aa7, 0x4308, 0x4327, 0x42e8, 0x19e7, 0x2227, 0x2a68, 0x0966, 0x0106, 0x0126, 0x0987, 0x2a68, 0x4328, 0x19e7, 0x0146, 0x11c9, 
    0x2209, 0x0126, 0x0987, 0x11c8, 0x0147, 0x19e8, 0x3acc, 0x430d, 0x330e, 0x2b0f, 0x332f, 0x22ee, 0x22ee, 0x2b0f, 0x334f, 0x3b70, 0x334f, 0x22ee, 0x230e, 0x334f, 
    0x336f, 0x336f, 0x2b2f, 0x22ef, 0x2b2f, 0x2b2f, 0x232f, 0x230f, 0x2b30, 0x2b50, 0x3370, 0x3b71, 0x3371, 0x33b3, 0x3415, 0x2c15, 0x23d5, 0x1bb4, 0x1bb4, 0x1bb4, 
    0x1394, 0x0b94, 0x23b4, 0x23d4, 0x1393, 0x1393, 0x1373, 0x0373, 0x0373, 0x0353, 0x0b73, 0x0b73, 0x0353, 0x0353, 0x0353, 0x0352, 0x0352, 0x0b52, 0x1b73, 0x2393, 
    0x33d3, 0x3bd3, 0x3bf3, 0x3bf4, 0x33b3, 0x2b73, 0x2373, 0x0af0, 0x02af, 0x024d, 0x022c, 0x022c, 0x022c, 0x022c, 0x020c, 0x022d, 0x024d, 0x022c, 0x020b, 0x020b, 
    0x020b, 0x020b, 0x01eb, 0x020b, 0x0a2b, 0x020a, 0x124b, 0x0a2b, 0x01ea, 0x01ca, 0x09ea, 0x124b, 0x0a0b, 0x122b, 0x020a, 0x01ea, 0x01ea, 0x020a, 0x020a, 0x020a, 
    0x020b, 0x022b, 0x128c, 0x12ac, 0x0a09, 0x11e8, 0x224a, 0x11a7, 0x1123, 0x1943, 0x3205, 0x1943, 0x00a2, 0x08e2, 0x1963, 0x29e3, 0x31e3, 0x3a65, 0x4aa6, 0x4286, 
    0x4245, 0x3204, 0x3a46, 0x52c9, 0x6b6c, 0x73cd, 0x738c, 0x52c8, 0x4287, 0x3a24, 0x4264, 0x4aa3, 0x42a3, 0x4ac2, 0x4ae2, 0x4ac3, 0x2182, 0x2162, 0x3203, 0x21a2, 
    0x3a62, 0x42a2, 0x3a83, 0x4ae4, 0x5b85, 0x5303, 0x4ac3, 0x4242, 0x3a02, 0x4263, 0x4263, 0x3a43, 0x3202, 0x42c3, 0x5343, 0x4b23, 0x4ae3, 0x4ae3, 0x42a2, 0x4262, 
    0x4282, 0x4242, 0x4ac2, 0x6384, 0x5b84, 0x63a4, 0x5304, 0x3a02, 0x31e3, 0x4244, 0x52e7, 0x6b8b, 0x8c70, 0x844f, 0x5b29, 0x4ac6, 0x1962, 0x1101, 0x10e1, 0x0060, 
    0x0040, 0x1942, 0x3223, 0x29e3, 0x1923, 0x1922, 0x1963, 0x08a1, 0x08a1, 0x0081, 0x0040, 0x0040, 0x0060, 0x1102, 0x1982, 0x21a2, 0x1942, 0x08a1, 0x1942, 0x1102, 
    0x0060, 0x10c1, 0x2182, 0x21a2, 0x1962, 0x1101, 0x1102, 0x10e1, 0x1101, 0x1102, 0x1922, 0x1922, 0x10e1, 0x10e1, 0x1102, 0x1942, 0x19a5, 0x11a6, 0x11a7, 0x21c5, 
    0x3a04, 0x6b46, 0x8442, 0x73e0, 0x73e0, 0x7c40, 0x7c80, 0x7c61, 0x7441, 0x6c01, 0x6bc1, 0x63a1, 0x5340, 0x6382, 0x73e6, 0x6bc4, 0x6ba5, 0x846b, 0xa551, 0x8cac, 
    0x73e5, 0x6be2, 0x6c02, 0x6bc3, 0x6be4, 0x5325, 0x4a64, 0x6347, 0x634a, 0x6369, 0x6348, 0x6304, 0x6b02, 0x39a0, 0x31a1, 0x4241, 0x5b22, 0x5b41, 0x5b41, 0x5301, 
    
    0x9d12, 0x7c10, 0x634d, 0x6bad, 0x636c, 0x3226, 0x29e4, 0x3a66, 0x42c7, 0x5329, 0x4ae8, 0x4286, 0x42a6, 0x3a65, 0x3245, 0x3a85, 0x2a25, 0x19c3, 0x3265, 0x6389, 
    0x6369, 0x4286, 0x3a46, 0x4ac9, 0x73eb, 0x5b69, 0x3a87, 0x19a5, 0x21c5, 0x5329, 0x4ae8, 0x2a06, 0x3a88, 0x6bed, 0x740e, 0x3aa8, 0x3aa9, 0x2a47, 0x2206, 0x4b08, 
    0x4328, 0x3288, 0x4b49, 0x5baa, 0x5bca, 0x6c0b, 0x4b48, 0x32a7, 0x3289, 0x4b2a, 0x4b68, 0x32a7, 0x11a6, 0x0146, 0x00e6, 0x0106, 0x2a88, 0x3b08, 0x0987, 0x0967, 
    0x42ec, 0x1a09, 0x0146, 0x1a09, 0x11a8, 0x0106, 0x0146, 0x1a08, 0x32ab, 0x2acd, 0x330f, 0x3b50, 0x330f, 0x2b0e, 0x230e, 0x334f, 0x334f, 0x2b2f, 0x230e, 0x2b2f, 
    0x2b2f, 0x3b6f, 0x334f, 0x230e, 0x230f, 0x2b2f, 0x334f, 0x2b2f, 0x2b2f, 0x2b30, 0x2b2f, 0x3350, 0x4bd2, 0x3b91, 0x3371, 0x33d3, 0x2bf5, 0x23d5, 0x1bb4, 0x1bb4, 
    0x1394, 0x0373, 0x2bd4, 0x4c35, 0x1393, 0x0373, 0x0b73, 0x0b73, 0x0b73, 0x0373, 0x0353, 0x0353, 0x0353, 0x0353, 0x0333, 0x0352, 0x0352, 0x1372, 0x2393, 0x2393, 
    0x33b3, 0x33b3, 0x2b73, 0x33b3, 0x3393, 0x2b73, 0x1b31, 0x02af, 0x026d, 0x020c, 0x020c, 0x01ec, 0x022c, 0x22ae, 0x1aae, 0x0a4c, 0x022c, 0x01eb, 0x01eb, 0x01eb, 
    0x01eb, 0x01ca, 0x01ca, 0x01eb, 0x020b, 0x01ea, 0x01ea, 0x01ca, 0x01ca, 0x01ca, 0x0a0a, 0x0a2b, 0x124b, 0x124b, 0x020a, 0x01ea, 0x01ea, 0x01ea, 0x020b, 0x020b, 
    0x020b, 0x1acc, 0x438c, 0x3ae9, 0x0923, 0x2184, 0x29a5, 0x08a2, 0x08c2, 0x29a5, 0x29e6, 0x1143, 0x29c3, 0x3a44, 0x42a4, 0x52e5, 0x52e5, 0x4aa5, 0x4264, 0x3204, 
    0x31e4, 0x4247, 0x636d, 0x8450, 0x73ac, 0x634a, 0x5ae8, 0x3a25, 0x3a44, 0x4284, 0x42a3, 0x4ae3, 0x4ae2, 0x5302, 0x5323, 0x42a3, 0x1122, 0x3222, 0x42a3, 0x42a3, 
    0x3244, 0x29e3, 0x1962, 0x21a2, 0x42a3, 0x4283, 0x31e2, 0x2161, 0x3a42, 0x4283, 0x1941, 0x08c1, 0x1942, 0x29c2, 0x42c2, 0x4ac3, 0x4ac3, 0x4ae3, 0x4aa3, 0x4283, 
    0x4aa2, 0x52e3, 0x5b44, 0x6384, 0x5304, 0x4aa3, 0x3a23, 0x4285, 0x5b08, 0x6349, 0x73ab, 0x842e, 0x7c2f, 0x6369, 0x29c3, 0x1962, 0x08c1, 0x08a1, 0x0881, 0x0020, 
    0x0060, 0x10e1, 0x3204, 0x29e4, 0x21a4, 0x1922, 0x1942, 0x10e1, 0x08c1, 0x10e1, 0x08a1, 0x0020, 0x10c2, 0x1122, 0x08c1, 0x1942, 0x1962, 0x1922, 0x10e2, 0x0061, 
    0x0040, 0x0000, 0x08a1, 0x1942, 0x08c1, 0x08e1, 0x1122, 0x08a1, 0x1943, 0x29c4, 0x2163, 0x1102, 0x1102, 0x08a1, 0x0880, 0x2162, 0x1962, 0x2184, 0x4285, 0x73a3, 
    0x7c03, 0x7c02, 0x7c22, 0x73c0, 0x7c20, 0x7440, 0x7440, 0x7423, 0x6bc4, 0x6381, 0x5b40, 0x5b41, 0x6ba4, 0x8c8b, 0x7c28, 0x6be2, 0x6bc2, 0x8485, 0x950a, 0x8467, 
    0x6bc2, 0x63c0, 0x7c44, 0x8449, 0x52c4, 0x4265, 0x5b26, 0x6b86, 0x52c8, 0x5b29, 0x4ac8, 0x5ae7, 0x5aa4, 0x39e1, 0x52e2, 0x5b42, 0x5321, 0x5341, 0x5b61, 0x63a1, 
    
    0x73ed, 0x844f, 0x5b0c, 0x636e, 0x5b4d, 0x3a68, 0x19a4, 0x19a4, 0x19c4, 0x3246, 0x5308, 0x4ac7, 0x3a46, 0x2a05, 0x21c4, 0x42a7, 0x63cb, 0x42a6, 0x2a25, 0x2a04, 
    0x4ae8, 0x5b4a, 0x3247, 0x1164, 0x3246, 0x3a87, 0x3aa6, 0x21e5, 0x1185, 0x2a26, 0x19c5, 0x21c5, 0x3246, 0x2a26, 0x532a, 0x63cb, 0x534a, 0x3ac8, 0x2226, 0x2a47, 
    0x42e9, 0x19e6, 0x19e6, 0x1a06, 0x2a67, 0x4308, 0x42e8, 0x4b48, 0x6c0c, 0x7c8d, 0x5be8, 0x4b67, 0x32e7, 0x11c7, 0x0126, 0x0105, 0x0166, 0x11a7, 0x0166, 0x0987, 
    0x2a4a, 0x2a6a, 0x0987, 0x2209, 0x42ec, 0x1167, 0x0106, 0x0147, 0x11a8, 0x4b0d, 0x536f, 0x4350, 0x3b4f, 0x2b0f, 0x22ee, 0x230e, 0x2b2e, 0x2b2e, 0x230e, 0x1aee, 
    0x1ace, 0x22ee, 0x334f, 0x334f, 0x2b2f, 0x2b2f, 0x2b0f, 0x2b0f, 0x2b2f, 0x2b2f, 0x2b2f, 0x230f, 0x4391, 0x5413, 0x43b1, 0x3371, 0x3bd3, 0x4c35, 0x3c15, 0x2bf5, 
    0x0b74, 0x0353, 0x1393, 0x1bb4, 0x0373, 0x0b73, 0x1393, 0x1393, 0x0373, 0x0353, 0x0352, 0x0353, 0x0333, 0x0333, 0x0332, 0x0332, 0x0332, 0x1352, 0x1b72, 0x2372, 
    0x2393, 0x33b3, 0x2372, 0x2352, 0x1b52, 0x1b31, 0x12f0, 0x0a8e, 0x020c, 0x020c, 0x01ec, 0x020c, 0x022c, 0x1a8e, 0x228d, 0x020b, 0x01eb, 0x01eb, 0x01ca, 0x01ca, 
    0x01ca, 0x01ca, 0x01eb, 0x01ea, 0x01ea, 0x01ca, 0x01aa, 0x01aa, 0x01ca, 0x0a0b, 0x01ea, 0x01ea, 0x0a0a, 0x01ea, 0x01ca, 0x01ea, 0x01ea, 0x01ea, 0x020b, 0x01eb, 
    0x0a0a, 0x2268, 0x21e5, 0x1123, 0x1963, 0x1984, 0x08e3, 0x08c3, 0x08e3, 0x29c6, 0x21a5, 0x08e2, 0x1963, 0x29e3, 0x4264, 0x4a64, 0x4264, 0x4263, 0x31e3, 0x31e4, 
    0x52e9, 0x6bac, 0x73ac, 0x5b08, 0x4a85, 0x4a85, 0x4ac5, 0x4aa4, 0x3a43, 0x4264, 0x4ae4, 0x4282, 0x3a42, 0x4ae2, 0x5302, 0x42a2, 0x3a62, 0x3242, 0x3222, 0x3223, 
    0x1122, 0x08e1, 0x1121, 0x29c2, 0x3222, 0x3202, 0x3a42, 0x3a82, 0x2a02, 0x1101, 0x0081, 0x0080, 0x1101, 0x29c2, 0x4aa3, 0x52e4, 0x52c4, 0x4263, 0x3a23, 0x4243, 
    0x4263, 0x4a84, 0x4244, 0x31c3, 0x3a03, 0x4aa6, 0x6bab, 0x7bec, 0x636a, 0x52c6, 0x4a85, 0x6b8a, 0x6368, 0x2a03, 0x08c1, 0x0020, 0x0881, 0x0881, 0x0061, 0x0041, 
    0x0881, 0x08a1, 0x29c4, 0x1122, 0x08c1, 0x08c1, 0x08a1, 0x08c1, 0x08e1, 0x10e1, 0x08e1, 0x10e1, 0x1942, 0x08a1, 0x0000, 0x0020, 0x1102, 0x1123, 0x08c2, 0x0061, 
    0x0061, 0x0881, 0x10e2, 0x1942, 0x1102, 0x0861, 0x2163, 0x29c4, 0x3205, 0x29a4, 0x29a4, 0x2163, 0x2183, 0x21a3, 0x2183, 0x1942, 0x31e3, 0x52e4, 0x73e3, 0x8423, 
    0x8444, 0x8443, 0x73e1, 0x7c00, 0x7420, 0x7420, 0x7422, 0x6383, 0x52c2, 0x4ac1, 0x52e2, 0x5b62, 0x73c8, 0x846c, 0x7c44, 0x7441, 0x7401, 0x7442, 0x6be3, 0x63c2, 
    0x5b61, 0x5b63, 0xa550, 0x8ccc, 0x5b05, 0x4247, 0x4243, 0x4242, 0x4265, 0x4aa7, 0x29a3, 0x31c5, 0x3a25, 0x5b26, 0x5306, 0x3a62, 0x4282, 0x5b61, 0x6be0, 0x7401, 
    
    0x9d12, 0x8c90, 0x5b2a, 0x4aaa, 0x4acb, 0x4acb, 0x1164, 0x1984, 0x1984, 0x1984, 0x3246, 0x4286, 0x3a45, 0x21c5, 0x21e5, 0x21e5, 0x4ae8, 0x5b69, 0x638b, 0x3247, 
    0x4ac8, 0x8c8f, 0x638c, 0x4aea, 0x19c6, 0x2206, 0x4b27, 0x2205, 0x1164, 0x1144, 0x0924, 0x1185, 0x3a87, 0x42c8, 0x3a67, 0x5b6b, 0x5369, 0x3ac7, 0x3267, 0x2a47, 
    0x2207, 0x1a06, 0x19e6, 0x2a47, 0x19e6, 0x19e6, 0x1a06, 0x534a, 0x8cf0, 0x7c8c, 0x6c4a, 0x5be8, 0x4b47, 0x3ac7, 0x2a67, 0x0966, 0x0106, 0x0146, 0x0166, 0x0987, 
    0x2a69, 0x2229, 0x11a7, 0x11a8, 0x42ec, 0x3aac, 0x0947, 0x0127, 0x0148, 0x2a6b, 0x63d0, 0x4b2e, 0x434e, 0x330e, 0x22ce, 0x22ee, 0x2b2f, 0x230e, 0x22ee, 0x22ee, 
    0x230e, 0x2b0f, 0x2b2f, 0x1ace, 0x2b2f, 0x2b0f, 0x4390, 0x53f2, 0x3350, 0x22ef, 0x3350, 0x3b70, 0x3350, 0x43b1, 0x53f2, 0x4bd2, 0x3371, 0x43b2, 0x5434, 0x33f4, 
    0x1393, 0x2bf4, 0x23d4, 0x0353, 0x0353, 0x1393, 0x33f4, 0x23b3, 0x0332, 0x0332, 0x0332, 0x0332, 0x0332, 0x0332, 0x0332, 0x0312, 0x0332, 0x0b52, 0x2373, 0x33b3, 
    0x2b73, 0x2352, 0x1332, 0x1332, 0x1331, 0x1311, 0x12af, 0x0a4c, 0x022c, 0x020c, 0x020c, 0x01ec, 0x020c, 0x020c, 0x01eb, 0x01eb, 0x01eb, 0x01cb, 0x01ca, 0x01aa, 
    0x01ca, 0x01ea, 0x01eb, 0x01ca, 0x01ca, 0x01aa, 0x01aa, 0x01aa, 0x01aa, 0x01ca, 0x01aa, 0x01aa, 0x01aa, 0x01a9, 0x01aa, 0x01aa, 0x01ea, 0x01ea, 0x01c9, 0x09a7, 
    0x1164, 0x1143, 0x00c2, 0x08c3, 0x1123, 0x1103, 0x0903, 0x0904, 0x1104, 0x1124, 0x08e3, 0x0082, 0x10e2, 0x2984, 0x4245, 0x4a65, 0x4243, 0x3a23, 0x4a86, 0x636b, 
    0x5b29, 0x52c7, 0x4a85, 0x4263, 0x4283, 0x4aa3, 0x4aa3, 0x3a63, 0x1942, 0x1922, 0x42c3, 0x21c2, 0x1942, 0x4aa3, 0x4ac4, 0x42a3, 0x42a2, 0x1961, 0x08a1, 0x08c1, 
    0x08e1, 0x2161, 0x31e2, 0x3202, 0x3202, 0x4282, 0x42c2, 0x21c2, 0x08a1, 0x0081, 0x0081, 0x1941, 0x3221, 0x4282, 0x4aa3, 0x4a63, 0x3a03, 0x3a02, 0x4a83, 0x4a84, 
    0x3a03, 0x29c2, 0x1941, 0x29a3, 0x5b29, 0x740c, 0x6b8a, 0x52c6, 0x3a24, 0x29a3, 0x3a45, 0x5b48, 0x42a4, 0x0902, 0x0040, 0x0040, 0x08a1, 0x0061, 0x0040, 0x08a1, 
    0x0881, 0x10e2, 0x1942, 0x08c1, 0x08c1, 0x08a1, 0x0060, 0x08c1, 0x10c1, 0x0881, 0x1121, 0x3243, 0x29e3, 0x1922, 0x1922, 0x1923, 0x2163, 0x08c2, 0x0081, 0x0081, 
    0x08c1, 0x2163, 0x1943, 0x2183, 0x2163, 0x10e2, 0x31c4, 0x3204, 0x2983, 0x10e2, 0x29a3, 0x3a25, 0x3204, 0x3204, 0x3a25, 0x52c6, 0x7bc6, 0x8c45, 0x8444, 0x7c04, 
    0x73e2, 0x73e1, 0x7c02, 0x8425, 0x73e2, 0x7422, 0x6bc4, 0x6366, 0x52e2, 0x6383, 0x63c2, 0x5b81, 0x5b81, 0x6c02, 0x7441, 0x7422, 0x6c03, 0x63a2, 0x63a1, 0x63c0, 
    0x5ba2, 0x846b, 0x9d11, 0x7c4a, 0x73cb, 0x52a9, 0x1942, 0x10c0, 0x2983, 0x4287, 0x29a4, 0x08a1, 0x08c1, 0x4aa7, 0x5b08, 0x29c2, 0x29e1, 0x4b01, 0x6c00, 0x63a1, 
    
    0x5b48, 0x7c2d, 0x846f, 0x9d13, 0x8451, 0x428a, 0x1165, 0x1965, 0x1164, 0x1143, 0x1164, 0x21c4, 0x3225, 0x1984, 0x1164, 0x1984, 0x1164, 0x5b4a, 0x84af, 0x5348, 
    0x4ae7, 0x63aa, 0x5328, 0x4b08, 0x2a46, 0x2a65, 0x5387, 0x3286, 0x3265, 0x2205, 0x0924, 0x0924, 0x3227, 0x4ae9, 0x532a, 0x3a88, 0x3ac8, 0x6c2d, 0x3ac8, 0x19e6, 
    0x11a6, 0x11a6, 0x19e6, 0x3ac8, 0x42e8, 0x3288, 0x2206, 0x2a67, 0x5bca, 0x84ad, 0x84cd, 0x7cac, 0x74ab, 0x6428, 0x53a7, 0x32a8, 0x0966, 0x0126, 0x0966, 0x09a7, 
    0x2a69, 0x430b, 0x2228, 0x0105, 0x326b, 0x5b6f, 0x11c9, 0x0127, 0x0147, 0x0147, 0x3acd, 0x63af, 0x532d, 0x534e, 0x434e, 0x2aac, 0x330d, 0x2aee, 0x22ee, 0x2b2f, 
    0x2b0e, 0x3b50, 0x3b50, 0x12ae, 0x128e, 0x22ee, 0x5bf2, 0x7c94, 0x5c12, 0x3b50, 0x2b2f, 0x4391, 0x3b70, 0x3b70, 0x43b1, 0x4bd2, 0x43b2, 0x3b71, 0x43b2, 0x43d3, 
    0x4c34, 0x4c54, 0x2bb3, 0x23b3, 0x3bf4, 0x4c34, 0x6495, 0x2bd4, 0x0312, 0x0352, 0x0332, 0x0332, 0x0332, 0x0332, 0x0312, 0x0312, 0x0332, 0x0b52, 0x1b52, 0x2b72, 
    0x2b73, 0x1b52, 0x0b11, 0x1331, 0x1b52, 0x1af0, 0x128d, 0x126d, 0x0a4d, 0x020c, 0x020c, 0x020c, 0x022c, 0x020b, 0x01eb, 0x01cb, 0x01ca, 0x01ca, 0x01aa, 0x01aa, 
    0x01eb, 0x01eb, 0x01ca, 0x01aa, 0x01aa, 0x01aa, 0x01aa, 0x01aa, 0x01aa, 0x01aa, 0x01aa, 0x01aa, 0x01aa, 0x01aa, 0x01aa, 0x01ca, 0x01e9, 0x0986, 0x0903, 0x1144, 
    0x1163, 0x08e2, 0x08c3, 0x08c4, 0x00a3, 0x08c2, 0x08a2, 0x08e3, 0x08e3, 0x0061, 0x0082, 0x08c2, 0x29a4, 0x4245, 0x4245, 0x4245, 0x3a24, 0x4aa6, 0x6349, 0x4aa6, 
    0x29c2, 0x4263, 0x4283, 0x4283, 0x4263, 0x29a2, 0x3222, 0x1942, 0x08c2, 0x1962, 0x4ae4, 0x3223, 0x29c2, 0x3a23, 0x4aa5, 0x4ac6, 0x2182, 0x0040, 0x0020, 0x10e1, 
    0x21a2, 0x3222, 0x29c2, 0x21a2, 0x3202, 0x3a82, 0x1982, 0x0040, 0x0020, 0x0060, 0x1941, 0x3222, 0x3a41, 0x29c1, 0x29c1, 0x3202, 0x4aa2, 0x4aa2, 0x31e2, 0x29a1, 
    0x2181, 0x3222, 0x4263, 0x42a4, 0x52e6, 0x52e5, 0x4264, 0x3a02, 0x2182, 0x3a28, 0x638b, 0x42c5, 0x1122, 0x00a1, 0x0081, 0x08e2, 0x08a1, 0x08e1, 0x08a1, 0x1122, 
    0x1963, 0x1102, 0x10c1, 0x10e1, 0x1963, 0x1963, 0x1122, 0x1122, 0x08c1, 0x1942, 0x3203, 0x3223, 0x1942, 0x1962, 0x2183, 0x21a3, 0x29e4, 0x2183, 0x08c1, 0x0881, 
    0x10e1, 0x31e5, 0x29c4, 0x29c4, 0x29c4, 0x31c4, 0x31e5, 0x2143, 0x1922, 0x1102, 0x1102, 0x29c3, 0x29c3, 0x4a85, 0x73a6, 0x8c45, 0x8424, 0x8404, 0x8425, 0x7c23, 
    0x73e0, 0x7c22, 0x7c24, 0x7bc5, 0x6b82, 0x73a5, 0x7c0a, 0x73a9, 0x6ba4, 0x6be2, 0x5b80, 0x63c1, 0x7440, 0x7461, 0x7442, 0x6be2, 0x6be1, 0x6c01, 0x6c21, 0x63e0, 
    0x63e2, 0x7c68, 0x7c67, 0x844c, 0x73ad, 0x4227, 0x1923, 0x0881, 0x1903, 0x3a06, 0x29a5, 0x1923, 0x2983, 0x4ac6, 0x5b46, 0x3a43, 0x29c1, 0x4ae1, 0x63e1, 0x5b61, 
    
    0x29e3, 0x52e7, 0x73ec, 0x846e, 0xb5b5, 0x7c10, 0x1967, 0x0925, 0x1124, 0x00e3, 0x21c6, 0x2a06, 0x21a4, 0x3227, 0x21a5, 0x3a88, 0x532c, 0x740f, 0x94f1, 0x5347, 
    0x3ac4, 0x42e6, 0x4305, 0x4326, 0x3ae5, 0x3ae4, 0x4325, 0x3ac5, 0x3265, 0x2205, 0x0924, 0x0924, 0x19a5, 0x1985, 0x4aca, 0x740e, 0x42c8, 0x42c8, 0x4308, 0x32a6, 
    0x2206, 0x19c6, 0x19a6, 0x19c6, 0x2a26, 0x2a67, 0x2a47, 0x19e6, 0x3ac6, 0x4b47, 0x4328, 0x4308, 0x5be9, 0x748a, 0x6c69, 0x5be9, 0x32c8, 0x09a6, 0x0166, 0x0986, 
    0x0146, 0x3249, 0x3aca, 0x19e8, 0x2229, 0x4b0d, 0x2a4a, 0x0126, 0x0147, 0x0168, 0x11a9, 0x4b0d, 0x5b6e, 0x532d, 0x5b6e, 0x4b2d, 0x328b, 0x32ab, 0x3aec, 0x432e, 
    0x53b0, 0x436f, 0x3b4f, 0x2b0f, 0x0a8d, 0x1aae, 0x2b0f, 0x4b91, 0x5bf2, 0x6433, 0x53d1, 0x3b70, 0x43b1, 0x3b71, 0x3350, 0x3b91, 0x5413, 0x4bd2, 0x43b1, 0x43b2, 
    0x3bb2, 0x3bd3, 0x3bf4, 0x5455, 0x5c75, 0x4c34, 0x4c34, 0x2bd3, 0x1b93, 0x1b93, 0x0332, 0x0332, 0x0312, 0x0312, 0x0312, 0x0332, 0x0332, 0x0312, 0x1b52, 0x2b92, 
    0x2372, 0x0b11, 0x0b11, 0x1b52, 0x1b10, 0x128d, 0x0a4c, 0x020c, 0x01ec, 0x020c, 0x020c, 0x020c, 0x0a2c, 0x020b, 0x01eb, 0x01ca, 0x01ca, 0x01ca, 0x01aa, 0x01ca, 
    0x01eb, 0x01ca, 0x01aa, 0x01ca, 0x01aa, 0x01aa, 0x018a, 0x0189, 0x0189, 0x0189, 0x01aa, 0x01aa, 0x0189, 0x01aa, 0x01ca, 0x01ca, 0x0965, 0x08e2, 0x1103, 0x1103, 
    0x0903, 0x00a2, 0x08e3, 0x08c3, 0x08c3, 0x0082, 0x0062, 0x08c3, 0x0061, 0x0041, 0x08a2, 0x2164, 0x3a06, 0x4a67, 0x3a05, 0x3a24, 0x4aa6, 0x4286, 0x2163, 0x2162, 
    0x4a84, 0x52c4, 0x4aa3, 0x4ae3, 0x42a2, 0x10e1, 0x10e1, 0x0061, 0x2182, 0x3a23, 0x3a23, 0x3202, 0x3a41, 0x4282, 0x4a65, 0x31e3, 0x08a1, 0x0040, 0x1921, 0x2182, 
    0x1962, 0x1962, 0x1962, 0x3203, 0x3a43, 0x4283, 0x29c2, 0x08c1, 0x1901, 0x2182, 0x3202, 0x29c1, 0x29a1, 0x31e1, 0x4282, 0x5b43, 0x5302, 0x3201, 0x21a1, 0x3a62, 
    0x4b03, 0x5324, 0x4283, 0x4263, 0x4aa4, 0x4283, 0x3a23, 0x3203, 0x52c9, 0x8471, 0x7c4b, 0x21a2, 0x0040, 0x00a1, 0x1942, 0x1983, 0x1122, 0x0902, 0x1122, 0x21a3, 
    0x1963, 0x1922, 0x10e1, 0x1943, 0x2163, 0x2183, 0x1963, 0x0880, 0x0040, 0x10e1, 0x21a3, 0x1962, 0x0881, 0x08a1, 0x1122, 0x1942, 0x21a3, 0x29e3, 0x29c3, 0x29e3, 
    0x3224, 0x31e4, 0x29c4, 0x29c4, 0x2163, 0x29a4, 0x2163, 0x2983, 0x1942, 0x1102, 0x10c1, 0x2162, 0x5b06, 0x8ca9, 0x8c26, 0x7bc5, 0x8406, 0x7bc5, 0x8404, 0x7be2, 
    0x7bc3, 0x8425, 0x8446, 0x94cc, 0xa50f, 0x6b4a, 0x842c, 0x7c46, 0x7404, 0x5b61, 0x63c1, 0x7421, 0x7441, 0x7442, 0x63c2, 0x4261, 0x5b81, 0x7482, 0x6c20, 0x63c0, 
    0x6401, 0x7442, 0x63c3, 0x7bcd, 0x7bad, 0x3a26, 0x3a44, 0x3a64, 0x3a45, 0x2184, 0x1924, 0x29a3, 0x4ac5, 0x4284, 0x3a43, 0x42a2, 0x3a61, 0x5341, 0x6c01, 0x6c00, 
    
    0x2a05, 0x29e5, 0x5b49, 0x6369, 0x73cc, 0x844e, 0x532c, 0x1987, 0x2a08, 0x0904, 0x21c7, 0x3247, 0x3227, 0x4aa9, 0x530a, 0x63ab, 0x6beb, 0x7c2f, 0x8c90, 0x740c, 
    0x5368, 0x42e6, 0x4305, 0x4b65, 0x4345, 0x4325, 0x3ac5, 0x21e4, 0x19a4, 0x19c5, 0x19c5, 0x19a5, 0x1184, 0x1185, 0x4aca, 0x8cd0, 0x740b, 0x2205, 0x0964, 0x2225, 
    0x4b47, 0x4b67, 0x3ae6, 0x2205, 0x19c6, 0x19c6, 0x19c6, 0x19c6, 0x19e6, 0x19e6, 0x11a6, 0x1186, 0x2a87, 0x63e9, 0x53a8, 0x5387, 0x53a8, 0x432a, 0x19e8, 0x0146, 
    0x09a6, 0x0966, 0x326a, 0x6bf0, 0x6c10, 0x19e9, 0x1a09, 0x0967, 0x0147, 0x0167, 0x0147, 0x19e9, 0x4b0d, 0x4b0d, 0x4b0d, 0x6bf0, 0x4b2d, 0x1a09, 0x32ab, 0x3acc, 
    0x4b4e, 0x536e, 0x536e, 0x432e, 0x22ee, 0x12ae, 0x12ae, 0x332f, 0x4bb1, 0x5bf2, 0x5c12, 0x53d2, 0x4391, 0x3350, 0x22ef, 0x22ef, 0x3b71, 0x5413, 0x4391, 0x3b71, 
    0x4bd2, 0x43d2, 0x43f3, 0x4c14, 0x4413, 0x33d3, 0x3bf3, 0x3bf3, 0x33d3, 0x23b3, 0x0b32, 0x0b32, 0x1b72, 0x2392, 0x2b92, 0x2bb2, 0x2372, 0x2392, 0x2b92, 0x2372, 
    0x0b11, 0x1331, 0x33b2, 0x3391, 0x0a6d, 0x020c, 0x020c, 0x01ec, 0x020c, 0x020c, 0x020b, 0x022c, 0x01eb, 0x01eb, 0x01cb, 0x01ca, 0x01aa, 0x01aa, 0x01ca, 0x01eb, 
    0x01ca, 0x01aa, 0x01ca, 0x01ca, 0x01aa, 0x0189, 0x0189, 0x0189, 0x0189, 0x0189, 0x01a9, 0x0189, 0x0189, 0x01aa, 0x01aa, 0x0966, 0x08e3, 0x08e2, 0x0903, 0x1103, 
    0x08e4, 0x1104, 0x1144, 0x0903, 0x00a2, 0x00a2, 0x08e3, 0x08e3, 0x08c3, 0x1924, 0x31c5, 0x4246, 0x3a26, 0x3a45, 0x3a24, 0x4aa5, 0x4265, 0x2163, 0x0881, 0x10e1, 
    0x31e3, 0x3202, 0x3a43, 0x4283, 0x3223, 0x08c1, 0x0061, 0x0000, 0x10c1, 0x29a2, 0x31e1, 0x3a41, 0x4281, 0x3a42, 0x4263, 0x31e3, 0x1902, 0x1942, 0x2183, 0x1962, 
    0x2183, 0x1963, 0x08e2, 0x2182, 0x4284, 0x4ac4, 0x3a62, 0x3203, 0x3a43, 0x3202, 0x29e1, 0x31e1, 0x42a2, 0x5b83, 0x5b83, 0x4b02, 0x3a61, 0x3a82, 0x4ac3, 0x4283, 
    0x4263, 0x4263, 0x3a63, 0x4283, 0x4283, 0x3a22, 0x4265, 0x5b4c, 0x73f0, 0x7c4c, 0x5ba5, 0x1981, 0x08e1, 0x2182, 0x3243, 0x4ae4, 0x5347, 0x4b06, 0x4b27, 0x4ae6, 
    0x29c4, 0x1922, 0x0040, 0x1103, 0x1923, 0x0040, 0x1102, 0x1922, 0x1942, 0x2162, 0x29a3, 0x2183, 0x1902, 0x10c1, 0x1922, 0x1102, 0x2183, 0x2162, 0x2183, 0x3a44, 
    0x29e3, 0x10e1, 0x29c4, 0x31e5, 0x1902, 0x1902, 0x1903, 0x10e2, 0x0040, 0x1902, 0x5285, 0x7ba8, 0x8c28, 0x7ba7, 0x7b66, 0x83e7, 0x8c06, 0x83e5, 0x7ba4, 0x7bc5, 
    0x8c45, 0x8443, 0x8c8c, 0xa533, 0x8c90, 0x6ba9, 0x6ba5, 0x6ba3, 0x6bc4, 0x6c02, 0x7422, 0x6382, 0x52e3, 0x5ae4, 0x5b22, 0x5301, 0x5362, 0x5b82, 0x6c04, 0x6c04, 
    0x63c2, 0x63c2, 0x5b63, 0x52c6, 0x6329, 0x3a46, 0x3243, 0x4b05, 0x42a4, 0x29a4, 0x10a2, 0x10e1, 0x3a63, 0x5304, 0x4aa2, 0x5b61, 0x6c00, 0x7461, 0x7441, 0x7441, 
    
    0x3225, 0x29e5, 0x3a46, 0x4ae7, 0x4aa7, 0x3a45, 0x5b4a, 0x4ac9, 0x42aa, 0x1125, 0x08e4, 0x29e8, 0x4acb, 0x21a5, 0x3227, 0x6bec, 0x63c9, 0x5ba9, 0x740d, 0x8470, 
    0x740c, 0x42e5, 0x3ae4, 0x4345, 0x4b85, 0x3b05, 0x19c4, 0x0964, 0x19c5, 0x2205, 0x11a4, 0x11a4, 0x2a26, 0x638d, 0x6bae, 0x63ab, 0x53a8, 0x2205, 0x0103, 0x0924, 
    0x2a25, 0x5bc8, 0x6c28, 0x53a7, 0x5368, 0x3aa7, 0x19c5, 0x11a5, 0x11a5, 0x11a5, 0x11a5, 0x19c6, 0x2247, 0x3ae7, 0x3b07, 0x2a87, 0x2a66, 0x6c2d, 0x63cb, 0x2a67, 
    0x32e8, 0x11c6, 0x0146, 0x19c8, 0x6bcf, 0x5b6e, 0x2229, 0x0987, 0x0126, 0x0127, 0x0147, 0x0968, 0x2a2b, 0x3aac, 0x3a8b, 0x530d, 0x532d, 0x2a6b, 0x2a6b, 0x328b, 
    0x19e9, 0x328b, 0x42ec, 0x534d, 0x5baf, 0x330e, 0x0a8d, 0x1ace, 0x3b30, 0x4b91, 0x4370, 0x4b91, 0x4bb1, 0x3b50, 0x3330, 0x4bb1, 0x3350, 0x43b1, 0x53f2, 0x3370, 
    0x3350, 0x53f2, 0x6c74, 0x4bf3, 0x2372, 0x1b72, 0x2392, 0x2392, 0x1b71, 0x1b52, 0x1b72, 0x33d2, 0x4c33, 0x4c33, 0x4c32, 0x4412, 0x4412, 0x33b2, 0x1331, 0x0b10, 
    0x2371, 0x43d2, 0x4bf3, 0x22ef, 0x01ec, 0x01eb, 0x020c, 0x020c, 0x020c, 0x0a2c, 0x0a2c, 0x01eb, 0x01cb, 0x01eb, 0x01ca, 0x01aa, 0x01aa, 0x01aa, 0x01ea, 0x01ca, 
    0x01a9, 0x01aa, 0x01ca, 0x01ca, 0x01aa, 0x0189, 0x0189, 0x0189, 0x0189, 0x01a9, 0x01a9, 0x01aa, 0x01ca, 0x01c9, 0x0126, 0x08c3, 0x0903, 0x00a2, 0x00a2, 0x1124, 
    0x1965, 0x29c6, 0x1103, 0x0082, 0x0082, 0x0082, 0x00a3, 0x1104, 0x2985, 0x3a06, 0x4246, 0x3a25, 0x31e4, 0x31e4, 0x3a44, 0x3a24, 0x10c1, 0x0040, 0x0881, 0x1102, 
    0x08e1, 0x08c1, 0x29a2, 0x31e3, 0x29c2, 0x2161, 0x1101, 0x10e1, 0x29e2, 0x3241, 0x4282, 0x42a2, 0x42a2, 0x3a43, 0x29e2, 0x29a2, 0x29a3, 0x2183, 0x2163, 0x1942, 
    0x1962, 0x1101, 0x1921, 0x21a1, 0x3a62, 0x4ac5, 0x3a63, 0x4284, 0x3a42, 0x3a42, 0x4aa3, 0x5324, 0x5323, 0x3a42, 0x29c1, 0x29c2, 0x3a43, 0x42a3, 0x4284, 0x3a03, 
    0x3a43, 0x4283, 0x3a42, 0x31e2, 0x3202, 0x5307, 0x636c, 0x73cf, 0x84ad, 0x6404, 0x4302, 0x42e3, 0x4304, 0x42a3, 0x4b24, 0x5365, 0x5b85, 0x5b66, 0x4b05, 0x42c5, 
    0x29e4, 0x1102, 0x0881, 0x10c2, 0x08c2, 0x0020, 0x1902, 0x29c3, 0x31e3, 0x29c3, 0x29a3, 0x2163, 0x2163, 0x2163, 0x21a3, 0x10e2, 0x08a1, 0x1922, 0x3244, 0x3224, 
    0x0060, 0x0061, 0x1942, 0x1922, 0x10e2, 0x0881, 0x0881, 0x0040, 0x2923, 0x6b27, 0x8c09, 0x7348, 0x62a6, 0x6ae7, 0x83c7, 0x83e5, 0x7364, 0x7b86, 0x7b66, 0x7bc5, 
    0x8445, 0x6366, 0x52eb, 0x73e9, 0x6ba4, 0x6bc4, 0x63a2, 0x6bc1, 0x7442, 0x7c82, 0x7402, 0x73e4, 0x7406, 0x6346, 0x52c6, 0x63a6, 0x4ae6, 0x3202, 0x6be8, 0x84c9, 
    0x6c25, 0x5b84, 0x63c5, 0x6bc5, 0x6368, 0x3a05, 0x3223, 0x4ae7, 0x2184, 0x18e2, 0x0861, 0x0881, 0x2181, 0x3a62, 0x3a21, 0x3a60, 0x5361, 0x63c1, 0x63a3, 0x63c4, 
    
    0x1983, 0x3a46, 0x73ce, 0x73ae, 0x52ea, 0x4288, 0x7c0e, 0x636b, 0x3a47, 0x3206, 0x29e8, 0x1987, 0x1126, 0x1125, 0x1124, 0x21a6, 0x32a5, 0x4344, 0x5388, 0x534a, 
    0x4307, 0x4305, 0x3ac4, 0x32a4, 0x3ac5, 0x2a45, 0x19c5, 0x1184, 0x1164, 0x11a4, 0x11a4, 0x1184, 0x3aa8, 0x8470, 0x6c2b, 0x6c2c, 0x53a9, 0x2a65, 0x2a47, 0x19c6, 
    0x0124, 0x3267, 0x746d, 0x742b, 0x63c9, 0x742a, 0x4b08, 0x2206, 0x11a5, 0x19c6, 0x11c6, 0x19e6, 0x2226, 0x1a06, 0x2206, 0x19e6, 0x19c6, 0x4309, 0x4b48, 0x32e7, 
    0x32c7, 0x2226, 0x11c6, 0x0125, 0x19c8, 0x6bcf, 0x7450, 0x3aca, 0x0146, 0x0126, 0x0968, 0x0988, 0x19ea, 0x532e, 0x638f, 0x4b0d, 0x3aab, 0x4b0d, 0x5baf, 0x432d, 
    0x222a, 0x11e9, 0x09c9, 0x224b, 0x4b0d, 0x63af, 0x434f, 0x128d, 0x2ace, 0x53b1, 0x53d1, 0x53b1, 0x6c53, 0x53d2, 0x4bb1, 0x7493, 0x84d5, 0x6433, 0x5c12, 0x53f2, 
    0x3370, 0x1aef, 0x3bb1, 0x43d2, 0x2371, 0x1331, 0x0b11, 0x1331, 0x2392, 0x33d2, 0x2b92, 0x3bd2, 0x43f2, 0x3bf2, 0x3bd2, 0x2b91, 0x2371, 0x1310, 0x02f0, 0x2351, 
    0x3bb2, 0x43d2, 0x3370, 0x0a2c, 0x01eb, 0x020c, 0x022c, 0x01eb, 0x020b, 0x0a2c, 0x01eb, 0x01cb, 0x01eb, 0x01ca, 0x01aa, 0x01aa, 0x01aa, 0x01ca, 0x01ca, 0x0189, 
    0x01a9, 0x01aa, 0x01aa, 0x01a9, 0x0169, 0x0189, 0x01aa, 0x01a9, 0x01a9, 0x01ca, 0x01ca, 0x01ea, 0x0167, 0x00e4, 0x08e2, 0x1143, 0x00a2, 0x0062, 0x1124, 0x21a5, 
    0x4289, 0x21a6, 0x00c3, 0x00c2, 0x08c2, 0x00a2, 0x1923, 0x2163, 0x29a4, 0x4226, 0x4246, 0x3a25, 0x4245, 0x3a45, 0x2183, 0x1102, 0x08a1, 0x0061, 0x08a1, 0x08e2, 
    0x0061, 0x0020, 0x1941, 0x2181, 0x1941, 0x29c2, 0x3a22, 0x3a42, 0x4282, 0x3a42, 0x3a62, 0x4262, 0x3a42, 0x31e3, 0x31e3, 0x29a3, 0x1102, 0x1102, 0x1102, 0x2182, 
    0x29c2, 0x3202, 0x3a62, 0x4282, 0x4282, 0x4262, 0x42a3, 0x4ae4, 0x4ae3, 0x4ae4, 0x52e4, 0x4a84, 0x4265, 0x4245, 0x4244, 0x4283, 0x4284, 0x4244, 0x4245, 0x4a85, 
    0x4284, 0x4265, 0x3a23, 0x4264, 0x5b08, 0x73ef, 0x7c10, 0x7c8c, 0x7485, 0x5bc4, 0x5ba7, 0x744b, 0x6c0b, 0x5b89, 0x6c07, 0x6c26, 0x5ba4, 0x4b04, 0x3224, 0x2a04, 
    0x2163, 0x08a1, 0x0061, 0x0861, 0x0881, 0x1903, 0x29c4, 0x31e4, 0x29c3, 0x2163, 0x1922, 0x1922, 0x1102, 0x1922, 0x1922, 0x2182, 0x3a42, 0x4283, 0x29e3, 0x1101, 
    0x10a0, 0x1921, 0x1921, 0x0060, 0x0080, 0x0060, 0x18e2, 0x5246, 0x7ba9, 0x8bea, 0x7348, 0x5a86, 0x62c6, 0x83a8, 0x7ba7, 0x6b05, 0x6b05, 0x7b86, 0x83c6, 0x8427, 
    0x8c6c, 0x5b29, 0x5323, 0x6c02, 0x6bc1, 0x63a1, 0x6bc2, 0x7402, 0x7421, 0x7441, 0x6c02, 0x6be4, 0x7426, 0x6c05, 0x6bc6, 0x52e8, 0x4aa8, 0x3a24, 0x5b46, 0x7c48, 
    0x6bc6, 0x5365, 0x5b44, 0x73a7, 0x7c0b, 0x3a25, 0x29e3, 0x4ac7, 0x4286, 0x3a44, 0x2983, 0x10e2, 0x0881, 0x0860, 0x1101, 0x29c2, 0x3221, 0x1980, 0x21a1, 0x4ac4, 
    
    0x19a3, 0x2a04, 0x6bac, 0x8c71, 0x8450, 0x7c30, 0x8471, 0x5b4b, 0x29c5, 0x2184, 0x3a68, 0x7c0f, 0x29e8, 0x1966, 0x21a7, 0x00a3, 0x1164, 0x3ac5, 0x4b45, 0x4b46, 
    0x4b07, 0x42c6, 0x3264, 0x21e4, 0x1184, 0x21e5, 0x2a45, 0x21e5, 0x1164, 0x0924, 0x19a5, 0x19c5, 0x2206, 0x42c8, 0x53a6, 0x84ce, 0x9532, 0x9532, 0xa575, 0x9513, 
    0x42eb, 0x0944, 0x3a88, 0x744f, 0x7c6e, 0x6c0c, 0x5b8a, 0x532a, 0x534a, 0x2a67, 0x19e5, 0x19e5, 0x19e5, 0x11a5, 0x11a5, 0x2206, 0x2207, 0x2206, 0x2227, 0x2226, 
    0x2a47, 0x430a, 0x32a9, 0x1a26, 0x11c6, 0x1186, 0x2a29, 0x534c, 0x3aca, 0x0986, 0x0947, 0x19c9, 0x0127, 0x19ea, 0x42cd, 0x532e, 0x4b0d, 0x2a29, 0x4aec, 0x8492, 
    0x5baf, 0x1a2a, 0x0188, 0x0148, 0x09c9, 0x42ed, 0x4b2e, 0x4b4f, 0x2aee, 0x330e, 0x3b4f, 0x4b90, 0x7473, 0x6c53, 0x5bf2, 0x6412, 0x7473, 0x53d2, 0x4391, 0x4bb1, 
    0x4bb1, 0x1aef, 0x0aae, 0x1aef, 0x3370, 0x43d1, 0x2371, 0x1b30, 0x33b2, 0x33b2, 0x1b51, 0x2371, 0x2351, 0x1b51, 0x1330, 0x02f0, 0x02d0, 0x0b10, 0x2351, 0x2b71, 
    0x3bb1, 0x3390, 0x1aad, 0x01eb, 0x020b, 0x0a2c, 0x020b, 0x01eb, 0x020b, 0x01cb, 0x01aa, 0x01eb, 0x01ca, 0x01aa, 0x01aa, 0x01aa, 0x01ca, 0x01ca, 0x01aa, 0x01aa, 
    0x01ca, 0x01aa, 0x0189, 0x01a9, 0x09ca, 0x0a0b, 0x01ea, 0x0a0a, 0x0a0a, 0x09ea, 0x09a8, 0x0946, 0x00c3, 0x08e2, 0x2a04, 0x2a24, 0x08e2, 0x21a5, 0x3a27, 0x4aca, 
    0x4ae9, 0x2a04, 0x2a23, 0x29e3, 0x1122, 0x3203, 0x3a24, 0x31e5, 0x4247, 0x52a8, 0x4aa8, 0x4a87, 0x5306, 0x29a3, 0x08c1, 0x0081, 0x0081, 0x08c1, 0x1942, 0x08c1, 
    0x0020, 0x0040, 0x29a2, 0x3202, 0x3223, 0x3203, 0x31e2, 0x3222, 0x3a62, 0x3a22, 0x29e2, 0x3202, 0x4263, 0x4aa4, 0x4284, 0x29c3, 0x1921, 0x21a2, 0x3203, 0x4263, 
    0x4283, 0x4263, 0x4282, 0x4282, 0x4aa3, 0x4ac3, 0x4ae4, 0x4ac4, 0x4283, 0x4284, 0x4264, 0x4264, 0x52c5, 0x6327, 0x6326, 0x6b68, 0x4aa5, 0x4244, 0x39e4, 0x4265, 
    0x52e9, 0x5b4a, 0x6b8a, 0x6b8c, 0x7bf0, 0x8c92, 0x848d, 0x63e4, 0x6be7, 0x6bec, 0x7c2f, 0x844f, 0x7c2b, 0x6be8, 0x6be6, 0x63a5, 0x5b44, 0x5304, 0x3a44, 0x2183, 
    0x1102, 0x08a1, 0x0881, 0x10e1, 0x08a1, 0x29c4, 0x31c4, 0x2162, 0x2163, 0x10e2, 0x08a1, 0x3204, 0x42a4, 0x3a21, 0x3a41, 0x4ae2, 0x6bc2, 0x5322, 0x3221, 0x4261, 
    0x4aa1, 0x4ac1, 0x4281, 0x29a2, 0x31c3, 0x5266, 0x7349, 0x7b69, 0x7b89, 0x7b69, 0x7b68, 0x7b67, 0x7bc6, 0x7b85, 0x7b87, 0x8ba9, 0x7324, 0x7b86, 0x944a, 0x9cad, 
    0x844a, 0x6be3, 0x6be0, 0x6c01, 0x6bc1, 0x6c01, 0x7441, 0x7401, 0x7401, 0x7421, 0x7442, 0x7423, 0x7424, 0x6c40, 0x6c02, 0x3a44, 0x31c5, 0x5308, 0x7c6c, 0x94cf, 
    0x7408, 0x5b45, 0x6366, 0x5ae6, 0x52c6, 0x29a3, 0x21a3, 0x3a65, 0x4aa6, 0x3a65, 0x3204, 0x3203, 0x29e2, 0x1921, 0x2162, 0x1941, 0x0060, 0x0060, 0x1922, 0x2161, 
    
    0x21c4, 0x19a3, 0x3246, 0x8cb1, 0x94d2, 0x7c2f, 0x7c0f, 0x6bcd, 0x19a4, 0x0902, 0x1143, 0x532a, 0x6b8d, 0x21a7, 0x3209, 0x00c4, 0x0904, 0x2a05, 0x2a44, 0x3aa5, 
    0x3aa6, 0x3a66, 0x3266, 0x1184, 0x0944, 0x19c5, 0x19c4, 0x2205, 0x1184, 0x0944, 0x19a5, 0x19c5, 0x1184, 0x2a65, 0x4b65, 0x5386, 0x744d, 0xa575, 0x9d34, 0x7c71, 
    0x742f, 0x2206, 0x00e3, 0x3268, 0x744d, 0x5369, 0x2a46, 0x2206, 0x4b09, 0x3267, 0x2a46, 0x2206, 0x19e6, 0x2206, 0x19c5, 0x11a5, 0x11a5, 0x19e6, 0x2207, 0x11a6, 
    0x2a28, 0x740f, 0x94f2, 0x536b, 0x2a87, 0x11a6, 0x0105, 0x0966, 0x2228, 0x11c7, 0x0986, 0x19c8, 0x2209, 0x0968, 0x2a2a, 0x3a8b, 0x4b2d, 0x42cc, 0x19c8, 0x42ec, 
    0x8cd3, 0x7430, 0x42cc, 0x19e9, 0x0189, 0x11ca, 0x11ca, 0x32ad, 0x3b0e, 0x1aad, 0x1aad, 0x22cd, 0x5c12, 0x7cb4, 0x53d1, 0x332f, 0x3b2f, 0x332f, 0x4b91, 0x4370, 
    0x3b50, 0x4391, 0x3b70, 0x1aee, 0x1aef, 0x43d1, 0x5c32, 0x5411, 0x4bf2, 0x2b71, 0x1b30, 0x1310, 0x1310, 0x1310, 0x0af0, 0x1b30, 0x2370, 0x3390, 0x3370, 0x3370, 
    0x3bb0, 0x2b0e, 0x01eb, 0x020b, 0x0a2c, 0x020b, 0x01eb, 0x01eb, 0x01eb, 0x01aa, 0x01aa, 0x01eb, 0x01aa, 0x01aa, 0x01aa, 0x01aa, 0x01ca, 0x01ca, 0x01ca, 0x01ca, 
    0x01c9, 0x01aa, 0x01aa, 0x0a0b, 0x122b, 0x09ea, 0x01ca, 0x01ca, 0x01a8, 0x0925, 0x00a3, 0x1143, 0x3223, 0x3a64, 0x3a84, 0x3224, 0x3244, 0x4ae8, 0x6b8d, 0x63aa, 
    0x5345, 0x4b03, 0x3a83, 0x3a43, 0x3a43, 0x3a43, 0x3a26, 0x5ac9, 0x6b6b, 0x634a, 0x4aa8, 0x3a45, 0x4285, 0x1922, 0x08a1, 0x08c1, 0x1922, 0x29e2, 0x29a2, 0x1942, 
    0x1922, 0x29a3, 0x3a43, 0x3a43, 0x31e2, 0x1921, 0x1921, 0x3a23, 0x4263, 0x3a23, 0x3a43, 0x4ae4, 0x4ae4, 0x4aa3, 0x4284, 0x4243, 0x4284, 0x4aa4, 0x4284, 0x4284, 
    0x4aa4, 0x52c4, 0x4a84, 0x4263, 0x4263, 0x4243, 0x4283, 0x4ac3, 0x52e4, 0x52c4, 0x4a84, 0x4264, 0x4264, 0x4264, 0x52c6, 0x5ae7, 0x4265, 0x29a3, 0x29a3, 0x52c7, 
    0x7bee, 0x8c70, 0x8450, 0x8c92, 0x94d3, 0x7c2d, 0x4b03, 0x5303, 0x6ba9, 0x740b, 0x7c2a, 0x73c7, 0x6384, 0x5b24, 0x5b04, 0x5ae5, 0x52c5, 0x52c5, 0x52a5, 0x4a84, 
    0x4a64, 0x4243, 0x4a63, 0x4a83, 0x31c2, 0x29a3, 0x2163, 0x0881, 0x0020, 0x0020, 0x0860, 0x3a02, 0x6343, 0x5b21, 0x52e1, 0x4aa1, 0x52e1, 0x5301, 0x5b40, 0x5320, 
    0x5321, 0x5320, 0x6383, 0x7368, 0x8bec, 0x838a, 0x7b49, 0x7329, 0x7b68, 0x83a7, 0x83c7, 0x7ba7, 0x83c8, 0x83a9, 0x83a9, 0x7b69, 0x62e5, 0x7385, 0x8c49, 0x7c27, 
    0x6ba2, 0x7401, 0x7c41, 0x6c01, 0x7421, 0x7440, 0x7441, 0x7441, 0x7421, 0x7441, 0x7441, 0x7441, 0x7c63, 0x7c86, 0x6be7, 0x3224, 0x1903, 0x4aa7, 0x7c6d, 0x7c8b, 
    0x5bc6, 0x4b04, 0x6367, 0x4aa5, 0x31c4, 0x10c1, 0x1942, 0x29e4, 0x3206, 0x2984, 0x18e2, 0x1902, 0x2162, 0x2162, 0x29c3, 0x2983, 0x18e2, 0x2963, 0x2984, 0x1941, 
    
    0x3a25, 0x1983, 0x2a04, 0x7c0e, 0xad94, 0xa554, 0x94d2, 0x7c2f, 0x29e6, 0x0903, 0x29e5, 0x4288, 0x73ed, 0x52cb, 0x3228, 0x0083, 0x00a3, 0x0904, 0x1124, 0x1964, 
    0x21c4, 0x3245, 0x5349, 0x21e6, 0x00e3, 0x0964, 0x3246, 0x1985, 0x0924, 0x1164, 0x0924, 0x00e3, 0x1164, 0x2a65, 0x3ac5, 0x3ae5, 0x32a5, 0x3286, 0x19c6, 0x0924, 
    0x3a67, 0x4b09, 0x1985, 0x00e3, 0x3aa7, 0x3266, 0x21e5, 0x1184, 0x1164, 0x19c5, 0x2225, 0x2a46, 0x11a5, 0x2226, 0x4309, 0x3288, 0x1185, 0x19c6, 0x11a5, 0x11a6, 
    0x2227, 0x2a48, 0x532b, 0x4b4b, 0x2a87, 0x2a67, 0x1a27, 0x0145, 0x0125, 0x11a7, 0x19a7, 0x19c7, 0x3289, 0x2a49, 0x2229, 0x3aab, 0x4b0d, 0x3aab, 0x2229, 0x1187, 
    0x532d, 0x8cb2, 0x8471, 0x7430, 0x7431, 0x430e, 0x1a0b, 0x0189, 0x224c, 0x2acd, 0x4b90, 0x53d1, 0x22ce, 0x2aee, 0x2b0e, 0x332e, 0x2aee, 0x2aee, 0x330f, 0x4390, 
    0x4390, 0x4bb0, 0x6c52, 0x5411, 0x3b6f, 0x3b6f, 0x3b90, 0x2b4f, 0x4bd0, 0x4bf1, 0x4bf1, 0x3390, 0x1b30, 0x1b10, 0x1310, 0x2b50, 0x3370, 0x336f, 0x3370, 0x3b90, 
    0x3bb0, 0x128d, 0x01eb, 0x0a2b, 0x0a2b, 0x01eb, 0x01cb, 0x01cb, 0x01ca, 0x01ca, 0x01cb, 0x01ca, 0x01ca, 0x01aa, 0x01aa, 0x01aa, 0x01ca, 0x01aa, 0x01ca, 0x01ea, 
    0x0a0a, 0x01ea, 0x01aa, 0x01ca, 0x0189, 0x0189, 0x01a9, 0x0168, 0x00e4, 0x0081, 0x08c2, 0x3223, 0x4ae4, 0x4ac4, 0x4264, 0x4265, 0x5b2a, 0x6b8c, 0x6be9, 0x63e5, 
    0x5b84, 0x3242, 0x3222, 0x42c3, 0x3a44, 0x4247, 0x4a69, 0x4227, 0x52c8, 0x4267, 0x29e4, 0x2183, 0x2182, 0x21a2, 0x29c2, 0x3a23, 0x4263, 0x4284, 0x4283, 0x42a4, 
    0x4264, 0x3a03, 0x2982, 0x2162, 0x2163, 0x3a05, 0x4246, 0x5ae7, 0x4a84, 0x4263, 0x4283, 0x4283, 0x3a42, 0x3202, 0x3203, 0x3a43, 0x4aa4, 0x4a84, 0x4284, 0x4264, 
    0x4244, 0x3a03, 0x3a04, 0x3a03, 0x3a03, 0x4263, 0x4aa4, 0x4ac4, 0x4aa3, 0x4a83, 0x4243, 0x3a03, 0x4a64, 0x52a6, 0x52c6, 0x4aa5, 0x4264, 0x3a24, 0x5ac7, 0x840d, 
    0x6b8b, 0x6b2a, 0x842f, 0xa534, 0x7c2e, 0x3223, 0x4281, 0x6c05, 0x7406, 0x6ba4, 0x6383, 0x6b83, 0x6364, 0x52e4, 0x52a5, 0x5ac6, 0x6b29, 0x6b29, 0x5ac7, 0x4a85, 
    0x5284, 0x4a84, 0x4a83, 0x52a4, 0x5b04, 0x4a84, 0x2142, 0x10a0, 0x10a0, 0x2140, 0x39e1, 0x4a61, 0x52a1, 0x4aa1, 0x4aa1, 0x4280, 0x4ac0, 0x5b40, 0x5320, 0x5300, 
    0x5b41, 0x6364, 0x6b28, 0x730a, 0x730a, 0x734a, 0x7329, 0x7b48, 0x83c8, 0x83c7, 0x7ba7, 0x838a, 0x83ac, 0x7b6b, 0x7b69, 0x8beb, 0x8c8a, 0x73e4, 0x7405, 0x73e6, 
    0x7404, 0x7422, 0x7421, 0x7421, 0x7441, 0x7441, 0x7441, 0x7421, 0x7441, 0x7441, 0x7441, 0x7421, 0x6be2, 0x5b67, 0x6389, 0x6baa, 0x3205, 0x3a66, 0x42c4, 0x42c4, 
    0x5365, 0x5b86, 0x6be8, 0x52e5, 0x1922, 0x0060, 0x2163, 0x638b, 0x52e8, 0x1941, 0x1921, 0x2182, 0x3202, 0x1902, 0x10c1, 0x3a04, 0x52c7, 0x4245, 0x4263, 0x31e1, 
    
    0x3225, 0x2a05, 0x1983, 0x29e5, 0x8c90, 0xb5d6, 0xad95, 0x8470, 0x4288, 0x1964, 0x3a46, 0x2a05, 0x3a66, 0x73ad, 0x636c, 0x1966, 0x0083, 0x0063, 0x00a3, 0x1124, 
    0x19a4, 0x2a64, 0x3ac5, 0x4307, 0x19c5, 0x1985, 0x5b2a, 0x1966, 0x0083, 0x0904, 0x0924, 0x00e3, 0x0944, 0x2a45, 0x2225, 0x2225, 0x21e5, 0x19e4, 0x0944, 0x0103, 
    0x0924, 0x3267, 0x42c7, 0x21e5, 0x19a5, 0x1144, 0x0924, 0x21e5, 0x2206, 0x19a5, 0x1184, 0x11a4, 0x2225, 0x2205, 0x3287, 0x3ac8, 0x2206, 0x19e6, 0x11c5, 0x19c6, 
    0x2206, 0x11c6, 0x19c5, 0x2a47, 0x2247, 0x2247, 0x2247, 0x1a07, 0x19c6, 0x19a7, 0x0986, 0x1186, 0x2a68, 0x3ae9, 0x19e7, 0x2a29, 0x6bae, 0x4aec, 0x11a7, 0x0146, 
    0x1188, 0x3a8b, 0x7c30, 0xad95, 0xad95, 0x9514, 0x8cb3, 0x3acd, 0x222b, 0x32ad, 0x4b6f, 0x8d15, 0x3b70, 0x126c, 0x1a8d, 0x3b4f, 0x3b4f, 0x330f, 0x22ee, 0x2aee, 
    0x53f1, 0x5c31, 0x5c11, 0x5c31, 0x5c11, 0x4bd0, 0x3bb0, 0x2b4f, 0x232f, 0x336f, 0x4bf0, 0x4bf1, 0x3bb1, 0x2350, 0x1b0f, 0x232f, 0x336f, 0x3bb0, 0x43b0, 0x5411, 
    0x43b1, 0x0a2c, 0x020b, 0x0a0b, 0x01eb, 0x01cb, 0x01eb, 0x01ca, 0x01aa, 0x01ca, 0x01ca, 0x01aa, 0x01aa, 0x01a9, 0x01ca, 0x01ca, 0x01ca, 0x01aa, 0x01aa, 0x01ea, 
    0x01ea, 0x01a9, 0x0189, 0x0189, 0x0169, 0x0147, 0x0966, 0x1164, 0x08e2, 0x1122, 0x3243, 0x4b04, 0x4ac4, 0x42a4, 0x52e7, 0x6b8c, 0x6bcd, 0x5b86, 0x5ba4, 0x5343, 
    0x3a83, 0x3242, 0x3a62, 0x3a24, 0x52a9, 0x630b, 0x4a88, 0x1102, 0x1102, 0x1942, 0x1942, 0x2182, 0x29c2, 0x4263, 0x4284, 0x4284, 0x4aa5, 0x4aa4, 0x4264, 0x3a04, 
    0x31e4, 0x31e4, 0x3a06, 0x4a87, 0x5b09, 0x73cb, 0x5b28, 0x4265, 0x3a23, 0x3a43, 0x3a43, 0x3a23, 0x31e2, 0x3a23, 0x4264, 0x4a84, 0x4264, 0x4244, 0x3a24, 0x31c3, 
    0x2963, 0x2983, 0x3a04, 0x4264, 0x4284, 0x4aa4, 0x4aa4, 0x4aa4, 0x4aa3, 0x4aa4, 0x4243, 0x4244, 0x6b48, 0x6328, 0x3a04, 0x3a04, 0x31c3, 0x3a04, 0x6329, 0x7bee, 
    0x7bcd, 0x6b6b, 0x8c50, 0x73cd, 0x4265, 0x3a42, 0x63c4, 0x7407, 0x6bc6, 0x6365, 0x6b86, 0x7387, 0x6b46, 0x5b06, 0x4a84, 0x4224, 0x4226, 0x3a05, 0x31c3, 0x31e3, 
    0x31e3, 0x29a2, 0x2162, 0x4244, 0x52e3, 0x52e2, 0x4241, 0x4261, 0x4261, 0x3a21, 0x4261, 0x4260, 0x4ac1, 0x5321, 0x6362, 0x6361, 0x6361, 0x6360, 0x6381, 0x6ba5, 
    0x7388, 0x7b6b, 0x5227, 0x5227, 0x5247, 0x6b09, 0x7b49, 0x7b67, 0x7b67, 0x7b48, 0x6ac7, 0x6288, 0x6ae8, 0x7b49, 0x7baa, 0x8c6c, 0x8caa, 0x6bc5, 0x6363, 0x6be2, 
    0x7442, 0x7441, 0x6c21, 0x7460, 0x7461, 0x7441, 0x7441, 0x7421, 0x6c01, 0x63a2, 0x6be2, 0x6c01, 0x4ac1, 0x3202, 0x73ca, 0x7c2b, 0x3a64, 0x4288, 0x4aa8, 0x3a45, 
    0x6ba9, 0x848c, 0x6ba8, 0x52c7, 0x1902, 0x0860, 0x31e6, 0x6369, 0x5b45, 0x4b03, 0x42c3, 0x3a62, 0x2182, 0x29c4, 0x29c3, 0x42a4, 0x4ae4, 0x3202, 0x3a22, 0x3201, 
    
    0x1163, 0x29e5, 0x21c4, 0x1963, 0x5b2a, 0x94d1, 0x9d13, 0x8c91, 0x636c, 0x29e6, 0x1984, 0x21a4, 0x3226, 0x73ed, 0x8c90, 0x530b, 0x29e8, 0x1966, 0x0083, 0x21c5, 
    0x19c4, 0x2204, 0x3265, 0x3aa6, 0x3a67, 0x1985, 0x4ac9, 0x3a49, 0x00a3, 0x00c3, 0x1164, 0x1185, 0x1164, 0x1184, 0x0923, 0x1164, 0x1164, 0x1184, 0x2205, 0x19c5, 
    0x1184, 0x19a4, 0x2a45, 0x2a46, 0x1184, 0x21e5, 0x1164, 0x1185, 0x2a26, 0x1185, 0x19a5, 0x21e5, 0x1184, 0x11a5, 0x11a5, 0x19e5, 0x2206, 0x11c5, 0x11c5, 0x2a66, 
    0x19e5, 0x11a5, 0x19e6, 0x2a27, 0x19c6, 0x11a6, 0x19e6, 0x1a07, 0x2a88, 0x2a68, 0x0986, 0x0145, 0x42cb, 0x63ed, 0x2aa8, 0x2247, 0x534b, 0x638d, 0x19e8, 0x0987, 
    0x11c7, 0x0126, 0x19c8, 0x7410, 0x7c51, 0x4aeb, 0x7c51, 0x9d54, 0x6bcf, 0x42cc, 0x32ac, 0x53b0, 0x4370, 0x330e, 0x2aee, 0x3b4f, 0x3b4f, 0x2aee, 0x2aee, 0x128d, 
    0x22cd, 0x4bd0, 0x6c72, 0x5c31, 0x53f0, 0x43af, 0x438f, 0x43d0, 0x43b0, 0x336f, 0x230e, 0x3b90, 0x3bb0, 0x2b50, 0x2b2f, 0x3bb0, 0x43b0, 0x43b0, 0x4bf0, 0x6453, 
    0x330f, 0x01eb, 0x01eb, 0x01eb, 0x01ca, 0x01cb, 0x01ca, 0x01aa, 0x01aa, 0x01aa, 0x01aa, 0x01aa, 0x0189, 0x01a9, 0x01ca, 0x01aa, 0x01aa, 0x0189, 0x01aa, 0x01aa, 
    0x01a9, 0x0189, 0x0189, 0x0189, 0x0966, 0x08e2, 0x1102, 0x21a3, 0x2a03, 0x3a83, 0x4b23, 0x4ae4, 0x5306, 0x73ec, 0x7c2e, 0x740b, 0x5b85, 0x5363, 0x42c3, 0x3222, 
    0x3242, 0x3a63, 0x52a7, 0x630a, 0x5aea, 0x3a27, 0x1963, 0x0081, 0x1101, 0x29c2, 0x3a03, 0x4a83, 0x52e4, 0x52e4, 0x4264, 0x3a04, 0x31e4, 0x2983, 0x2984, 0x31c4, 
    0x4226, 0x5ae9, 0x5b0a, 0x52c8, 0x4a86, 0x4244, 0x31e3, 0x29a2, 0x31e3, 0x4285, 0x4244, 0x4264, 0x4a84, 0x4a84, 0x4264, 0x3a04, 0x31a3, 0x2983, 0x29a3, 0x31e3, 
    0x3a03, 0x4244, 0x4284, 0x4264, 0x4264, 0x4a84, 0x52c5, 0x4aa4, 0x52c5, 0x5b06, 0x52e5, 0x4aa4, 0x5ae6, 0x6309, 0x4205, 0x4a26, 0x4a26, 0x4a46, 0x83cc, 0x83cd, 
    0x7b8c, 0x83cc, 0x7bcc, 0x6308, 0x4245, 0x4aa4, 0x52c5, 0x52c7, 0x5287, 0x52a7, 0x5aa8, 0x4a46, 0x4225, 0x6308, 0x4204, 0x2142, 0x10c1, 0x08c0, 0x18e1, 0x1921, 
    0x1922, 0x2122, 0x3a23, 0x5b43, 0x5b22, 0x52e2, 0x5ae1, 0x5ae1, 0x4aa1, 0x4280, 0x4ac1, 0x5321, 0x63a2, 0x73c3, 0x6b61, 0x5ae0, 0x5b00, 0x6b61, 0x7385, 0x734b, 
    0x8bce, 0x730a, 0x62a8, 0x838c, 0x93ed, 0x838b, 0x7b8b, 0x7349, 0x62c7, 0x5a65, 0x41a3, 0x62a6, 0x8c0c, 0x942d, 0x83ec, 0x6b88, 0x6b85, 0x7be7, 0x7403, 0x7461, 
    0x7440, 0x7460, 0x7461, 0x7c81, 0x7481, 0x7441, 0x6c40, 0x6c21, 0x63e1, 0x6383, 0x6b84, 0x73e5, 0x5b25, 0x63a8, 0x7449, 0x5b65, 0x5326, 0x5b2b, 0x7c50, 0x636b, 
    0x636b, 0x6bc8, 0x6386, 0x6387, 0x3a24, 0x08a1, 0x29a5, 0x5b08, 0x5307, 0x6368, 0x4ac5, 0x29c3, 0x3a25, 0x4b05, 0x4b24, 0x3aa3, 0x3a62, 0x4282, 0x5322, 0x63c2, 
    
    0x1143, 0x1983, 0x3226, 0x4aa9, 0x636d, 0x94b2, 0x94b1, 0x9d13, 0x634c, 0x1985, 0x1984, 0x1984, 0x3226, 0x4ae9, 0x73cd, 0x8470, 0x636d, 0x428a, 0x10e4, 0x0903, 
    0x19a5, 0x2a05, 0x2a05, 0x2205, 0x21c4, 0x3247, 0x52ea, 0x632b, 0x2186, 0x0924, 0x21c6, 0x19a5, 0x1164, 0x1164, 0x1144, 0x1164, 0x1984, 0x19a4, 0x2205, 0x1184, 
    0x19c5, 0x21e5, 0x19c4, 0x0944, 0x1984, 0x2a25, 0x3246, 0x2205, 0x1984, 0x1164, 0x2206, 0x4b29, 0x2206, 0x0944, 0x0964, 0x0964, 0x11a5, 0x11c5, 0x11a5, 0x2a86, 
    0x2246, 0x11a5, 0x19c5, 0x19e6, 0x11a5, 0x1185, 0x0985, 0x11a6, 0x19e6, 0x2227, 0x2a47, 0x19e6, 0x4b2c, 0xa574, 0x6c2d, 0x3307, 0x32e8, 0x4b6a, 0x42ea, 0x328a, 
    0x19e8, 0x19e7, 0x0106, 0x1188, 0x6bf0, 0x6c10, 0x4b2c, 0x6bef, 0x534d, 0x534d, 0x3aab, 0x42ec, 0x432e, 0x3b2e, 0x32ee, 0x4b70, 0x5bd1, 0x4b8f, 0x330e, 0x1acd, 
    0x0a8d, 0x1acd, 0x53d0, 0x6451, 0x5c11, 0x53f0, 0x43af, 0x438f, 0x43af, 0x43af, 0x334f, 0x336f, 0x2b4f, 0x230f, 0x43b0, 0x5411, 0x4bd0, 0x3b8f, 0x43af, 0x3b6f, 
    0x020b, 0x01eb, 0x020b, 0x01eb, 0x01ca, 0x01ca, 0x01aa, 0x01aa, 0x01ca, 0x01aa, 0x01aa, 0x01aa, 0x0189, 0x01ca, 0x01aa, 0x01aa, 0x0189, 0x0189, 0x01a9, 0x0189, 
    0x0169, 0x0189, 0x0147, 0x0945, 0x1163, 0x08e2, 0x08e2, 0x1983, 0x42c4, 0x42e3, 0x4ac3, 0x5b68, 0x7c2f, 0x8cb0, 0x6be9, 0x5343, 0x5322, 0x42a2, 0x3a42, 0x3a62, 
    0x4aa5, 0x5b09, 0x6b6c, 0x4247, 0x1102, 0x08c1, 0x08a1, 0x1942, 0x3a23, 0x4244, 0x4264, 0x4a84, 0x4264, 0x4244, 0x31e4, 0x31c4, 0x39e5, 0x3a05, 0x4265, 0x52c7, 
    0x4aa6, 0x4245, 0x31e4, 0x31e3, 0x31e3, 0x31e3, 0x31e4, 0x4245, 0x4a85, 0x52a6, 0x4265, 0x4224, 0x3a04, 0x3a03, 0x3a24, 0x3a04, 0x3a24, 0x4264, 0x4264, 0x4263, 
    0x4263, 0x3a44, 0x4244, 0x4244, 0x4224, 0x4244, 0x4aa5, 0x5ae6, 0x5ae6, 0x5ae6, 0x6327, 0x5ae6, 0x4a45, 0x7329, 0x9c4d, 0xa48f, 0x7b8b, 0x7b6a, 0xa46d, 0x940c, 
    0x7b6a, 0x6b4a, 0x5ac7, 0x4245, 0x39e3, 0x3a04, 0x4225, 0x3a05, 0x4206, 0x4a27, 0x39e5, 0x39e5, 0x31a4, 0x31a3, 0x3183, 0x39e5, 0x4205, 0x39c4, 0x31a4, 0x2984, 
    0x3a04, 0x52e3, 0x6362, 0x6b62, 0x6322, 0x6322, 0x5b01, 0x4aa1, 0x4281, 0x5b62, 0x73e3, 0x7be3, 0x73a4, 0x7343, 0x5ac0, 0x52a0, 0x6b24, 0x8388, 0x8bac, 0x838d, 
    0x9c2e, 0x838b, 0xa48e, 0xb511, 0xb552, 0x6ae9, 0x3164, 0x5227, 0x734a, 0x7328, 0x7b69, 0x9caf, 0x9cd0, 0x7bab, 0x6b27, 0x62e6, 0x7367, 0x8446, 0x7c43, 0x6c21, 
    0x7441, 0x7c81, 0x7460, 0x7441, 0x7461, 0x6c01, 0x6c02, 0x6ba3, 0x6382, 0x5b43, 0x4a44, 0x5aa6, 0x6bc6, 0x6be5, 0x4b21, 0x4b61, 0x5b85, 0x3a26, 0x52c9, 0x6b8c, 
    0x5b29, 0x5b28, 0x5b27, 0x4a84, 0x2182, 0x0880, 0x1903, 0x4a88, 0x4286, 0x42a5, 0x4ac7, 0x3a44, 0x42c3, 0x2a01, 0x29c2, 0x3203, 0x3a23, 0x3a81, 0x3a81, 0x3261, 
    
    0x1984, 0x0943, 0x29c5, 0x842f, 0x8410, 0x8430, 0x9cf2, 0xb5b5, 0x7c2f, 0x1125, 0x1985, 0x3a47, 0x3a47, 0x1983, 0x21c5, 0x638c, 0x7c0f, 0x428a, 0x1125, 0x0062, 
    0x08e3, 0x1985, 0x1164, 0x29e5, 0x21a4, 0x2a26, 0x5b2a, 0x73ad, 0x31e7, 0x1145, 0x1985, 0x1984, 0x1164, 0x19a4, 0x1184, 0x1164, 0x1184, 0x19e4, 0x2225, 0x1984, 
    0x0943, 0x19a4, 0x19c4, 0x1184, 0x19a5, 0x2a26, 0x2a06, 0x21c5, 0x2a05, 0x3a86, 0x3286, 0x3a87, 0x2a26, 0x21e5, 0x19a5, 0x19e5, 0x21e5, 0x2226, 0x11a5, 0x19c5, 
    0x19c5, 0x1185, 0x19e6, 0x2226, 0x2226, 0x1a06, 0x19c6, 0x1185, 0x11a6, 0x19e6, 0x1a07, 0x2a87, 0x3ae9, 0x63cd, 0x7c8e, 0x4349, 0x3b08, 0x3b29, 0x32a8, 0x430a, 
    0x3aca, 0x63ce, 0x2208, 0x0106, 0x326a, 0x94f3, 0x7c71, 0x63ae, 0x5bae, 0x3acb, 0x21e8, 0x2a49, 0x3aab, 0x3aab, 0x32ab, 0x4b8f, 0x53d0, 0x4b8f, 0x4baf, 0x438f, 
    0x332e, 0x22cd, 0x3b4e, 0x53d0, 0x6431, 0x6452, 0x5bf0, 0x53d0, 0x43af, 0x43af, 0x53f0, 0x4bd0, 0x336f, 0x2b2f, 0x53f1, 0x5c31, 0x4bb0, 0x438f, 0x438f, 0x22cd, 
    0x01eb, 0x01eb, 0x01eb, 0x01cb, 0x01cb, 0x01aa, 0x01aa, 0x01aa, 0x01aa, 0x01aa, 0x01aa, 0x01aa, 0x01ca, 0x01ca, 0x01a9, 0x0189, 0x0169, 0x0189, 0x0189, 0x0189, 
    0x0169, 0x0146, 0x0943, 0x1102, 0x08e2, 0x08c2, 0x1142, 0x2a03, 0x3a43, 0x4283, 0x6369, 0x7c4f, 0x7c2d, 0x5b67, 0x5342, 0x42e2, 0x3242, 0x3222, 0x42a3, 0x5b07, 
    0x73cd, 0x73cd, 0x4247, 0x2183, 0x2162, 0x2161, 0x29c2, 0x3a43, 0x3a03, 0x29a3, 0x29a3, 0x31c4, 0x31c4, 0x4245, 0x4a66, 0x4245, 0x3a24, 0x3a05, 0x3a04, 0x4245, 
    0x4245, 0x3a03, 0x3a04, 0x4224, 0x4265, 0x4a86, 0x4a66, 0x4a66, 0x3a05, 0x2963, 0x1922, 0x1922, 0x31a3, 0x3a24, 0x4224, 0x4244, 0x4244, 0x4264, 0x4244, 0x3a24, 
    0x3a04, 0x4244, 0x4a84, 0x4a85, 0x52c6, 0x52c5, 0x52c6, 0x5ac7, 0x5aa6, 0x5286, 0x62e8, 0x6309, 0x5ac7, 0x7369, 0xa46d, 0xb4f0, 0xb510, 0xacae, 0x83aa, 0x62e7, 
    0x52a7, 0x4a66, 0x3a05, 0x3a05, 0x39e4, 0x31c4, 0x31a4, 0x4206, 0x4a47, 0x4206, 0x4a67, 0x634b, 0x4a88, 0x4206, 0x39e5, 0x5266, 0x6b09, 0x734a, 0x734a, 0x6308, 
    0x6b84, 0x7be3, 0x73a3, 0x7b83, 0x7383, 0x73a3, 0x6383, 0x6383, 0x6b83, 0x6b83, 0x6b63, 0x5ac2, 0x5aa1, 0x6b03, 0x7364, 0x7326, 0x8bcc, 0xa46f, 0x9c4f, 0x940e, 
    0xa46f, 0xb4f0, 0x9c6f, 0x5aa9, 0x83cd, 0x734b, 0x5a67, 0x8bac, 0x9c6e, 0x946e, 0x948f, 0x8c2e, 0x7b8a, 0x7368, 0x7ba9, 0x7387, 0x73c6, 0x7c46, 0x6c03, 0x63c1, 
    0x63c2, 0x6bc2, 0x6c00, 0x63e0, 0x63e1, 0x6381, 0x6324, 0x5ac4, 0x52c3, 0x5304, 0x4223, 0x4204, 0x5b26, 0x5342, 0x4300, 0x5380, 0x5b85, 0x4267, 0x39e6, 0x5b09, 
    0x52a8, 0x52a8, 0x4a87, 0x31c4, 0x10a1, 0x0881, 0x2984, 0x2984, 0x2162, 0x3a25, 0x6bab, 0x5b48, 0x3202, 0x2162, 0x3a66, 0x4ae7, 0x3203, 0x1141, 0x08e0, 0x08e0, 
    
    0x19a4, 0x3225, 0x3a46, 0x6bac, 0x73ad, 0x5b0b, 0x8450, 0xa533, 0xa533, 0x428a, 0x08e5, 0x21c6, 0x3206, 0x19a3, 0x1983, 0x21c4, 0x6bad, 0x636d, 0x1167, 0x00c4, 
    0x08e3, 0x08e3, 0x0082, 0x21c6, 0x2a06, 0x1183, 0x3226, 0x738c, 0x31e8, 0x00a4, 0x0083, 0x0944, 0x11a4, 0x1184, 0x11a4, 0x19c4, 0x1164, 0x1184, 0x19a4, 0x19c5, 
    0x1164, 0x0944, 0x1164, 0x19a4, 0x19a5, 0x3247, 0x42a9, 0x3247, 0x3a67, 0x63cb, 0x42e7, 0x19c4, 0x0903, 0x19c5, 0x2205, 0x3246, 0x0924, 0x0944, 0x19c5, 0x19c5, 
    0x1185, 0x1185, 0x19e6, 0x19c5, 0x19c5, 0x1a06, 0x2206, 0x19e6, 0x19c6, 0x19e6, 0x11a6, 0x11a6, 0x19e6, 0x19e6, 0x3ae9, 0x3ae9, 0x2227, 0x32a8, 0x3b08, 0x4309, 
    0x538b, 0x8490, 0x742f, 0x2a49, 0x0126, 0x4b0c, 0x8cb2, 0x5b6d, 0x8471, 0x9d54, 0x6bef, 0x42eb, 0x3aaa, 0x530c, 0x4b0c, 0x5b8d, 0x536d, 0x53af, 0x4bae, 0x4bce, 
    0x4b8e, 0x436e, 0x53d0, 0x53cf, 0x4baf, 0x53f0, 0x5c11, 0x6c53, 0x6432, 0x53f1, 0x53d1, 0x3b6f, 0x22ee, 0x2b2e, 0x43af, 0x4bf0, 0x43af, 0x3b4e, 0x2aed, 0x122b, 
    0x01eb, 0x01eb, 0x01ca, 0x01cb, 0x01aa, 0x01aa, 0x01ca, 0x01aa, 0x0189, 0x01aa, 0x01aa, 0x01ca, 0x01ca, 0x01a9, 0x0189, 0x0189, 0x0168, 0x0168, 0x0169, 0x0168, 
    0x1185, 0x0902, 0x21c3, 0x1122, 0x0061, 0x08c2, 0x21e3, 0x2a22, 0x3a83, 0x63a9, 0x7c2d, 0x63a8, 0x5343, 0x5342, 0x5362, 0x3a82, 0x29e2, 0x4265, 0x6b4a, 0x842f, 
    0x9491, 0x6b6b, 0x39e4, 0x31e3, 0x3a04, 0x4243, 0x4243, 0x3a23, 0x3a23, 0x3a24, 0x3a04, 0x3a04, 0x39e4, 0x39e4, 0x2983, 0x2982, 0x31e3, 0x3a04, 0x39e4, 0x3a24, 
    0x4265, 0x4244, 0x39e4, 0x3a25, 0x39e4, 0x4205, 0x39c5, 0x2143, 0x2142, 0x2162, 0x31c3, 0x4224, 0x4a65, 0x4a85, 0x4a65, 0x4245, 0x4245, 0x4224, 0x39e4, 0x4224, 
    0x4aa5, 0x4aa5, 0x52a6, 0x4a65, 0x4a85, 0x52a5, 0x4a65, 0x5ac7, 0x83cb, 0x83ed, 0x8c0c, 0x8c0c, 0x940c, 0x942c, 0x942d, 0xacf0, 0xa4cf, 0x7baa, 0x5286, 0x4a65, 
    0x4a66, 0x4a46, 0x4205, 0x39e4, 0x4226, 0x5267, 0x5ac9, 0x6b2a, 0x52a8, 0x39e5, 0x4a88, 0x52ca, 0x4248, 0x5ac9, 0x62e9, 0x6b0a, 0x6b4a, 0x6328, 0x6346, 0x6b65, 
    0x6b63, 0x7383, 0x73a4, 0x6b64, 0x6b43, 0x6363, 0x6b83, 0x73a4, 0x6b63, 0x5ae3, 0x4a62, 0x4a64, 0x6b26, 0x8388, 0x838b, 0x8bac, 0x9c2e, 0x940d, 0x8bcc, 0x9c4e, 
    0x9c4e, 0x7b8b, 0x62e9, 0x62c9, 0xacaf, 0xc552, 0xb511, 0xacd0, 0x8bed, 0x5aa9, 0x62ea, 0x5a67, 0x6b07, 0x7ba8, 0x83ea, 0x7bc6, 0x6bc4, 0x6b85, 0x6326, 0x7beb, 
    0x5285, 0x39e2, 0x4b01, 0x5b61, 0x5b61, 0x6ba4, 0x6324, 0x5284, 0x4a86, 0x6368, 0x5b63, 0x4b21, 0x5364, 0x63c7, 0x6403, 0x7486, 0x742a, 0x4288, 0x4248, 0x52c8, 
    0x52a7, 0x4a66, 0x3a45, 0x4266, 0x2184, 0x10c2, 0x2163, 0x31c5, 0x3207, 0x3a27, 0x42a6, 0x4265, 0x29a3, 0x2183, 0x3a44, 0x42c4, 0x21a2, 0x08c0, 0x08a0, 0x08e0, 
    
    0x1962, 0x29a3, 0x3204, 0x3243, 0x29a2, 0x4247, 0x634c, 0x73ad, 0xa533, 0x8c91, 0x29e8, 0x00e3, 0x08e2, 0x1921, 0x2183, 0x1962, 0x3203, 0x6b8b, 0x73cf, 0x5b4c, 
    0x21c6, 0x21a5, 0x08a3, 0x08a3, 0x19a5, 0x19a4, 0x2a06, 0x5309, 0x3a08, 0x08c4, 0x00a4, 0x00a3, 0x08e3, 0x1184, 0x1184, 0x1184, 0x0943, 0x0943, 0x1144, 0x2a06, 
    0x1984, 0x0903, 0x0923, 0x1184, 0x19a5, 0x1985, 0x4ae9, 0x4ac8, 0x21c5, 0x534a, 0x5b69, 0x2a25, 0x08c3, 0x0903, 0x21e5, 0x3246, 0x19a5, 0x0924, 0x1164, 0x1985, 
    0x19a5, 0x1185, 0x1164, 0x19e5, 0x19e5, 0x1185, 0x19c5, 0x2206, 0x2206, 0x2226, 0x2226, 0x1185, 0x0125, 0x0966, 0x11a6, 0x19e6, 0x19e6, 0x19e6, 0x2a67, 0x3ac8, 
    0x4329, 0x4309, 0x4b2a, 0x6bec, 0x2a29, 0x0946, 0x532d, 0x7c30, 0x6bce, 0x94d3, 0xa575, 0x8cd2, 0x6bee, 0x5b6d, 0x328a, 0x3289, 0x42cb, 0x536d, 0x5bcf, 0x4b8e, 
    0x4b8e, 0x436e, 0x436e, 0x332e, 0x3b4e, 0x4baf, 0x53f0, 0x53d0, 0x4390, 0x436f, 0x43af, 0x53f0, 0x438f, 0x3b6e, 0x3b8e, 0x3b6e, 0x332d, 0x22ac, 0x228d, 0x09eb, 
    0x01ca, 0x01eb, 0x01cb, 0x01aa, 0x09eb, 0x09eb, 0x01aa, 0x0189, 0x01aa, 0x01aa, 0x01a9, 0x01ca, 0x01aa, 0x01a9, 0x0189, 0x0147, 0x0105, 0x0105, 0x0986, 0x19c6, 
    0x1963, 0x08e2, 0x1963, 0x1122, 0x1162, 0x1962, 0x21c2, 0x2a02, 0x5327, 0x6bca, 0x63a5, 0x5bc2, 0x5382, 0x4b02, 0x4282, 0x4283, 0x52c7, 0x6b6c, 0x9491, 0x9490, 
    0x6329, 0x31e4, 0x29a3, 0x39e4, 0x4224, 0x3a24, 0x3a24, 0x4a85, 0x4a85, 0x3a04, 0x3a03, 0x3a03, 0x3a23, 0x3a03, 0x4244, 0x4a84, 0x52c5, 0x52e5, 0x4a85, 0x3a24, 
    0x39e4, 0x31a3, 0x31a4, 0x31c4, 0x1922, 0x2143, 0x31a3, 0x3a04, 0x52c5, 0x6326, 0x5b05, 0x5ae5, 0x52c5, 0x52a5, 0x4a65, 0x4a65, 0x4a85, 0x4244, 0x4224, 0x4a64, 
    0x4a64, 0x4264, 0x52a5, 0x4a64, 0x4a63, 0x52c4, 0x6b66, 0x83e9, 0x9c8c, 0xa4ad, 0x9c4b, 0x9c2b, 0xa46c, 0xaccf, 0x9c8e, 0x7bcb, 0x52a6, 0x4244, 0x4224, 0x4245, 
    0x4225, 0x4225, 0x4225, 0x4a46, 0x5a88, 0x62c9, 0x732b, 0x736b, 0x5aa8, 0x4a68, 0x4a68, 0x2985, 0x31c6, 0x5ae9, 0x736a, 0x6328, 0x5ae6, 0x52c4, 0x52a3, 0x52a3, 
    0x4a62, 0x52e2, 0x5302, 0x4aa2, 0x39e1, 0x3a01, 0x52a2, 0x5aa4, 0x62e7, 0x6b28, 0x7b69, 0x940c, 0x9c2d, 0x93ec, 0x7b6b, 0x838c, 0x9c6f, 0x8bee, 0x8bcd, 0x9c6f, 
    0x9c90, 0x62e9, 0x6ae8, 0x9c2e, 0xa4af, 0xacf0, 0xa4d1, 0x9c6e, 0x83ac, 0x5a87, 0x5a66, 0x6b08, 0x7b68, 0x7b88, 0x73a7, 0x6b83, 0x4ac2, 0x6b49, 0x7bcc, 0x6309, 
    0x39e4, 0x2141, 0x31a2, 0x4a62, 0x5302, 0x6383, 0x5ae3, 0x5264, 0x6328, 0x6328, 0x5b46, 0x5341, 0x53a0, 0x63c6, 0x7428, 0x7c8b, 0x7c4b, 0x4aa8, 0x3208, 0x31e5, 
    0x4245, 0x3a45, 0x31c4, 0x1922, 0x08c1, 0x0881, 0x10c1, 0x10c1, 0x2164, 0x3a27, 0x2163, 0x2183, 0x1102, 0x31e4, 0x42c4, 0x3a83, 0x3242, 0x2181, 0x1942, 0x3203, 
    
    0x1101, 0x08a0, 0x1921, 0x29c1, 0x1100, 0x3a25, 0x31e5, 0x2182, 0x636a, 0x6b6a, 0x52c7, 0x2163, 0x08a0, 0x0860, 0x0040, 0x0880, 0x10e0, 0x1920, 0x52a7, 0x7bed, 
    0x4aa9, 0x3225, 0x29c5, 0x0083, 0x00e3, 0x1143, 0x19a4, 0x2a05, 0x5ae9, 0x1946, 0x00e4, 0x0083, 0x00a3, 0x00c3, 0x00c3, 0x00a3, 0x0903, 0x1164, 0x19a4, 0x2a25, 
    0x1163, 0x0903, 0x0103, 0x0924, 0x0944, 0x1985, 0x2a06, 0x21c4, 0x1164, 0x1184, 0x2a26, 0x21e5, 0x1164, 0x00e3, 0x1144, 0x19a5, 0x3246, 0x2a05, 0x00e3, 0x08e3, 
    0x08e3, 0x00e3, 0x1144, 0x2a66, 0x2206, 0x0944, 0x1164, 0x19a5, 0x19c5, 0x19c5, 0x21e6, 0x2a27, 0x2207, 0x1186, 0x1186, 0x11a6, 0x11a6, 0x11a6, 0x19c6, 0x19e6, 
    0x2a67, 0x32a8, 0x2a67, 0x4b69, 0x6c2d, 0x324a, 0x21c8, 0x4acc, 0x5b6e, 0x638e, 0x4aec, 0x7430, 0x9513, 0x84b2, 0x63ae, 0x3aaa, 0x3269, 0x42ca, 0x4b0c, 0x4b4d, 
    0x432d, 0x436d, 0x3b6e, 0x2aed, 0x1aac, 0x22ed, 0x438f, 0x53ef, 0x3b6f, 0x3b6e, 0x5c30, 0x74b3, 0x53ef, 0x438e, 0x3b4d, 0x332d, 0x22ac, 0x228c, 0x122c, 0x01aa, 
    0x01aa, 0x01eb, 0x01ca, 0x01aa, 0x226d, 0x1a4c, 0x01aa, 0x01aa, 0x01ca, 0x01ca, 0x01a9, 0x01a9, 0x01a9, 0x0167, 0x0105, 0x00e4, 0x08e3, 0x1143, 0x42a5, 0x3244, 
    0x08e2, 0x0902, 0x08e2, 0x1983, 0x1982, 0x21c2, 0x42a3, 0x5325, 0x63a8, 0x63a4, 0x63e2, 0x5b82, 0x42a2, 0x3a43, 0x52c6, 0x7bed, 0x9cb1, 0x9cd1, 0x840e, 0x52a7, 
    0x29a3, 0x29a3, 0x31c4, 0x3a24, 0x4245, 0x4245, 0x4245, 0x4245, 0x4244, 0x4264, 0x4ac3, 0x52e4, 0x5b25, 0x5b05, 0x5b05, 0x52e5, 0x4a84, 0x3a04, 0x31c3, 0x31c4, 
    0x39e4, 0x4226, 0x39e5, 0x31c5, 0x3a05, 0x4224, 0x4a85, 0x52a5, 0x5ae5, 0x5ae5, 0x52c5, 0x52a5, 0x52c5, 0x52c5, 0x4a84, 0x4aa5, 0x52c5, 0x4a84, 0x4a84, 0x4aa4, 
    0x4aa3, 0x5b04, 0x5b04, 0x5b05, 0x6b66, 0x8408, 0x8c49, 0x8409, 0x7bc8, 0x7ba8, 0x7b89, 0x7348, 0x6b28, 0x6b48, 0x5ac6, 0x4a64, 0x4224, 0x39e4, 0x31a3, 0x39e4, 
    0x39c4, 0x4a25, 0x62a8, 0x62c8, 0x62a8, 0x6ae9, 0x7b6b, 0x7b8c, 0x5aa9, 0x5aa9, 0x5b08, 0x6347, 0x5b25, 0x52e5, 0x52a5, 0x4aa5, 0x4244, 0x3a03, 0x4223, 0x39e2, 
    0x31c1, 0x31c1, 0x2161, 0x2960, 0x3182, 0x4a44, 0x62e5, 0x7369, 0x83cb, 0x8bcb, 0xa46e, 0xa46d, 0xa44e, 0x9c0d, 0x8bcd, 0x8c0e, 0x8c70, 0x83ee, 0x940d, 0xacd1, 
    0xa4b0, 0xa48f, 0x9c4d, 0x9c6e, 0x8c2e, 0x83cd, 0x7bac, 0x8c0e, 0x8bed, 0x6b08, 0x7348, 0x7367, 0x7367, 0x7387, 0x73a5, 0x5b42, 0x4262, 0x62e9, 0x944f, 0x4a45, 
    0x31e2, 0x4223, 0x4a24, 0x5ae4, 0x5341, 0x6344, 0x7b68, 0x5aa6, 0x5b45, 0x6388, 0x5b09, 0x6bc8, 0x6c42, 0x63e2, 0x4b06, 0x4ae6, 0x6389, 0x6bcb, 0x3a48, 0x1143, 
    0x2182, 0x29e3, 0x2983, 0x10c1, 0x08a0, 0x10c1, 0x1902, 0x0860, 0x08a2, 0x31e6, 0x31e7, 0x2163, 0x2162, 0x31e2, 0x1941, 0x08c0, 0x2181, 0x3222, 0x3a23, 0x4283, 
    
    0x10e1, 0x0880, 0x08a0, 0x1961, 0x2180, 0x21a0, 0x1960, 0x2180, 0x2180, 0x1941, 0x31e2, 0x18e1, 0x0040, 0x0860, 0x0020, 0x0020, 0x0860, 0x0880, 0x1940, 0x29a2, 
    0x2142, 0x2982, 0x29c3, 0x1962, 0x1965, 0x3207, 0x0903, 0x1164, 0x4a87, 0x3a08, 0x00c4, 0x0083, 0x0062, 0x0083, 0x00c3, 0x00c3, 0x0904, 0x1164, 0x1184, 0x19c4, 
    0x1164, 0x1184, 0x0923, 0x0903, 0x0944, 0x0923, 0x1985, 0x4289, 0x1985, 0x0943, 0x1165, 0x1145, 0x1164, 0x1985, 0x0904, 0x00e3, 0x19a4, 0x3246, 0x21c5, 0x1144, 
    0x1144, 0x1124, 0x1164, 0x21e5, 0x1984, 0x19a5, 0x0903, 0x00e3, 0x1124, 0x1165, 0x1165, 0x21c5, 0x2a26, 0x21c6, 0x19a6, 0x19c6, 0x1185, 0x2207, 0x3aaa, 0x2a28, 
    0x19c6, 0x2227, 0x32c8, 0x32c8, 0x5beb, 0x6c0d, 0x42ea, 0x2208, 0x2a09, 0x3a8a, 0x2a28, 0x2a49, 0x532c, 0x63af, 0xa554, 0x5b8d, 0x3269, 0x3269, 0x2a28, 0x2a48, 
    0x2a49, 0x3aeb, 0x434d, 0x4bae, 0x438e, 0x2aed, 0x332d, 0x53f0, 0x436f, 0x332e, 0x6c72, 0x5c30, 0x43ae, 0x334d, 0x2acc, 0x1a6c, 0x1a6c, 0x2acd, 0x124c, 0x01ca, 
    0x01eb, 0x09ea, 0x01aa, 0x01ca, 0x09eb, 0x09ca, 0x09ea, 0x01ca, 0x01a9, 0x01ca, 0x0189, 0x0189, 0x09a8, 0x0924, 0x08e2, 0x1143, 0x1143, 0x1122, 0x3a64, 0x1983, 
    0x00a2, 0x0081, 0x08e2, 0x21c3, 0x21a2, 0x5306, 0x740b, 0x742a, 0x5b84, 0x5ba1, 0x5322, 0x4aa5, 0x52e8, 0x6b8b, 0x842f, 0x9cd1, 0x844e, 0x5ae8, 0x31a3, 0x2142, 
    0x31a4, 0x4225, 0x4225, 0x4a66, 0x4a87, 0x4225, 0x4244, 0x4245, 0x4a85, 0x52e5, 0x4aa4, 0x4a84, 0x4aa5, 0x4a85, 0x3a04, 0x2983, 0x31a4, 0x31c4, 0x4225, 0x5267, 
    0x5288, 0x5ac8, 0x4a86, 0x5ac7, 0x5ae7, 0x4a85, 0x4a84, 0x4264, 0x4244, 0x4244, 0x4a44, 0x4a84, 0x52c5, 0x52c5, 0x52c4, 0x4ac4, 0x4aa3, 0x4aa3, 0x4aa3, 0x4a83, 
    0x4aa3, 0x5b04, 0x6324, 0x7386, 0x7ba7, 0x6345, 0x52a4, 0x52a4, 0x4a84, 0x52a5, 0x52c6, 0x52a6, 0x4a85, 0x4264, 0x4a44, 0x3a03, 0x31c3, 0x39c4, 0x4a46, 0x5a87, 
    0x5a67, 0x62a8, 0x730a, 0x6b0a, 0x734b, 0x734b, 0x6b0a, 0x5aa9, 0x6b09, 0x6b66, 0x6b84, 0x6364, 0x5b46, 0x6349, 0x632a, 0x632a, 0x5ae9, 0x4a67, 0x31a4, 0x2962, 
    0x2962, 0x10a1, 0x2102, 0x41e4, 0x5ac6, 0x7ba9, 0x8bea, 0x8c0b, 0x83aa, 0x9c4d, 0xa48f, 0x942e, 0x83cc, 0xa48f, 0x9c90, 0x7bad, 0x738c, 0x8bed, 0xacb0, 0xa4b1, 
    0x942f, 0xa48e, 0x8c0b, 0x7bab, 0x840d, 0x83ed, 0x6b09, 0x62a8, 0x6ac9, 0x7307, 0x6b05, 0x62e4, 0x6b25, 0x7be8, 0x7bc7, 0x5302, 0x52e4, 0x39e4, 0x4a26, 0x5ac7, 
    0x4224, 0x5285, 0x7387, 0x6be4, 0x5342, 0x5b24, 0x7ba7, 0x4202, 0x4245, 0x636a, 0x4ae5, 0x6389, 0x848b, 0x6c05, 0x5b66, 0x5b08, 0x5b08, 0x5b69, 0x3225, 0x08e2, 
    0x10e1, 0x1962, 0x29e3, 0x21a2, 0x10e1, 0x0040, 0x2161, 0x1901, 0x1102, 0x2182, 0x1942, 0x1942, 0x31e2, 0x29e2, 0x29e1, 0x21a1, 0x29e1, 0x5b64, 0x7425, 0x6b64, 
    
    0x29a1, 0x2981, 0x2941, 0x2982, 0x3a42, 0x3a42, 0x3a22, 0x4263, 0x4264, 0x2142, 0x1101, 0x0880, 0x08a0, 0x0860, 0x0020, 0x0020, 0x0020, 0x08a0, 0x1921, 0x08a0, 
    0x0040, 0x0880, 0x10c0, 0x1940, 0x4245, 0x5aea, 0x2986, 0x1164, 0x29e5, 0x6b2b, 0x1105, 0x0083, 0x0042, 0x0062, 0x0904, 0x00c3, 0x00c3, 0x1164, 0x19a4, 0x19a4, 
    0x19c4, 0x19c4, 0x19a4, 0x00c2, 0x00e3, 0x1985, 0x2a07, 0x4aca, 0x21a5, 0x1184, 0x1144, 0x08e3, 0x1144, 0x1985, 0x1124, 0x08e3, 0x1144, 0x2a26, 0x3aa7, 0x1984, 
    0x0924, 0x19a5, 0x1164, 0x1124, 0x0903, 0x21e5, 0x3a47, 0x1945, 0x0904, 0x0924, 0x0904, 0x1144, 0x0924, 0x1144, 0x1165, 0x1165, 0x1144, 0x19a5, 0x4aeb, 0x42ca, 
    0x1165, 0x11a5, 0x3aa9, 0x2a67, 0x3267, 0x42e9, 0x3ac8, 0x2a67, 0x2207, 0x2227, 0x3ae9, 0x32a8, 0x19e7, 0x2228, 0x63ae, 0x7c70, 0x6c0f, 0x534c, 0x4b2c, 0x3aca, 
    0x3a89, 0x3289, 0x328a, 0x3b0b, 0x4b8e, 0x53f0, 0x3b4e, 0x2acd, 0x128d, 0x1acd, 0x4b8f, 0x436e, 0x2acc, 0x228c, 0x1a6c, 0x0a2b, 0x2aad, 0x5bd1, 0x4b90, 0x122b, 
    0x1a4b, 0x226b, 0x120b, 0x01ca, 0x018a, 0x01ca, 0x09ea, 0x01aa, 0x01a9, 0x0168, 0x0966, 0x0966, 0x1165, 0x1143, 0x1122, 0x19a3, 0x1983, 0x08e2, 0x1122, 0x0081, 
    0x00a1, 0x1962, 0x2a22, 0x4ae4, 0x63a8, 0x742c, 0x7409, 0x63a4, 0x42a2, 0x4aa4, 0x5b28, 0x6b8a, 0x7bed, 0x840d, 0x7c0c, 0x5b08, 0x31c3, 0x1901, 0x2162, 0x3a05, 
    0x4205, 0x4226, 0x5287, 0x630a, 0x4a47, 0x31e4, 0x31c3, 0x4244, 0x52c5, 0x52a4, 0x4a63, 0x3a23, 0x2982, 0x2142, 0x2122, 0x39e4, 0x4a87, 0x52c8, 0x5ac8, 0x5287, 
    0x5287, 0x4a66, 0x52a6, 0x5ae7, 0x52c5, 0x4a85, 0x4225, 0x4a44, 0x52a5, 0x52c5, 0x4a85, 0x4a64, 0x4a84, 0x4a84, 0x4a63, 0x4262, 0x4a62, 0x5ae3, 0x6324, 0x5b04, 
    0x5b03, 0x5ae3, 0x5b03, 0x6b25, 0x5ae4, 0x4a83, 0x4a83, 0x4a64, 0x4a85, 0x4245, 0x4245, 0x4245, 0x39e4, 0x39e4, 0x31c4, 0x4205, 0x62c8, 0x6ae9, 0x732a, 0x732a, 
    0x732a, 0x734b, 0x7b6b, 0x838c, 0x83cc, 0x83ac, 0x62e9, 0x5285, 0x6b65, 0x6b85, 0x5b24, 0x52c7, 0x738c, 0x7bef, 0x52ca, 0x31c6, 0x3a07, 0x4a68, 0x39e6, 0x31a4, 
    0x3182, 0x3181, 0x7b8a, 0x9c6e, 0x940d, 0xa48f, 0x9c8e, 0x8bec, 0x93ed, 0xa46e, 0x83ac, 0x5a88, 0x41c6, 0x83ee, 0x944f, 0x940e, 0xacd0, 0xbd52, 0xacd1, 0x942e, 
    0x7bab, 0x83ec, 0x9caf, 0x6b8b, 0x6b89, 0x6b28, 0x7309, 0x6ac8, 0x6287, 0x5a84, 0x62e5, 0x8c0a, 0x8409, 0x73a6, 0x6365, 0x5b44, 0x6344, 0x6ba8, 0x7beb, 0x8c8e, 
    0x5307, 0x3a23, 0x6ba5, 0x63a4, 0x6384, 0x6bc4, 0x5b21, 0x52e0, 0x5b07, 0x6b69, 0x52c6, 0x4aa7, 0x4a69, 0x4a67, 0x5287, 0x632a, 0x6bab, 0x638a, 0x21c3, 0x08a0, 
    0x08c1, 0x1941, 0x3223, 0x3aa3, 0x1901, 0x0000, 0x0040, 0x2161, 0x21a1, 0x29e1, 0x3a62, 0x4ac2, 0x42a3, 0x5323, 0x6c02, 0x6c01, 0x63e2, 0x63e2, 0x7424, 0x8cca, 
    
    0x52c3, 0x5ae4, 0x5ae4, 0x6326, 0x6326, 0x5ae4, 0x5ae4, 0x5ac4, 0x5ae4, 0x4a83, 0x1941, 0x0860, 0x0860, 0x0860, 0x0040, 0x0000, 0x0020, 0x0060, 0x08a0, 0x08a0, 
    0x0020, 0x0020, 0x08a0, 0x10c0, 0x29a1, 0x4224, 0x4225, 0x1962, 0x1943, 0x5ac9, 0x4a89, 0x08c4, 0x00a3, 0x0082, 0x08c3, 0x00a3, 0x00c3, 0x0944, 0x1184, 0x1184, 
    0x19c4, 0x19c4, 0x1184, 0x00a2, 0x00c3, 0x3228, 0x21a6, 0x1145, 0x1985, 0x1143, 0x00c2, 0x00c3, 0x08e3, 0x08e3, 0x0904, 0x0904, 0x0903, 0x1144, 0x19a5, 0x1144, 
    0x00c3, 0x1144, 0x1164, 0x1144, 0x00c3, 0x1144, 0x3227, 0x21c6, 0x0904, 0x0083, 0x00a3, 0x00c3, 0x0904, 0x1165, 0x0904, 0x0904, 0x08e4, 0x0904, 0x1984, 0x1985, 
    0x1144, 0x0924, 0x1145, 0x1185, 0x1144, 0x1165, 0x1185, 0x19c5, 0x2a46, 0x2a26, 0x21e6, 0x3287, 0x3287, 0x2a27, 0x1186, 0x3aa9, 0x532b, 0x5b6c, 0x7c71, 0x5b6d, 
    0x21e7, 0x2a07, 0x2a28, 0x1165, 0x19e7, 0x534c, 0x328a, 0x1a28, 0x330c, 0x2acb, 0x2acc, 0x2acd, 0x2acd, 0x434f, 0x2aad, 0x228d, 0x4b90, 0x5bf1, 0x3aed, 0x2a8b, 
    0x3b0d, 0x3b2d, 0x1a6b, 0x0189, 0x09eb, 0x122b, 0x01a9, 0x0189, 0x0188, 0x0125, 0x0903, 0x1143, 0x08e2, 0x08c1, 0x0922, 0x1983, 0x1122, 0x1122, 0x08c1, 0x1102, 
    0x29e2, 0x4b03, 0x5343, 0x5b86, 0x6be9, 0x6385, 0x5303, 0x5b25, 0x6349, 0x6b6a, 0x6b69, 0x6327, 0x5ae6, 0x52a5, 0x31e3, 0x2141, 0x29a3, 0x3a04, 0x5287, 0x6309, 
    0x5ac9, 0x62e9, 0x5aa8, 0x4a87, 0x4246, 0x4245, 0x4223, 0x4263, 0x4a84, 0x4202, 0x2961, 0x2981, 0x2982, 0x29a3, 0x3a24, 0x52a6, 0x4a87, 0x4a66, 0x4225, 0x31a3, 
    0x31a3, 0x4224, 0x4224, 0x4224, 0x4224, 0x4224, 0x4244, 0x5ae5, 0x5b04, 0x52c4, 0x52a4, 0x52a4, 0x52a4, 0x4aa3, 0x52e2, 0x5b22, 0x6344, 0x6b65, 0x6325, 0x52c5, 
    0x4243, 0x4242, 0x4222, 0x4222, 0x4223, 0x39e2, 0x31a2, 0x31a3, 0x4205, 0x3184, 0x2143, 0x2964, 0x31a4, 0x2963, 0x31a4, 0x5a88, 0x732a, 0x732a, 0x732a, 0x7b6b, 
    0x838c, 0x83cd, 0x8bcd, 0x83cc, 0x83ac, 0x7b8c, 0x5ac7, 0x6325, 0x6347, 0x6b8b, 0x6b4b, 0x5aea, 0x632b, 0x4a69, 0x2985, 0x2964, 0x2124, 0x39e6, 0x5267, 0x5ac8, 
    0x6b29, 0x83ca, 0x9c4e, 0x8beb, 0x8c0c, 0xa48f, 0xa4b0, 0xa48f, 0xb4f0, 0xacaf, 0x8bec, 0x734a, 0x734b, 0x83ac, 0x83ac, 0xa48f, 0xbd11, 0xb511, 0x9c6f, 0x940d, 
    0x83ab, 0x6b0a, 0x6b0b, 0x630a, 0x62e7, 0x6ae8, 0x836b, 0x7b4a, 0x72e8, 0x6ae7, 0x942e, 0x942e, 0x7387, 0x5b04, 0x52a4, 0x5b07, 0x6b87, 0x8c6b, 0x9d11, 0x94af, 
    0x636a, 0x21a2, 0x4ac5, 0x7c0a, 0x6ba5, 0x5b62, 0x5b41, 0x5b21, 0x7be8, 0x8449, 0x6388, 0x5b46, 0x4264, 0x2963, 0x3a05, 0x6389, 0x740b, 0x6369, 0x3205, 0x10c1, 
    0x08e1, 0x3225, 0x3204, 0x3224, 0x4267, 0x39e6, 0x2144, 0x2182, 0x29e2, 0x3a03, 0x4282, 0x4283, 0x29c1, 0x3a61, 0x42e2, 0x3a61, 0x4b21, 0x63c2, 0x6c24, 0x9548, 
    
    0x52c4, 0x5b05, 0x5b05, 0x5ac5, 0x5284, 0x52a4, 0x5aa4, 0x4a62, 0x4a41, 0x39e0, 0x2141, 0x0881, 0x0020, 0x0020, 0x0060, 0x0020, 0x0040, 0x0880, 0x10c0, 0x1920, 
    0x0881, 0x0020, 0x08a0, 0x10e0, 0x1940, 0x1100, 0x1100, 0x10c0, 0x08c0, 0x2183, 0x736c, 0x4228, 0x08c4, 0x00a3, 0x08c4, 0x00a3, 0x0082, 0x00a3, 0x00e3, 0x1163, 
    0x19a4, 0x19a4, 0x29e6, 0x10e4, 0x00a3, 0x21a6, 0x1966, 0x0063, 0x08e4, 0x3207, 0x31e8, 0x00a3, 0x08e3, 0x0083, 0x0083, 0x08c3, 0x08e3, 0x1124, 0x1164, 0x1144, 
    0x1144, 0x1124, 0x19a5, 0x1984, 0x08e3, 0x00a3, 0x00c3, 0x1124, 0x21c5, 0x1964, 0x00a3, 0x0083, 0x0083, 0x08e4, 0x0904, 0x1124, 0x21c5, 0x2a45, 0x1164, 0x00c3, 
    0x00c3, 0x0904, 0x0924, 0x1164, 0x0944, 0x00e3, 0x0904, 0x1144, 0x1185, 0x1185, 0x0944, 0x1144, 0x1144, 0x1164, 0x0924, 0x0944, 0x1985, 0x19a5, 0x2a07, 0x1985, 
    0x0924, 0x0924, 0x1144, 0x00e3, 0x08e3, 0x0904, 0x0904, 0x0924, 0x1165, 0x1185, 0x2228, 0x2a6a, 0x328a, 0x3acb, 0x2229, 0x3acc, 0x4b4e, 0x32cc, 0x2a8b, 0x434e, 
    0x432d, 0x3b2d, 0x2acc, 0x122b, 0x2a8c, 0x19e9, 0x0168, 0x0146, 0x0945, 0x00a3, 0x00a2, 0x08a2, 0x08c2, 0x1143, 0x08e2, 0x08c1, 0x0902, 0x1142, 0x21a2, 0x42a4, 
    0x5324, 0x4ae3, 0x42c3, 0x5304, 0x6366, 0x6387, 0x6baa, 0x6baa, 0x6368, 0x5b26, 0x52c5, 0x4243, 0x3a03, 0x31e3, 0x29a3, 0x29a3, 0x4a66, 0x6b09, 0x62c8, 0x5ac8, 
    0x5ac8, 0x5aa8, 0x5ac8, 0x52c8, 0x4a65, 0x31e3, 0x29a2, 0x29c1, 0x3a22, 0x4a83, 0x52c4, 0x6325, 0x5ae6, 0x3a04, 0x3a04, 0x3a04, 0x31e4, 0x31c4, 0x39e4, 0x39e4, 
    0x4223, 0x52c4, 0x52a5, 0x4a85, 0x4244, 0x4264, 0x4a84, 0x4a84, 0x4a83, 0x4a83, 0x4a83, 0x4a83, 0x4aa3, 0x4a82, 0x5301, 0x63a2, 0x5b44, 0x39e3, 0x2141, 0x2142, 
    0x1901, 0x18e1, 0x2142, 0x18e1, 0x10e1, 0x10a0, 0x2143, 0x4206, 0x2944, 0x2944, 0x41e6, 0x5268, 0x5267, 0x5288, 0x5aa9, 0x732b, 0x7b6b, 0x836b, 0x8bac, 0x8bed, 
    0x8bed, 0x8c0d, 0x944e, 0x8c0e, 0x4207, 0x4247, 0x5b08, 0x6b69, 0x5b0b, 0x52cb, 0x4228, 0x52ca, 0x4227, 0x10c2, 0x2984, 0x4226, 0x39e5, 0x62e7, 0x83aa, 0x942d, 
    0x9c8f, 0x9c4e, 0x940c, 0x942d, 0x83ec, 0x7b4a, 0x93ec, 0xacd1, 0xacb0, 0xa490, 0xa4b0, 0xb531, 0xacf1, 0x9c2e, 0xa48f, 0xacd0, 0xa46f, 0x9c4e, 0xa46f, 0xacb0, 
    0x9c2d, 0x730a, 0x49e6, 0x732a, 0xa46f, 0xacaf, 0xa46f, 0x9c4e, 0x93ec, 0x734a, 0x83ce, 0x942e, 0x52c4, 0x52a3, 0x52c5, 0x6327, 0x73a9, 0x8c6d, 0x846d, 0x7c2b, 
    0x5b28, 0x2183, 0x3a65, 0x73e9, 0x6384, 0x5b62, 0x73e5, 0x7c27, 0x94cc, 0x8447, 0x6ba5, 0x4ae3, 0x5304, 0x4a85, 0x5b46, 0x6384, 0x6366, 0x5b29, 0x5b69, 0x3a26, 
    0x2186, 0x29c7, 0x31c6, 0x29a5, 0x2984, 0x31a6, 0x39e6, 0x3a05, 0x31e4, 0x2982, 0x1921, 0x2143, 0x10e1, 0x1961, 0x1941, 0x1121, 0x21e1, 0x3a82, 0x5322, 0x63a2, 
    
    0x73ea, 0x6327, 0x6307, 0x62e7, 0x6308, 0x6306, 0x52c4, 0x52c5, 0x62e7, 0x52a4, 0x3a01, 0x2981, 0x1900, 0x10a0, 0x0880, 0x0040, 0x08a0, 0x1901, 0x1101, 0x1960, 
    0x10e1, 0x0020, 0x08a0, 0x10e1, 0x1961, 0x10c0, 0x0880, 0x1920, 0x0880, 0x08a0, 0x3a25, 0x632b, 0x31c7, 0x1105, 0x10e5, 0x08e4, 0x08c2, 0x08c2, 0x08e3, 0x1942, 
    0x29e4, 0x1983, 0x3a67, 0x3207, 0x0082, 0x0924, 0x3247, 0x21a5, 0x08c3, 0x530c, 0x7c30, 0x4aab, 0x29c7, 0x00a3, 0x0062, 0x0083, 0x0082, 0x1104, 0x1985, 0x19a5, 
    0x1164, 0x0903, 0x1144, 0x1984, 0x1124, 0x0082, 0x00c3, 0x1144, 0x3246, 0x3266, 0x19a5, 0x1124, 0x00a3, 0x0083, 0x0063, 0x0904, 0x3265, 0x21c4, 0x0924, 0x08e4, 
    0x0083, 0x0083, 0x00a3, 0x1124, 0x1144, 0x1144, 0x1184, 0x1164, 0x0944, 0x1164, 0x1164, 0x1164, 0x0904, 0x00e3, 0x1144, 0x1164, 0x1185, 0x0924, 0x0103, 0x0903, 
    0x0944, 0x00e3, 0x00e3, 0x0924, 0x0944, 0x1164, 0x1164, 0x0903, 0x00c3, 0x0923, 0x1164, 0x0903, 0x0924, 0x0944, 0x0924, 0x1144, 0x19c6, 0x1a08, 0x3b0d, 0x432d, 
    0x32cb, 0x3acb, 0x3acb, 0x3acb, 0x19e8, 0x0945, 0x0945, 0x08c2, 0x08a2, 0x08e2, 0x08e2, 0x08e2, 0x1963, 0x1102, 0x0081, 0x0081, 0x21a2, 0x42a3, 0x4ae4, 0x5304, 
    0x4ac4, 0x3a64, 0x4284, 0x5306, 0x73ea, 0x73e9, 0x6346, 0x52a4, 0x4264, 0x4243, 0x3a24, 0x39e4, 0x39e4, 0x31e3, 0x4225, 0x3a04, 0x4a66, 0x5aa7, 0x5267, 0x4a67, 
    0x5288, 0x5ae9, 0x52c8, 0x3a04, 0x29a2, 0x29c1, 0x3221, 0x4aa3, 0x52e4, 0x5b24, 0x6325, 0x52c5, 0x31e3, 0x31a3, 0x3a04, 0x3a24, 0x3a04, 0x3a04, 0x4a65, 0x4244, 
    0x4a64, 0x52c4, 0x4a64, 0x4244, 0x3a24, 0x4244, 0x4224, 0x4224, 0x4223, 0x4243, 0x4a63, 0x4aa3, 0x3a42, 0x3201, 0x3a61, 0x42a2, 0x2981, 0x10c0, 0x08a1, 0x10c0, 
    0x10a0, 0x18e2, 0x2143, 0x1902, 0x10c1, 0x2964, 0x4206, 0x39e6, 0x4226, 0x62e8, 0x62e8, 0x52a7, 0x5aa7, 0x6b29, 0x83ac, 0x8bed, 0x942e, 0x940e, 0x8bec, 0x7bab, 
    0x7b8b, 0x83ed, 0x8c4f, 0x6b8d, 0x3a28, 0x4268, 0x634c, 0x52cb, 0x3a07, 0x2965, 0x2145, 0x4228, 0x31a6, 0x39e5, 0x4a46, 0x62e8, 0x83ca, 0x9c6d, 0x942c, 0x8bcc, 
    0x8bcb, 0x942d, 0x9c6e, 0x9c6f, 0x83ac, 0x8bed, 0xa48f, 0x9c90, 0x8c2e, 0x9c6f, 0xa4b0, 0x942e, 0x940d, 0xa46f, 0x8bed, 0x9c90, 0x9c90, 0x8bac, 0x93cc, 0x7b6b, 
    0x838b, 0xac8f, 0x9c4e, 0xa46f, 0xbd31, 0xbd11, 0xacd0, 0xbd31, 0x9c4e, 0x6aea, 0x734b, 0x736b, 0x52a6, 0x6b27, 0x6b47, 0x7368, 0x842b, 0x6b88, 0x5b06, 0x6ba9, 
    0x4ac7, 0x39e4, 0x4a85, 0x6346, 0x73c5, 0x73c4, 0x5b44, 0x4b04, 0x6ba7, 0x73c8, 0x73a9, 0x6349, 0x52c6, 0x6ba8, 0x73c5, 0x73e5, 0x5304, 0x6387, 0x6bc9, 0x52e8, 
    0x42a9, 0x5b6e, 0x7c31, 0x4a88, 0x10c0, 0x0000, 0x0000, 0x1081, 0x0860, 0x1101, 0x08a0, 0x0880, 0x08a1, 0x1121, 0x1100, 0x1941, 0x1961, 0x1121, 0x29c1, 0x3a41, 
    
    0x9cf1, 0x9d12, 0x840e, 0x6b4a, 0x5ae6, 0x4a84, 0x3a22, 0x5b05, 0x73aa, 0x6307, 0x52c2, 0x52c1, 0x4aa0, 0x4a81, 0x3a21, 0x3200, 0x3a40, 0x4241, 0x52e7, 0x4283, 
    0x29c0, 0x10e0, 0x08c1, 0x08a1, 0x1101, 0x1941, 0x10e0, 0x2181, 0x1940, 0x0880, 0x2181, 0x52e9, 0x5aca, 0x41e7, 0x1905, 0x10e3, 0x08c1, 0x1922, 0x2142, 0x18e1, 
    0x31e3, 0x31e2, 0x3a63, 0x5327, 0x2185, 0x0082, 0x1144, 0x3aa6, 0x1964, 0x2186, 0x6bae, 0x8450, 0x6bae, 0x3a48, 0x1105, 0x0063, 0x0042, 0x00a3, 0x1144, 0x19a5, 
    0x0904, 0x00c3, 0x08c3, 0x1144, 0x1144, 0x1124, 0x0924, 0x0924, 0x2a06, 0x1985, 0x1144, 0x1144, 0x0904, 0x08e3, 0x0062, 0x0904, 0x21c5, 0x0924, 0x00a3, 0x0904, 
    0x1984, 0x08e3, 0x0083, 0x00a3, 0x0904, 0x0924, 0x1164, 0x1184, 0x0924, 0x0103, 0x0944, 0x1164, 0x21c5, 0x3245, 0x19a4, 0x0944, 0x0903, 0x00e3, 0x1144, 0x0944, 
    0x0924, 0x08e3, 0x0903, 0x0904, 0x0923, 0x1144, 0x1184, 0x1984, 0x1144, 0x21e5, 0x3266, 0x19c4, 0x19c4, 0x1164, 0x1164, 0x0923, 0x0944, 0x1184, 0x19c5, 0x21e5, 
    0x21e6, 0x1985, 0x1143, 0x1965, 0x0904, 0x0903, 0x10e2, 0x0081, 0x08c2, 0x1983, 0x1142, 0x08e2, 0x08e2, 0x08c1, 0x08e2, 0x1101, 0x3a62, 0x5b44, 0x52e4, 0x4284, 
    0x4264, 0x4ac6, 0x5b27, 0x5b26, 0x5b45, 0x52e3, 0x4243, 0x3a23, 0x3a04, 0x3a04, 0x31e4, 0x3a04, 0x3a24, 0x3a04, 0x4245, 0x4a86, 0x4a46, 0x4205, 0x4a47, 0x5ae9, 
    0x5b08, 0x4a85, 0x3a22, 0x3a41, 0x42a1, 0x4ae2, 0x4ac2, 0x4263, 0x31e2, 0x2962, 0x2982, 0x4244, 0x4263, 0x4a84, 0x3a43, 0x31e2, 0x31c2, 0x3a24, 0x52c5, 0x5ae5, 
    0x52c5, 0x4aa4, 0x3a03, 0x31a3, 0x39e3, 0x3a24, 0x3a04, 0x4264, 0x4aa4, 0x52c4, 0x4aa4, 0x3a22, 0x29a1, 0x1901, 0x10e1, 0x1921, 0x10e1, 0x18e2, 0x10e1, 0x18e1, 
    0x2142, 0x39c5, 0x39e5, 0x31e4, 0x3a03, 0x5ac5, 0x5b05, 0x5304, 0x6384, 0x5b63, 0x52e3, 0x4ac4, 0x52a5, 0x5ac6, 0x6327, 0x7369, 0x738a, 0x736a, 0x6307, 0x5ac6, 
    0x6328, 0x73ad, 0x4a68, 0x39e6, 0x52a9, 0x4a8a, 0x4a8a, 0x2186, 0x31c7, 0x2966, 0x31c7, 0x2986, 0x4247, 0x736a, 0x83ec, 0x8c0c, 0x946d, 0x944c, 0x8c2c, 0x8c0d, 
    0x8bec, 0x944d, 0x940d, 0x9c4f, 0x942e, 0x9c6f, 0xa4af, 0x9c90, 0x9c8f, 0x9c6e, 0xacd0, 0xacd0, 0xa4b0, 0xacb0, 0x9c4e, 0x942e, 0x940d, 0x9c4e, 0x940d, 0x8bcb, 
    0xacaf, 0xbd31, 0xa48f, 0xacb0, 0x940c, 0x83a9, 0x838a, 0x942e, 0xa490, 0x8c0d, 0x6b29, 0x5aa8, 0x7349, 0x7bab, 0x736a, 0x7bc9, 0x73a8, 0x73cb, 0x8c70, 0x842d, 
    0x4286, 0x4a86, 0x4a65, 0x5b05, 0x7c25, 0x5b43, 0x3221, 0x42c3, 0x42c2, 0x5b44, 0x6ba7, 0x7bec, 0x73aa, 0x8c68, 0x8cc7, 0x9507, 0x6c03, 0x63a3, 0x5324, 0x4ac4, 
    0x4ac4, 0x4ac6, 0x638e, 0x636f, 0x4289, 0x2144, 0x1082, 0x0040, 0x08c0, 0x08e0, 0x08a0, 0x0880, 0x08c0, 0x21a1, 0x21c1, 0x21c1, 0x08e0, 0x1100, 0x29e1, 0x3221, 
    
    0x73aa, 0x8c4e, 0xa532, 0x94f0, 0x5b05, 0x4222, 0x4262, 0x4ac1, 0x52c1, 0x52a1, 0x52e2, 0x52e1, 0x52c1, 0x52e1, 0x52e1, 0x5301, 0x52c1, 0x52c2, 0x6b66, 0x6364, 
    0x52e1, 0x4281, 0x31c0, 0x1940, 0x10e0, 0x1941, 0x08a0, 0x1100, 0x21c1, 0x1920, 0x21a1, 0x6309, 0x7bad, 0x62aa, 0x2164, 0x10c1, 0x08a1, 0x10c1, 0x1901, 0x2142, 
    0x2161, 0x2161, 0x2981, 0x4aa4, 0x4287, 0x1124, 0x0903, 0x1984, 0x1123, 0x08e3, 0x5b2c, 0x7c0f, 0x6bce, 0x638b, 0x3aa6, 0x1164, 0x08e3, 0x0083, 0x00a3, 0x00a3, 
    0x00c3, 0x00c3, 0x08e3, 0x08c3, 0x0903, 0x1164, 0x1144, 0x08e3, 0x1144, 0x08e3, 0x00e3, 0x0904, 0x0944, 0x19c5, 0x3246, 0x3266, 0x21e5, 0x0903, 0x00a3, 0x0903, 
    0x3246, 0x2a05, 0x19a5, 0x1164, 0x19a4, 0x21c4, 0x1164, 0x21c5, 0x2a06, 0x00c3, 0x00a3, 0x00e3, 0x2a05, 0x3aa5, 0x0903, 0x00e3, 0x1164, 0x2a25, 0x21e5, 0x0924, 
    0x1164, 0x1164, 0x19a4, 0x1184, 0x1984, 0x1144, 0x0903, 0x00c3, 0x08c3, 0x19a4, 0x42c7, 0x42e6, 0x42c6, 0x3a65, 0x3a86, 0x2205, 0x1164, 0x0943, 0x0923, 0x1143, 
    0x1122, 0x08c2, 0x08c2, 0x08c2, 0x08a2, 0x0062, 0x08a2, 0x08e2, 0x19a3, 0x1983, 0x1983, 0x1962, 0x08e1, 0x1122, 0x1142, 0x1142, 0x3a63, 0x5304, 0x4aa4, 0x4284, 
    0x4264, 0x5b06, 0x52e5, 0x4a84, 0x3a23, 0x3a03, 0x4244, 0x4244, 0x39e4, 0x31c4, 0x3a04, 0x4265, 0x5ae8, 0x6309, 0x5ac8, 0x52a8, 0x4226, 0x4246, 0x52a6, 0x52c5, 
    0x4aa3, 0x4aa2, 0x5322, 0x5b42, 0x5322, 0x4aa2, 0x3a42, 0x31e1, 0x31c2, 0x4243, 0x52c3, 0x4ac3, 0x4ac2, 0x4ac2, 0x4282, 0x4263, 0x4a83, 0x4a65, 0x52a4, 0x52a4, 
    0x4aa4, 0x52e4, 0x4aa4, 0x4a64, 0x4a84, 0x4a84, 0x4244, 0x3a23, 0x3a23, 0x4a65, 0x4a44, 0x31c3, 0x2962, 0x0861, 0x0000, 0x10a1, 0x4a26, 0x4206, 0x39a5, 0x31a5, 
    0x3a04, 0x52e5, 0x5b24, 0x6345, 0x5b25, 0x52c4, 0x52c3, 0x52e3, 0x4aa1, 0x4280, 0x4281, 0x4a83, 0x5284, 0x5ac5, 0x52c5, 0x52a5, 0x5285, 0x52a5, 0x6327, 0x52c7, 
    0x52c9, 0x4249, 0x31c6, 0x4a47, 0x4aa9, 0x4269, 0x2165, 0x08a3, 0x1924, 0x2984, 0x4226, 0x5ae9, 0x83eb, 0x8c2d, 0x8c0c, 0x7ba9, 0x8c0b, 0x8c2c, 0x9c8f, 0x944f, 
    0xa48f, 0xa48f, 0x9c6f, 0xa4d1, 0x9c90, 0xa4b1, 0xacd1, 0x9c6e, 0xa48f, 0xacf0, 0xb511, 0xa4b0, 0x9c6f, 0x93ed, 0xac8f, 0x9c4e, 0xad12, 0xacf1, 0xa46e, 0xb4f0, 
    0xc594, 0xa46f, 0xa48f, 0xbd31, 0x83a9, 0x83ca, 0x940e, 0x7b4b, 0x5aa8, 0x62e8, 0x7b8a, 0x8c0c, 0x940c, 0x736a, 0x736b, 0x6327, 0x62e5, 0x73a9, 0x7bed, 0x7bec, 
    0x5ae9, 0x4a87, 0x73a9, 0x73a7, 0x5b25, 0x4283, 0x5b46, 0x6bc6, 0x5b42, 0x6362, 0x73c3, 0x6b65, 0x5ae6, 0x7c0b, 0x8c8f, 0x846b, 0x73c5, 0x84a5, 0x7424, 0x5b65, 
    0x42a4, 0x4264, 0x3206, 0x4269, 0x4269, 0x52ec, 0x5b0c, 0x4ac6, 0x29e0, 0x08e0, 0x08c1, 0x10c1, 0x21a1, 0x4ac1, 0x4ae1, 0x3a61, 0x29e1, 0x21c1, 0x21a1, 0x3a41, 
    
    0x842d, 0x6b67, 0x840b, 0x844b, 0x6b86, 0x6325, 0x62e4, 0x52a2, 0x4a62, 0x5b02, 0x6323, 0x5b02, 0x5b02, 0x52e1, 0x52a1, 0x4241, 0x4222, 0x4a83, 0x6325, 0x6365, 
    0x5b64, 0x6364, 0x5b42, 0x4aa0, 0x29c0, 0x2180, 0x1920, 0x10c0, 0x1101, 0x1940, 0x1960, 0x4246, 0x83cd, 0x734b, 0x2144, 0x10e1, 0x1962, 0x08c2, 0x0881, 0x0881, 
    0x10a0, 0x1921, 0x1100, 0x29c1, 0x29c3, 0x21a4, 0x29e5, 0x1123, 0x08e2, 0x0903, 0x19a5, 0x3a69, 0x6bcd, 0x5b6c, 0x5368, 0x3285, 0x19c4, 0x1124, 0x0082, 0x0062, 
    0x0062, 0x0083, 0x0083, 0x0082, 0x00c3, 0x0904, 0x0924, 0x0924, 0x00c3, 0x0062, 0x00a3, 0x00a3, 0x08e4, 0x1144, 0x3266, 0x3ac6, 0x1144, 0x00e3, 0x0923, 0x2a25, 
    0x21a4, 0x1123, 0x2a25, 0x42c6, 0x5366, 0x4b05, 0x2204, 0x3285, 0x42e6, 0x3245, 0x29e5, 0x21c6, 0x2a25, 0x2a24, 0x19a4, 0x1183, 0x3245, 0x3265, 0x08e3, 0x00c3, 
    0x0923, 0x0903, 0x21a4, 0x19a4, 0x0923, 0x0923, 0x0923, 0x0923, 0x1164, 0x1164, 0x2a25, 0x2a25, 0x29e4, 0x19a4, 0x3245, 0x21c5, 0x0923, 0x0902, 0x00e2, 0x08e2, 
    0x0903, 0x08e2, 0x00a2, 0x0082, 0x0042, 0x0042, 0x1123, 0x1963, 0x1983, 0x21c3, 0x3223, 0x1982, 0x1122, 0x1122, 0x08c1, 0x1121, 0x3202, 0x3a23, 0x4263, 0x52e4, 
    0x52e4, 0x4aa3, 0x4263, 0x3a23, 0x39e4, 0x4224, 0x4245, 0x3a05, 0x39e5, 0x4a66, 0x52a7, 0x52a8, 0x630a, 0x62ea, 0x52a8, 0x4a66, 0x4264, 0x4aa3, 0x42a2, 0x42a2, 
    0x4ac2, 0x52e3, 0x4ac2, 0x3a21, 0x3a21, 0x4282, 0x4ac2, 0x4aa3, 0x4ac3, 0x52e3, 0x4ac2, 0x4282, 0x3201, 0x2981, 0x29a2, 0x31c3, 0x3a23, 0x4244, 0x4aa4, 0x4ac3, 
    0x5b23, 0x52e4, 0x4a84, 0x4224, 0x39c3, 0x29a2, 0x2983, 0x31a3, 0x31c3, 0x31c4, 0x3183, 0x31a4, 0x3184, 0x18e2, 0x1902, 0x41c5, 0x62e9, 0x6b29, 0x6328, 0x5b26, 
    0x6365, 0x5b44, 0x52a4, 0x4a64, 0x39e3, 0x3182, 0x31a2, 0x31c1, 0x31e1, 0x4261, 0x4a82, 0x4243, 0x4a64, 0x4a44, 0x4a65, 0x5285, 0x5285, 0x5ac6, 0x5ac8, 0x2165, 
    0x31c7, 0x3a07, 0x39e6, 0x4a89, 0x4aaa, 0x2165, 0x10e4, 0x2144, 0x39c4, 0x4a64, 0x736a, 0x83cb, 0x8c2c, 0x942c, 0x83cb, 0x8c0c, 0x942c, 0x83ec, 0x942e, 0xa48f, 
    0xb511, 0xacf1, 0x944f, 0x736c, 0x83cd, 0x9c4f, 0x9c6e, 0x9c6e, 0xa46e, 0xa46f, 0x9c4f, 0x9c6f, 0xa46f, 0x93ed, 0xa46e, 0x940d, 0x83ce, 0x9c4e, 0xacaf, 0xacd0, 
    0x6aea, 0x6267, 0xa48f, 0x9c2c, 0x7b68, 0x7b8a, 0x942e, 0x838b, 0x7328, 0x7348, 0x7329, 0x838a, 0x942e, 0x7348, 0x7347, 0x7368, 0x83ca, 0x7387, 0x7ba8, 0x8c4e, 
    0x6b6c, 0x31c5, 0x5b07, 0x7beb, 0x6b88, 0x5b47, 0x846c, 0x73e5, 0x6ba2, 0x6362, 0x5b01, 0x6322, 0x6362, 0x52e2, 0x5b25, 0x73a9, 0x73e9, 0x6c28, 0x5324, 0x52e3, 
    0x4282, 0x3203, 0x29c3, 0x1942, 0x0080, 0x1924, 0x3a49, 0x742f, 0x63ab, 0x3223, 0x3221, 0x42a3, 0x3a61, 0x5b42, 0x6be2, 0x6c01, 0x5341, 0x4ac1, 0x4aa2, 0x5b02, 
    
    0x6ba9, 0x5b05, 0x52e3, 0x5b24, 0x73e8, 0x73e8, 0x6b69, 0x62c7, 0x5225, 0x5a84, 0x5ae2, 0x5b02, 0x5ae2, 0x4241, 0x39e1, 0x31a2, 0x2961, 0x31a1, 0x5b05, 0x73e8, 
    0x6ba6, 0x6384, 0x63a5, 0x6385, 0x6ba6, 0x5b43, 0x4ae1, 0x3200, 0x29c0, 0x29e0, 0x3a61, 0x5302, 0x5b04, 0x6b46, 0x4224, 0x3a01, 0x4aa3, 0x39e3, 0x2141, 0x2142, 
    0x1901, 0x29a2, 0x3a43, 0x3a23, 0x3a23, 0x3203, 0x29c4, 0x31e5, 0x1984, 0x0903, 0x1964, 0x1984, 0x638b, 0x6bee, 0x4b09, 0x3285, 0x1163, 0x1964, 0x21c4, 0x21e4, 
    0x1964, 0x00a3, 0x0062, 0x0062, 0x0042, 0x0063, 0x00a3, 0x00c3, 0x0083, 0x0042, 0x0083, 0x0062, 0x0042, 0x0042, 0x1103, 0x21e4, 0x0082, 0x00c3, 0x2204, 0x3ac5, 
    0x1964, 0x0903, 0x2a05, 0x5347, 0x6387, 0x4ae6, 0x5366, 0x5366, 0x5366, 0x5ba8, 0x5baa, 0x53a8, 0x5367, 0x4b26, 0x42e6, 0x3aa5, 0x3aa5, 0x29e4, 0x1983, 0x21e4, 
    0x1163, 0x1983, 0x3aa5, 0x3244, 0x1143, 0x1123, 0x2a05, 0x42c6, 0x2a25, 0x2204, 0x2a04, 0x1163, 0x1984, 0x08e2, 0x21e4, 0x1123, 0x0903, 0x1143, 0x0903, 0x00c2, 
    0x1103, 0x08c2, 0x0082, 0x0022, 0x0042, 0x08c3, 0x1163, 0x1983, 0x08c2, 0x2183, 0x21a3, 0x08a1, 0x00a1, 0x0041, 0x10c1, 0x3202, 0x4262, 0x4aa3, 0x52e3, 0x52c3, 
    0x4aa3, 0x4282, 0x3a23, 0x3a24, 0x4245, 0x4225, 0x4a65, 0x4a86, 0x52c8, 0x52a8, 0x4a66, 0x4245, 0x3a24, 0x4aa5, 0x5b26, 0x5323, 0x5322, 0x5302, 0x4ac2, 0x42a2, 
    0x3a42, 0x29a1, 0x2181, 0x29e1, 0x3a41, 0x4ac2, 0x4ac3, 0x4ac3, 0x4ac3, 0x4ac3, 0x4242, 0x2982, 0x18e1, 0x2122, 0x3a03, 0x52c4, 0x4ac3, 0x4aa3, 0x5303, 0x5303, 
    0x4243, 0x31a3, 0x2963, 0x2122, 0x2142, 0x2162, 0x2142, 0x2122, 0x2122, 0x2122, 0x2102, 0x2963, 0x39a4, 0x4206, 0x5286, 0x5b07, 0x6346, 0x63a5, 0x6c05, 0x63a5, 
    0x52c3, 0x4244, 0x4204, 0x2982, 0x2981, 0x31e2, 0x3a01, 0x3a01, 0x3a02, 0x4243, 0x4244, 0x4225, 0x39e4, 0x4204, 0x4a25, 0x4a65, 0x5ae7, 0x52a7, 0x1924, 0x10c3, 
    0x4a68, 0x52c6, 0x4a66, 0x31a6, 0x3a28, 0x39e7, 0x3a06, 0x6b29, 0x7348, 0x6b47, 0x7368, 0x83aa, 0x83a9, 0x946d, 0xa4b0, 0x942e, 0x83ab, 0x7b8b, 0x9c4f, 0xb512, 
    0xa4b0, 0xa4b1, 0x8c0e, 0x7b6b, 0x9c6f, 0x942e, 0x7b8a, 0x944e, 0x9c4e, 0x9c2d, 0x9c4e, 0xacaf, 0xb4f1, 0xb4f1, 0x9c4e, 0x9c4e, 0x9c4e, 0x93ec, 0x8bac, 0x9c2e, 
    0x7b4a, 0x7b2a, 0x9c4e, 0x942d, 0x9c6e, 0x9c6f, 0x942d, 0x9c6e, 0xbd51, 0xb4d0, 0x8bab, 0x7347, 0x7348, 0x7347, 0x944b, 0xa4af, 0x9c4c, 0x83c8, 0x8409, 0x7bea, 
    0x52c7, 0x2164, 0x2984, 0x73eb, 0x6388, 0x4ac5, 0x5b27, 0x6345, 0x5b44, 0x6343, 0x5b03, 0x6342, 0x6ba2, 0x5b41, 0x6381, 0x7c25, 0x7c69, 0x5325, 0x3a62, 0x4281, 
    0x4262, 0x29c2, 0x1101, 0x1120, 0x2183, 0x2984, 0x1942, 0x5b6b, 0x94d4, 0x5b2b, 0x5305, 0x5b42, 0x4281, 0x5301, 0x7402, 0x7ca1, 0x6be1, 0x6be2, 0x7c04, 0x7c43, 
    
    0x5305, 0x73ea, 0x6348, 0x52e3, 0x5b24, 0x5b45, 0x6b87, 0x7bea, 0x6b26, 0x5aa5, 0x5263, 0x4a61, 0x4a81, 0x4261, 0x3200, 0x31e1, 0x31c0, 0x31e0, 0x3a20, 0x4aa2, 
    0x52e2, 0x5323, 0x6365, 0x73a8, 0x842c, 0x94ce, 0x7c29, 0x5361, 0x4b20, 0x5320, 0x5b60, 0x6380, 0x6380, 0x6b80, 0x6b81, 0x6b81, 0x6b61, 0x6b41, 0x6321, 0x5b22, 
    0x5302, 0x52e2, 0x5b44, 0x5b45, 0x5b25, 0x42a4, 0x2183, 0x2183, 0x3a44, 0x3a45, 0x3a65, 0x3204, 0x3265, 0x5b89, 0x42e7, 0x2a45, 0x1983, 0x19a4, 0x3a86, 0x6b68, 
    0x5327, 0x3265, 0x21c4, 0x0903, 0x08e3, 0x08e3, 0x00a3, 0x1124, 0x1144, 0x0062, 0x0042, 0x0062, 0x0062, 0x0042, 0x08e3, 0x19c4, 0x1163, 0x2204, 0x32a5, 0x2a25, 
    0x1124, 0x1124, 0x1984, 0x29e5, 0x2a05, 0x3a65, 0x5b47, 0x5b47, 0x6388, 0x42a7, 0x532a, 0x5ba9, 0x5bc8, 0x53a7, 0x4b26, 0x5346, 0x5b47, 0x5b68, 0x5327, 0x4ae6, 
    0x42a6, 0x4ac6, 0x4b05, 0x42c5, 0x29e4, 0x2a05, 0x3a65, 0x42a6, 0x3a65, 0x42e6, 0x21c3, 0x19a4, 0x21c4, 0x1123, 0x2a25, 0x19a4, 0x00e2, 0x0903, 0x1144, 0x1123, 
    0x1143, 0x00a2, 0x0021, 0x0022, 0x08a3, 0x0902, 0x1963, 0x1962, 0x08a1, 0x0061, 0x0061, 0x08c1, 0x1101, 0x29c2, 0x4ae3, 0x5323, 0x4ac2, 0x5303, 0x52e3, 0x5304, 
    0x5304, 0x3a23, 0x31e3, 0x3a04, 0x3a25, 0x52a7, 0x52c7, 0x2963, 0x39e4, 0x4244, 0x29a2, 0x3201, 0x3a41, 0x4ac1, 0x4ae1, 0x5322, 0x5342, 0x5322, 0x4ac2, 0x4261, 
    0x4281, 0x42a1, 0x3a81, 0x4ae1, 0x5342, 0x5303, 0x4262, 0x4242, 0x4242, 0x4262, 0x31e2, 0x31c3, 0x4264, 0x5b05, 0x5b24, 0x4ac3, 0x3a62, 0x4262, 0x4283, 0x39e3, 
    0x2963, 0x2143, 0x2122, 0x1922, 0x2142, 0x2982, 0x31a3, 0x4a26, 0x4a26, 0x41e6, 0x5247, 0x62c8, 0x5ae7, 0x6b87, 0x63c6, 0x63c4, 0x63a4, 0x5b84, 0x5304, 0x3a03, 
    0x2982, 0x31c3, 0x31c3, 0x2961, 0x31c2, 0x31c1, 0x31c1, 0x4a85, 0x634a, 0x4a26, 0x4225, 0x4a46, 0x31a3, 0x4a45, 0x4a24, 0x6308, 0x634b, 0x2144, 0x1904, 0x39e6, 
    0x5287, 0x7389, 0x6b6a, 0x5289, 0x630a, 0x6329, 0x7389, 0x83cb, 0x83cb, 0x7baa, 0x8bea, 0x942c, 0x8c0c, 0x8c2c, 0x944d, 0x8beb, 0x942d, 0xa48f, 0xad11, 0xbd32, 
    0xa46f, 0x9c4e, 0x7b6b, 0x7b8c, 0x83ac, 0x8bac, 0x8c0d, 0x9c6e, 0x942d, 0x9c6e, 0x9c2d, 0x93ed, 0x940e, 0x83eb, 0x83e8, 0xa46d, 0xa46e, 0x8bab, 0x8bcc, 0x93ec, 
    0x9c4d, 0xb511, 0xbd32, 0xacd0, 0xacb0, 0xb512, 0xb532, 0x93ed, 0xa490, 0x9c4d, 0x940a, 0x83c7, 0x8bea, 0xb4f0, 0xb4ee, 0x9c6a, 0x9429, 0x8c28, 0x8425, 0x73e6, 
    0x740b, 0x4267, 0x18e3, 0x4266, 0x5307, 0x5325, 0x5344, 0x6bc4, 0x6ba4, 0x73e6, 0x6ba8, 0x73e6, 0x8464, 0x8d26, 0x7444, 0x6c03, 0x7c68, 0x848a, 0x7cc8, 0x63e5, 
    0x4ae2, 0x4243, 0x2163, 0x31e5, 0x3a44, 0x4223, 0x3a41, 0x7409, 0x842f, 0x2985, 0x4246, 0x6384, 0x6c03, 0x7c62, 0x6be1, 0x63c1, 0x5ba1, 0x6bc2, 0x7425, 0x7c83, 
    
    0x844d, 0x8c8f, 0x8c4e, 0x6b88, 0x6b87, 0x6346, 0x5324, 0x5b64, 0x5b84, 0x6384, 0x5ae4, 0x4a43, 0x4242, 0x4a81, 0x42c0, 0x42c0, 0x4280, 0x4260, 0x3a40, 0x3a60, 
    0x3a61, 0x4281, 0x4ac2, 0x6366, 0x6345, 0x6be7, 0x73e8, 0x6364, 0x5b42, 0x5320, 0x52e0, 0x5b20, 0x6360, 0x6380, 0x6ba0, 0x6b80, 0x6b80, 0x6b60, 0x6360, 0x5b20, 
    0x6341, 0x6341, 0x5b21, 0x5b23, 0x5b03, 0x5b25, 0x5b05, 0x4a84, 0x4284, 0x5326, 0x4b05, 0x4284, 0x42a4, 0x42c6, 0x2a45, 0x2a44, 0x4305, 0x4305, 0x4ac5, 0x5285, 
    0x6307, 0x3a64, 0x3a85, 0x3aa6, 0x3245, 0x21a3, 0x3a85, 0x5348, 0x3a45, 0x29e4, 0x21e4, 0x21c4, 0x2a25, 0x32a6, 0x2a65, 0x2204, 0x3aa5, 0x4326, 0x42e5, 0x21e4, 
    0x21c4, 0x21c4, 0x1984, 0x19a4, 0x1143, 0x1143, 0x29e5, 0x3a85, 0x3a86, 0x1964, 0x2a05, 0x4b09, 0x5329, 0x3245, 0x3245, 0x4b26, 0x4b26, 0x5b88, 0x5b67, 0x5b67, 
    0x63a8, 0x6387, 0x5b66, 0x42a5, 0x21c4, 0x2a04, 0x1143, 0x1963, 0x21c4, 0x2a24, 0x1983, 0x1983, 0x19a4, 0x1983, 0x2a65, 0x21e5, 0x08c2, 0x0082, 0x08e3, 0x1163, 
    0x0923, 0x0042, 0x0021, 0x0062, 0x1103, 0x21a3, 0x1962, 0x1922, 0x29c2, 0x1942, 0x1961, 0x2a02, 0x3a42, 0x5b63, 0x63a2, 0x29e1, 0x31e2, 0x52e3, 0x4263, 0x4aa4, 
    0x29a2, 0x10a1, 0x52a7, 0x4a66, 0x1922, 0x4ac5, 0x4243, 0x0040, 0x21a1, 0x3222, 0x1921, 0x3221, 0x3a61, 0x3a62, 0x4ae2, 0x5b63, 0x5b63, 0x5343, 0x5303, 0x4ac2, 
    0x5321, 0x4b01, 0x42c1, 0x4ae2, 0x42a2, 0x31e1, 0x29a1, 0x29a2, 0x31e2, 0x31e2, 0x4243, 0x52c4, 0x5b04, 0x4ac3, 0x3a42, 0x31e2, 0x31e2, 0x31e2, 0x2982, 0x18e1, 
    0x18e2, 0x1902, 0x2123, 0x3184, 0x3184, 0x4205, 0x6ae9, 0x83ac, 0x83ac, 0x736a, 0x73a8, 0x6b87, 0x5b45, 0x5b65, 0x5b64, 0x5b63, 0x4ae3, 0x4263, 0x31a3, 0x2121, 
    0x2142, 0x2122, 0x1901, 0x2121, 0x2961, 0x2961, 0x39e4, 0x6b4b, 0x6b4b, 0x5aa9, 0x4225, 0x39e3, 0x3a05, 0x632a, 0x73ed, 0x7bee, 0x4a89, 0x4248, 0x6b4a, 0x738a, 
    0x7bcb, 0x842c, 0x9490, 0x8c2e, 0x7b8b, 0x7baa, 0x7368, 0x7b88, 0x83ea, 0x8beb, 0x9c4d, 0xa48e, 0x946e, 0x944d, 0x8c0b, 0x8bed, 0x946f, 0xa48f, 0xacb0, 0xa490, 
    0x9c4f, 0x83ac, 0x7b4b, 0x6b0a, 0x83ac, 0x734b, 0x83cd, 0x940e, 0x8bed, 0x942d, 0x9c4e, 0x8bed, 0x7347, 0x6322, 0x8429, 0xad11, 0xb511, 0xa48f, 0xa4b0, 0xacd0, 
    0xa48f, 0xb511, 0xb4f1, 0x940d, 0x940d, 0x8bed, 0x9c6f, 0x8bcc, 0x83cb, 0x7367, 0x6305, 0x83c9, 0x9c4d, 0xacad, 0x9c87, 0x8c24, 0x8c86, 0x8464, 0x73c3, 0x6b86, 
    0x7c27, 0x63a7, 0x2163, 0x1903, 0x3a44, 0x6be3, 0x7442, 0x7c43, 0x63c3, 0x7406, 0x63a7, 0x63a8, 0x950a, 0x8d0a, 0x7c4a, 0x7408, 0x8ceb, 0x84ac, 0x7409, 0x5ba6, 
    0x5343, 0x4282, 0x31e2, 0x2162, 0x29a1, 0x42a1, 0x5b41, 0x5b64, 0x6387, 0x5302, 0x31e1, 0x5303, 0x7404, 0x84a3, 0x7421, 0x5b81, 0x63c2, 0x6be2, 0x7423, 0x7c61, 
    
    0x6b69, 0x6b89, 0x6348, 0x5b06, 0x73aa, 0x73c9, 0x6386, 0x5b65, 0x5b64, 0x5362, 0x5b83, 0x5b24, 0x5263, 0x4a42, 0x4a61, 0x4ae1, 0x5320, 0x42c0, 0x42a0, 0x4aa0, 
    0x4ae0, 0x4ac1, 0x4281, 0x5b23, 0x6363, 0x4b21, 0x4b21, 0x5b23, 0x5b42, 0x5341, 0x5321, 0x4ae0, 0x52e0, 0x5300, 0x5b40, 0x5b40, 0x5b40, 0x5b20, 0x5b20, 0x5b00, 
    0x5b00, 0x5b00, 0x52e0, 0x4aa1, 0x4a82, 0x5ae4, 0x6346, 0x6345, 0x5b05, 0x4aa4, 0x42c4, 0x42a4, 0x42a3, 0x3a43, 0x4285, 0x4284, 0x42c3, 0x3aa2, 0x2181, 0x2181, 
    0x31a2, 0x29a3, 0x4264, 0x5b47, 0x3a65, 0x1901, 0x4265, 0x3a86, 0x2184, 0x3a86, 0x3246, 0x29c3, 0x42a6, 0x42e7, 0x3266, 0x3aa8, 0x4b2a, 0x4b2a, 0x5bac, 0x536c, 
    0x3287, 0x3aa8, 0x3ac9, 0x4b2a, 0x3aa9, 0x29e7, 0x3248, 0x42c9, 0x3248, 0x21a6, 0x3a89, 0x63ef, 0x63cf, 0x3a89, 0x3a67, 0x3a67, 0x2a05, 0x42c6, 0x5367, 0x5ba7, 
    0x5bc7, 0x5385, 0x4b04, 0x21e3, 0x2204, 0x1143, 0x00c2, 0x21c4, 0x21e4, 0x0923, 0x0923, 0x0902, 0x1143, 0x1183, 0x1983, 0x08e3, 0x0903, 0x08c2, 0x08c2, 0x0903, 
    0x0082, 0x0001, 0x0062, 0x08e2, 0x1122, 0x2162, 0x29c2, 0x3223, 0x5304, 0x42a3, 0x29e2, 0x1941, 0x1901, 0x42a2, 0x4ac2, 0x1101, 0x1101, 0x2161, 0x10e1, 0x1941, 
    0x08a1, 0x0880, 0x4284, 0x2162, 0x0020, 0x3201, 0x21a1, 0x08c1, 0x1961, 0x1121, 0x2181, 0x3221, 0x42c3, 0x5323, 0x5b83, 0x5b84, 0x5b84, 0x5323, 0x42a2, 0x3a82, 
    0x42a1, 0x42a1, 0x4ac2, 0x4ac2, 0x3a42, 0x31e2, 0x4262, 0x4263, 0x4243, 0x4a84, 0x4ac4, 0x4a83, 0x4263, 0x3202, 0x29a2, 0x29a2, 0x2982, 0x1921, 0x10a1, 0x10a1, 
    0x10c1, 0x3184, 0x41e5, 0x62c8, 0x732a, 0x83ac, 0x83ac, 0x7b8b, 0x7369, 0x6347, 0x5b25, 0x4aa3, 0x4263, 0x3202, 0x31e2, 0x31e2, 0x29a2, 0x29a2, 0x2962, 0x2121, 
    0x18e1, 0x18e1, 0x10c1, 0x10a0, 0x1901, 0x4a67, 0x83ed, 0x6b4a, 0x5287, 0x4224, 0x39e3, 0x634a, 0x8471, 0x8450, 0x8c90, 0x634b, 0x6308, 0x7bec, 0x948f, 0x9cd0, 
    0x83ec, 0x6b49, 0x7b8a, 0x62a6, 0x62c6, 0x736a, 0x7348, 0x7ba8, 0x7347, 0x83a9, 0xa48e, 0xa4af, 0x9c8e, 0xad11, 0xa4b0, 0x9c6f, 0x944f, 0xa48f, 0xacd1, 0x9c6f, 
    0xa48f, 0xa490, 0x944e, 0x8c2d, 0x946f, 0x7b8c, 0x7b8c, 0x942e, 0x942e, 0x8bed, 0x940d, 0x8baa, 0x7365, 0x7bc7, 0x944c, 0x9c6f, 0xa48f, 0x940d, 0xa46e, 0xacd0, 
    0xb511, 0xb4f0, 0x9c4e, 0x93cc, 0xa44e, 0xa46f, 0xa4af, 0x9c2e, 0x83aa, 0x6326, 0x5ae5, 0x944b, 0x946a, 0x8c66, 0x8443, 0x7c04, 0x7c44, 0x6c04, 0x5b64, 0x5b23, 
    0x6382, 0x5303, 0x29c2, 0x10e1, 0x2181, 0x5b43, 0x7c45, 0x7425, 0x63c3, 0x3a82, 0x2a01, 0x4b23, 0x8d28, 0x8d29, 0x84aa, 0x84cb, 0x7c8a, 0x6be6, 0x5b44, 0x5305, 
    0x5306, 0x3a63, 0x3a21, 0x31e1, 0x4262, 0x4ac1, 0x5b21, 0x5b42, 0x5b42, 0x6be2, 0x6be1, 0x6be2, 0x5b43, 0x5b42, 0x6ba1, 0x6bc2, 0x6be2, 0x7442, 0x84a3, 0x7c63, 
    
    0x52c4, 0x5b05, 0x6327, 0x5b06, 0x52a6, 0x5ac6, 0x73ca, 0x6b8a, 0x842d, 0x73e8, 0x5343, 0x5ba4, 0x5b64, 0x52c3, 0x4a42, 0x5262, 0x5aa3, 0x5302, 0x4ac2, 0x4a81, 
    0x4261, 0x4281, 0x4ae1, 0x4b01, 0x5321, 0x5340, 0x4b00, 0x4b21, 0x5361, 0x5361, 0x5341, 0x5360, 0x5340, 0x4b00, 0x5320, 0x5320, 0x5340, 0x5340, 0x5340, 0x5320, 
    0x5300, 0x5300, 0x52e0, 0x4aa0, 0x5282, 0x5ac5, 0x5b26, 0x5b05, 0x52e4, 0x4a83, 0x3222, 0x3a43, 0x4283, 0x3a42, 0x4284, 0x3a63, 0x3a42, 0x29a1, 0x10c0, 0x10e0, 
    0x1920, 0x2181, 0x29a2, 0x3a24, 0x1943, 0x0881, 0x1922, 0x1164, 0x1185, 0x1207, 0x09a6, 0x1943, 0x29a3, 0x1922, 0x2a27, 0x438f, 0x5c32, 0x5c32, 0x6cd5, 0x6452, 
    0x3b2d, 0x53d0, 0x53f1, 0x5411, 0x53f0, 0x436e, 0x53d0, 0x53d0, 0x5c32, 0x434e, 0x4bd0, 0x6cb4, 0x6cb4, 0x5c32, 0x53d0, 0x53d0, 0x436e, 0x53af, 0x5bf0, 0x53d0, 
    0x538e, 0x538c, 0x4308, 0x2a25, 0x2a04, 0x2184, 0x21c4, 0x2a24, 0x1963, 0x1144, 0x1124, 0x00c2, 0x08e3, 0x08e3, 0x0061, 0x0082, 0x0923, 0x0923, 0x1123, 0x0082, 
    0x0001, 0x0022, 0x10e3, 0x1102, 0x1942, 0x1121, 0x3223, 0x4ac3, 0x4283, 0x21a2, 0x2181, 0x10e1, 0x0860, 0x10e1, 0x1121, 0x1101, 0x1921, 0x0881, 0x0881, 0x10e1, 
    0x1941, 0x3241, 0x2a01, 0x0020, 0x0860, 0x21c2, 0x08a0, 0x08c1, 0x10e1, 0x2161, 0x3a62, 0x5303, 0x5303, 0x5303, 0x5b83, 0x4ac2, 0x3a82, 0x4b03, 0x3a62, 0x3a42, 
    0x42a2, 0x4ae2, 0x52e2, 0x5303, 0x52c3, 0x4283, 0x4a83, 0x4aa4, 0x4a84, 0x4a84, 0x4a84, 0x3a03, 0x31c3, 0x31c2, 0x2982, 0x2122, 0x18e1, 0x2123, 0x2963, 0x39c4, 
    0x41e5, 0x62e9, 0x6ae9, 0x6b2a, 0x7b8b, 0x7b8a, 0x6b28, 0x5aa6, 0x4a64, 0x3a23, 0x31e3, 0x2982, 0x2962, 0x2161, 0x2162, 0x2141, 0x2141, 0x2162, 0x1901, 0x10c1, 
    0x1902, 0x2942, 0x2942, 0x3183, 0x4a47, 0x840e, 0x6b6c, 0x4205, 0x4225, 0x52a7, 0x7c2e, 0x9d34, 0x94b2, 0x6b8b, 0x7bec, 0x8c8f, 0x8c6e, 0x844d, 0x8c6e, 0x7bab, 
    0x6b49, 0x6b09, 0x5286, 0x5244, 0x62c5, 0x838a, 0x9c6e, 0x7b89, 0x7b89, 0x942d, 0xad32, 0xacf1, 0xa48f, 0xa4d0, 0xacf1, 0x942f, 0x8c2f, 0x942f, 0xa4b0, 0xa4b1, 
    0x944f, 0x83ec, 0x7bcb, 0x946f, 0x9470, 0x8c2f, 0x944f, 0x9c6f, 0xa48f, 0xacaf, 0xb4f0, 0xaccf, 0x944d, 0x942e, 0x8baa, 0x732a, 0x6ae9, 0x940d, 0xa48f, 0xa48e, 
    0xb4f0, 0xbd11, 0xb4f0, 0xacaf, 0xacaf, 0xa46e, 0xa46e, 0x9c4c, 0x7bc9, 0x73c7, 0x73c5, 0x6bc3, 0x7425, 0x7c44, 0x6ba2, 0x6385, 0x6be5, 0x5344, 0x42c3, 0x5b43, 
    0x6384, 0x5324, 0x4ac4, 0x2162, 0x0880, 0x29a2, 0x6ba8, 0x6bc7, 0x5b84, 0x3201, 0x29a1, 0x5345, 0x7447, 0x6c27, 0x6be6, 0x7ca8, 0x7cc6, 0x7c43, 0x6381, 0x4ae1, 
    0x52e2, 0x4262, 0x4261, 0x5302, 0x73c4, 0x6ba3, 0x6ba3, 0x73e4, 0x73e4, 0x6362, 0x6363, 0x63a2, 0x6bc3, 0x6342, 0x6342, 0x7c23, 0x7403, 0x6382, 0x7c24, 0x7c45, 
    
    0x6327, 0x7388, 0x6b88, 0x6b69, 0x6b49, 0x52a6, 0x6328, 0x6b69, 0x8c4f, 0x94b0, 0x73c8, 0x5342, 0x5b84, 0x5b84, 0x5b24, 0x5b04, 0x5ac4, 0x4ac2, 0x4282, 0x3a21, 
    0x3a21, 0x4261, 0x3a41, 0x3a61, 0x42a1, 0x42e1, 0x42c0, 0x42e1, 0x4b22, 0x5322, 0x5322, 0x5341, 0x5381, 0x5381, 0x5361, 0x4b40, 0x5380, 0x5380, 0x4b40, 0x5340, 
    0x5340, 0x5301, 0x5301, 0x4aa1, 0x4a82, 0x4a83, 0x4262, 0x4a83, 0x4a83, 0x52e4, 0x52e3, 0x3a42, 0x3201, 0x3a62, 0x3a21, 0x31e2, 0x3a23, 0x29e2, 0x2181, 0x1101, 
    0x08c0, 0x10e1, 0x10c1, 0x1942, 0x08a1, 0x10a2, 0x0861, 0x1144, 0x2a68, 0x2aa9, 0x1a6a, 0x2208, 0x2184, 0x10e1, 0x3226, 0x4bd0, 0x5453, 0x5c73, 0x5c73, 0x5c53, 
    0x5453, 0x5c73, 0x5453, 0x5453, 0x5c53, 0x5432, 0x5453, 0x4c12, 0x5453, 0x4c12, 0x4c12, 0x5432, 0x4c32, 0x4c12, 0x4c12, 0x4c33, 0x4c13, 0x4412, 0x43f2, 0x43d2, 
    0x43d2, 0x43d2, 0x3b70, 0x332e, 0x32ec, 0x432b, 0x4ac7, 0x3a46, 0x1944, 0x08e3, 0x00a2, 0x00a2, 0x0062, 0x0062, 0x0062, 0x00a2, 0x0923, 0x0903, 0x1123, 0x0062, 
    0x0001, 0x08a3, 0x1944, 0x10c1, 0x1121, 0x10e1, 0x29a2, 0x29c2, 0x3202, 0x3a62, 0x42a2, 0x2161, 0x10c1, 0x0000, 0x0040, 0x0880, 0x1121, 0x0881, 0x2162, 0x1921, 
    0x1941, 0x4b22, 0x29e1, 0x0880, 0x2161, 0x29e2, 0x2162, 0x31e2, 0x4262, 0x3a62, 0x4ae1, 0x5b62, 0x4ae2, 0x42a2, 0x4282, 0x3221, 0x1961, 0x4ac1, 0x4261, 0x3a42, 
    0x4aa2, 0x4aa2, 0x4262, 0x3a22, 0x4262, 0x4ac4, 0x52c5, 0x52c5, 0x4a85, 0x4a85, 0x4224, 0x31c3, 0x31a3, 0x31a3, 0x2963, 0x3184, 0x41e5, 0x5a88, 0x4a26, 0x62c8, 
    0x62e8, 0x6b29, 0x6b29, 0x6308, 0x52c6, 0x4244, 0x3a03, 0x3a03, 0x31e3, 0x29a2, 0x2142, 0x1901, 0x18e1, 0x1921, 0x2121, 0x2121, 0x2142, 0x2122, 0x2122, 0x2963, 
    0x31a4, 0x4205, 0x5286, 0x5287, 0x630b, 0x6b6c, 0x4226, 0x4246, 0x6bad, 0x8cb2, 0x8cb2, 0x8c6f, 0x73ad, 0x634c, 0x840c, 0x8c4d, 0x840c, 0x738a, 0x6308, 0x5265, 
    0x5265, 0x5a85, 0x62c6, 0x7b8a, 0x7b68, 0x8bcb, 0x9c8f, 0x940c, 0x940d, 0x946f, 0xacf2, 0xacd0, 0xa48f, 0x9c4f, 0x9c6f, 0x9c70, 0x9cb1, 0x7bad, 0x736b, 0x736b, 
    0x734b, 0x7349, 0x944d, 0xa513, 0x944f, 0x9c90, 0x9c6f, 0x7b6a, 0x9c2d, 0xa48f, 0xacb0, 0xb4f1, 0x942e, 0x8bac, 0x836a, 0x7b4a, 0x7b6b, 0x9c2d, 0xa46e, 0xa46e, 
    0xa48e, 0xacaf, 0xbd31, 0xb4f0, 0xb4cf, 0xb4f0, 0x8c2b, 0x73e6, 0x6bc5, 0x6384, 0x6383, 0x5b42, 0x5b41, 0x6bc2, 0x6be2, 0x63c1, 0x6be2, 0x5b62, 0x4ac2, 0x3a43, 
    0x4ac5, 0x63a6, 0x4b04, 0x4283, 0x29c2, 0x2982, 0x52e8, 0x7c2c, 0x6ba8, 0x3a23, 0x3a23, 0x5b47, 0x6387, 0x6386, 0x63a7, 0x6c08, 0x6be5, 0x6383, 0x52a1, 0x4a81, 
    0x5b41, 0x5b61, 0x52e2, 0x4aa1, 0x6362, 0x7402, 0x8463, 0x7403, 0x6365, 0x6344, 0x6344, 0x73a4, 0x6b63, 0x6362, 0x6b63, 0x6383, 0x6323, 0x5b03, 0x7404, 0x8445, 
    
    0x7389, 0x7388, 0x6b47, 0x6b48, 0x6b28, 0x62e6, 0x6b48, 0x7baa, 0x842d, 0x8c6e, 0x6ba7, 0x73e7, 0x6b85, 0x6364, 0x4b03, 0x5b64, 0x63c4, 0x5382, 0x5341, 0x42e0, 
    0x42a1, 0x3a80, 0x31e0, 0x31e0, 0x3a61, 0x3a61, 0x3a80, 0x42c2, 0x42a2, 0x4ac3, 0x4ac3, 0x42c1, 0x5343, 0x4b42, 0x4b41, 0x4b61, 0x4b61, 0x4b40, 0x4b21, 0x4300, 
    0x4b20, 0x5340, 0x5b22, 0x5b24, 0x4a82, 0x4261, 0x4a63, 0x4a83, 0x52e4, 0x6345, 0x6365, 0x6365, 0x5b24, 0x5303, 0x4ac2, 0x4283, 0x4283, 0x3a62, 0x4ac2, 0x4282, 
    0x29c1, 0x1921, 0x2162, 0x29e2, 0x29a2, 0x29c2, 0x1922, 0x2162, 0x29e4, 0x21a5, 0x2249, 0x2208, 0x2185, 0x1944, 0x2142, 0x3227, 0x53d0, 0x43f2, 0x43f2, 0x4412, 
    0x43f2, 0x43f2, 0x43f2, 0x43f2, 0x43f2, 0x43d2, 0x43d2, 0x43d1, 0x43d1, 0x3bd1, 0x3bd1, 0x3bd1, 0x43d1, 0x3bd1, 0x3bd1, 0x3bd1, 0x3bb1, 0x33b1, 0x3391, 0x3390, 
    0x2b90, 0x2b90, 0x2b90, 0x2b91, 0x2350, 0x232f, 0x1a6c, 0x2aac, 0x2208, 0x0062, 0x0041, 0x0082, 0x0021, 0x0042, 0x08c3, 0x08c3, 0x08c2, 0x0041, 0x08a3, 0x1124, 
    0x1103, 0x1143, 0x08c2, 0x0881, 0x0881, 0x10e1, 0x29e2, 0x2162, 0x2181, 0x3a82, 0x3202, 0x2182, 0x10c1, 0x0000, 0x0040, 0x0861, 0x29a2, 0x3242, 0x21a1, 0x08c1, 
    0x2181, 0x3a62, 0x3221, 0x3a61, 0x4b21, 0x5343, 0x63a4, 0x5322, 0x3221, 0x31e1, 0x42c0, 0x4ae0, 0x3a81, 0x3222, 0x29c3, 0x1922, 0x1100, 0x3a81, 0x29e1, 0x29c1, 
    0x3a41, 0x4242, 0x31c3, 0x2162, 0x3202, 0x4a64, 0x4a64, 0x4a65, 0x4a65, 0x4245, 0x39e4, 0x31c4, 0x31c4, 0x31a4, 0x39c5, 0x4a46, 0x5247, 0x4a46, 0x4a46, 0x5287, 
    0x5ac8, 0x52a8, 0x5286, 0x31c3, 0x29a2, 0x2982, 0x2982, 0x31a2, 0x2982, 0x2142, 0x2963, 0x2142, 0x3183, 0x2963, 0x2963, 0x3183, 0x3183, 0x3183, 0x3183, 0x4a26, 
    0x5ac8, 0x5ac7, 0x5aa7, 0x4a27, 0x3a08, 0x3a06, 0x52c9, 0x7c2f, 0x94f3, 0x94f2, 0x8c90, 0x7bed, 0x6b8b, 0x6b68, 0x6326, 0x5284, 0x5285, 0x4a24, 0x39c3, 0x5244, 
    0x6b27, 0x83eb, 0x9c4e, 0x8c2d, 0x942c, 0x9c8f, 0x946f, 0xa490, 0x940d, 0x9c4e, 0xa46f, 0x9c4e, 0xa4b0, 0xa490, 0x83cd, 0x6b4b, 0x62ea, 0x6b2b, 0x7b6b, 0x7bac, 
    0x6b2b, 0x7bab, 0x9c8f, 0x9c90, 0x944f, 0x9c8f, 0x9c4e, 0x836a, 0xa46e, 0x9c4e, 0x940d, 0x9c2d, 0x940d, 0x8389, 0x83aa, 0x8bed, 0xa48f, 0xa46e, 0x9c0c, 0xacd0, 
    0xa48f, 0x93ec, 0x9c2d, 0xac8f, 0xa48e, 0x8429, 0x6ba5, 0x5b63, 0x4ae1, 0x42a0, 0x63a6, 0x844b, 0x6363, 0x6bc0, 0x7c43, 0x7402, 0x7442, 0x7c41, 0x6361, 0x3201, 
    0x4223, 0x4aa4, 0x4262, 0x5303, 0x4ae2, 0x3a42, 0x3a24, 0x5b08, 0x6b89, 0x52e7, 0x3a25, 0x5b67, 0x84c9, 0x8d09, 0x952a, 0x7428, 0x5303, 0x5301, 0x5301, 0x5322, 
    0x5b42, 0x6bc2, 0x6382, 0x5b42, 0x6382, 0x6381, 0x6bc2, 0x5b21, 0x52e1, 0x73c4, 0x6343, 0x6323, 0x5b02, 0x5b22, 0x5b22, 0x52e1, 0x52a1, 0x52c2, 0x5b24, 0x73a6, 
    
    0x6ac7, 0x5a66, 0x5265, 0x6b27, 0x6b48, 0x6b27, 0x6307, 0x6b27, 0x7bcb, 0x842b, 0x6368, 0x73ab, 0x7bea, 0x6365, 0x5302, 0x4ac2, 0x4ac2, 0x4b21, 0x5b81, 0x5ba1, 
    0x5361, 0x42e0, 0x3a81, 0x3a41, 0x3a61, 0x3a81, 0x3a81, 0x42a1, 0x3a61, 0x3a62, 0x4282, 0x4282, 0x52e2, 0x5322, 0x5342, 0x5381, 0x4b41, 0x4321, 0x4b61, 0x4b60, 
    0x5361, 0x4b21, 0x52e1, 0x4a82, 0x3a41, 0x4283, 0x4aa4, 0x4aa4, 0x5b05, 0x6366, 0x5b45, 0x5b45, 0x5b44, 0x5302, 0x52e2, 0x5302, 0x5301, 0x4ac0, 0x5301, 0x6362, 
    0x6343, 0x4aa2, 0x3202, 0x21a1, 0x3202, 0x3a42, 0x3a42, 0x3222, 0x29a1, 0x10e1, 0x1942, 0x10e2, 0x10c2, 0x1903, 0x10e2, 0x10a1, 0x3228, 0x3b2e, 0x3370, 0x3370, 
    0x3391, 0x3391, 0x3371, 0x3371, 0x3371, 0x3371, 0x3371, 0x3371, 0x3391, 0x3370, 0x3391, 0x3b91, 0x3391, 0x3390, 0x3390, 0x3390, 0x3370, 0x2b70, 0x2b70, 0x2370, 
    0x2350, 0x2350, 0x1b4f, 0x1b2f, 0x1b2f, 0x130f, 0x0aee, 0x12ce, 0x124c, 0x00a4, 0x0042, 0x0062, 0x0041, 0x0082, 0x08e3, 0x0082, 0x0021, 0x0021, 0x1103, 0x21a4, 
    0x1942, 0x1942, 0x0861, 0x0881, 0x0020, 0x21a2, 0x42c3, 0x1901, 0x0881, 0x1101, 0x10e1, 0x1962, 0x0860, 0x0000, 0x0020, 0x0040, 0x3a82, 0x5342, 0x2181, 0x1101, 
    0x2a02, 0x2a01, 0x3a81, 0x5341, 0x63e3, 0x4b03, 0x4283, 0x4ac3, 0x3a40, 0x3a80, 0x4ac2, 0x3a62, 0x29e2, 0x29c3, 0x1943, 0x10c1, 0x29c1, 0x29e1, 0x0880, 0x08a0, 
    0x2141, 0x2962, 0x2983, 0x2983, 0x2982, 0x2983, 0x2962, 0x2963, 0x31a3, 0x2963, 0x39c4, 0x3a05, 0x39c4, 0x39e5, 0x4a26, 0x5287, 0x5246, 0x4a45, 0x5287, 0x5aa8, 
    0x4a67, 0x4205, 0x4a67, 0x2963, 0x5287, 0x5ac8, 0x31a3, 0x2962, 0x2963, 0x41e5, 0x4a46, 0x4a26, 0x5267, 0x5a87, 0x5a87, 0x62c8, 0x5a88, 0x5288, 0x5aa8, 0x5ac8, 
    0x630a, 0x5ac8, 0x4a46, 0x5b0b, 0x7c10, 0x8492, 0x94f3, 0x840f, 0x844f, 0x73cb, 0x6b69, 0x5ae6, 0x6304, 0x6303, 0x52a1, 0x5283, 0x5285, 0x62e7, 0x7b8a, 0x940c, 
    0x9c6e, 0xa4d0, 0x942c, 0x8c0d, 0x9c90, 0x8c2f, 0x7bac, 0x6b2b, 0x9c6f, 0xacb0, 0xa48f, 0x9c6e, 0x9c90, 0x9470, 0x6b6c, 0x5aa9, 0x734b, 0x8c0d, 0x8c0e, 0x83ee, 
    0x736b, 0x8c2e, 0x8c2e, 0x8bee, 0x942e, 0xa4af, 0xb511, 0xacaf, 0xa48f, 0xb4f0, 0xacaf, 0x9c4e, 0x9c4d, 0xa4ae, 0xb532, 0xa48f, 0xb4f0, 0xc552, 0xacaf, 0x942c, 
    0xa4af, 0xa44d, 0x83ca, 0x7bc9, 0x73e8, 0x63c5, 0x5b83, 0x5323, 0x5322, 0x5ba3, 0x6387, 0x738d, 0x6329, 0x7c49, 0x7c08, 0x6b87, 0x7c26, 0x8c87, 0x7408, 0x52e5, 
    0x5b04, 0x5ae4, 0x52e5, 0x5b46, 0x52e3, 0x4aa1, 0x3a40, 0x4283, 0x52e7, 0x52c6, 0x4aa5, 0x7c89, 0x9569, 0x7c66, 0x7c46, 0x63a3, 0x4ac1, 0x5b21, 0x6bc3, 0x7402, 
    0x63a1, 0x63a1, 0x7c62, 0x73e2, 0x6ba2, 0x5b22, 0x4a62, 0x52c2, 0x73c3, 0x6343, 0x5302, 0x52e1, 0x5b43, 0x6324, 0x4aa1, 0x4aa1, 0x4221, 0x4a62, 0x4a84, 0x5284, 
    
    0x5265, 0x3963, 0x49e3, 0x7348, 0x83eb, 0x6307, 0x6327, 0x6328, 0x6b28, 0x6b69, 0x738a, 0x6308, 0x738a, 0x842b, 0x6363, 0x5b21, 0x4ac2, 0x5b03, 0x6364, 0x5342, 
    0x5b82, 0x63a4, 0x5b84, 0x5b44, 0x4b02, 0x4ae1, 0x42e2, 0x3ac1, 0x3a81, 0x3aa1, 0x42a2, 0x42a2, 0x4ae2, 0x5b63, 0x5b84, 0x5362, 0x5381, 0x4b80, 0x4b60, 0x4b60, 
    0x5361, 0x4b21, 0x5321, 0x4281, 0x31e0, 0x31e1, 0x3a02, 0x31e2, 0x4262, 0x5323, 0x5302, 0x4aa1, 0x4280, 0x4280, 0x4ac0, 0x4ac1, 0x4ac1, 0x4260, 0x3a40, 0x4261, 
    0x31e1, 0x3201, 0x1941, 0x10e0, 0x10c0, 0x2141, 0x3a21, 0x4ac1, 0x42a1, 0x4281, 0x3a41, 0x31e1, 0x31e2, 0x31e3, 0x29e3, 0x1942, 0x10c1, 0x29e6, 0x32cb, 0x3289, 
    0x330d, 0x3371, 0x3371, 0x3371, 0x3371, 0x3371, 0x3351, 0x3351, 0x3351, 0x3350, 0x3350, 0x3350, 0x2b50, 0x2b50, 0x2b50, 0x2b30, 0x2b30, 0x2330, 0x2330, 0x232f, 
    0x1b0f, 0x1b0f, 0x130f, 0x130f, 0x0b0f, 0x0aef, 0x0aee, 0x12ee, 0x1aee, 0x09a8, 0x0062, 0x0062, 0x00a2, 0x00a2, 0x0082, 0x0062, 0x0062, 0x08a2, 0x1102, 0x1101, 
    0x08a1, 0x10c1, 0x0061, 0x0040, 0x1941, 0x42c2, 0x4282, 0x0881, 0x0040, 0x0881, 0x0040, 0x08c1, 0x0020, 0x0000, 0x0020, 0x1961, 0x42c1, 0x42c1, 0x29e2, 0x2182, 
    0x29e2, 0x2a01, 0x42c1, 0x4b02, 0x4ae4, 0x29e3, 0x29c2, 0x42a3, 0x42a1, 0x29e1, 0x31e2, 0x29a2, 0x29c2, 0x29a1, 0x2981, 0x31e2, 0x31c1, 0x10e1, 0x18c2, 0x2102, 
    0x1902, 0x2122, 0x18e1, 0x18e2, 0x1902, 0x2122, 0x2122, 0x2143, 0x2143, 0x3183, 0x4205, 0x4205, 0x4a45, 0x5287, 0x5287, 0x5ac8, 0x62e8, 0x6b49, 0x6b48, 0x52c6, 
    0x4224, 0x39e4, 0x5268, 0x6ae9, 0x6b09, 0x7b6a, 0x5ac8, 0x4a46, 0x5267, 0x5aa8, 0x6b09, 0x6b2a, 0x62e9, 0x5aa8, 0x6b09, 0x6ae9, 0x62c8, 0x5ac8, 0x738c, 0x738c, 
    0x632b, 0x5ac9, 0x738c, 0x94f3, 0xa534, 0x9490, 0x6b8b, 0x5ac7, 0x52a6, 0x4a64, 0x4a44, 0x5ac5, 0x5ac4, 0x5aa3, 0x62e5, 0x7368, 0x83cb, 0x8c2d, 0x83aa, 0x8beb, 
    0xa48e, 0xa48e, 0x8c0b, 0x83ea, 0x7348, 0x5a87, 0x7309, 0x732a, 0xacf1, 0xbd52, 0xb532, 0x7bad, 0x4228, 0x7bee, 0x62ea, 0x5268, 0x7bac, 0xa4b0, 0x8bee, 0x83ed, 
    0x8c2e, 0x8bed, 0x9c6f, 0x9c6f, 0xa48f, 0x9c6e, 0xa48f, 0x9c4e, 0x940d, 0xacf1, 0xb4f1, 0xacd0, 0xacd0, 0x9c8e, 0xad11, 0x9c6f, 0xb4f1, 0xacae, 0x8c09, 0x8409, 
    0x8c6a, 0x8428, 0x6be6, 0x7445, 0x7425, 0x5ba4, 0x4ac3, 0x5323, 0x63c5, 0x6be9, 0x73aa, 0x6b68, 0x5b07, 0x5aca, 0x5289, 0x5ac9, 0x5ae8, 0x5ae8, 0x6b6a, 0x73aa, 
    0x73aa, 0x7c09, 0x6bca, 0x63a9, 0x5b66, 0x5b26, 0x5b45, 0x6385, 0x5b67, 0x5b27, 0x73a8, 0x7c49, 0x7426, 0x6bc3, 0x6be2, 0x7423, 0x5b42, 0x6342, 0x73e3, 0x8463, 
    0x7443, 0x7402, 0x7c42, 0x7401, 0x7c22, 0x6344, 0x52e3, 0x6342, 0x5b22, 0x52e3, 0x4ac1, 0x4ac1, 0x4aa2, 0x52c3, 0x4261, 0x4a62, 0x5283, 0x52c4, 0x5285, 0x62e7, 
    
    0x7c0d, 0x844e, 0x7389, 0x7b88, 0x7348, 0x6ae7, 0x7baa, 0x842d, 0x6b69, 0x6b69, 0x6b48, 0x6b68, 0x6b48, 0x6b68, 0x6364, 0x6361, 0x6bc3, 0x6bc4, 0x8408, 0x6366, 
    0x5323, 0x5b83, 0x6bc4, 0x6bc5, 0x6b84, 0x6344, 0x5303, 0x42e1, 0x3ac1, 0x42e1, 0x4ae2, 0x5342, 0x4b42, 0x5341, 0x5b82, 0x5ba2, 0x5381, 0x53a0, 0x5360, 0x5361, 
    0x5361, 0x5360, 0x5380, 0x5b81, 0x5301, 0x4ac2, 0x52e3, 0x5324, 0x42c1, 0x42a0, 0x42c0, 0x3a80, 0x3a40, 0x4280, 0x4aa0, 0x4ac0, 0x4ae0, 0x4ac0, 0x42a0, 0x4280, 
    0x2160, 0x10e0, 0x1101, 0x1101, 0x0860, 0x0880, 0x1900, 0x3a41, 0x4ae1, 0x5301, 0x4ae1, 0x4ac1, 0x42a2, 0x4282, 0x4281, 0x42c1, 0x42a1, 0x3201, 0x3223, 0x3a46, 
    0x3aec, 0x2b50, 0x3351, 0x3350, 0x3350, 0x2b50, 0x2b50, 0x2b50, 0x2b50, 0x2b30, 0x2b30, 0x2b30, 0x2b30, 0x2310, 0x2310, 0x230f, 0x230f, 0x230f, 0x230f, 0x1aef, 
    0x1aef, 0x12ef, 0x0aef, 0x0aef, 0x02ef, 0x02ce, 0x02ce, 0x02ce, 0x0aee, 0x0a6c, 0x0925, 0x00c3, 0x08c2, 0x08c3, 0x08c3, 0x08a2, 0x1943, 0x1922, 0x0040, 0x0040, 
    0x1101, 0x10e1, 0x2161, 0x3222, 0x42a2, 0x3a62, 0x10a0, 0x0000, 0x0000, 0x0020, 0x08a1, 0x0881, 0x0020, 0x10c0, 0x1960, 0x3a61, 0x3a61, 0x3241, 0x3222, 0x29c2, 
    0x1121, 0x1921, 0x42a2, 0x4b03, 0x4263, 0x2181, 0x31c1, 0x4261, 0x3201, 0x29e1, 0x3221, 0x31e1, 0x29a1, 0x29a1, 0x29a1, 0x2962, 0x2943, 0x0881, 0x18e2, 0x2964, 
    0x18e2, 0x10c1, 0x18e2, 0x2122, 0x31a4, 0x2122, 0x2143, 0x2963, 0x2962, 0x4203, 0x5265, 0x5265, 0x5aa6, 0x62c7, 0x7349, 0x83ec, 0x83ed, 0x6308, 0x4243, 0x52a6, 
    0x7369, 0x5287, 0x5a88, 0x7b6b, 0x62e9, 0x62c9, 0x732a, 0x736b, 0x62e9, 0x62e9, 0x62e9, 0x736b, 0x6b2a, 0x6b2a, 0x6b09, 0x6b2a, 0x734b, 0x73ac, 0x8430, 0x8451, 
    0x7c0f, 0x94d2, 0xa534, 0x8c4f, 0x6328, 0x5285, 0x4243, 0x4a63, 0x5264, 0x5284, 0x62e6, 0x5ac4, 0x5ac4, 0x7bcb, 0x942d, 0x6b47, 0x7368, 0x7b89, 0x6306, 0x8be9, 
    0x8bc9, 0x7326, 0x942d, 0x9c6e, 0x7baa, 0x944e, 0xb4f1, 0xb511, 0x9c6f, 0xa4b0, 0x9c90, 0x4a89, 0x5aea, 0x840e, 0x7b8c, 0x738c, 0x9470, 0xa4b0, 0x8c0d, 0x83cc, 
    0x7b8c, 0x838b, 0xa4b0, 0xb532, 0xacd0, 0xa48f, 0x942d, 0x9c2d, 0xa48f, 0xbd73, 0xa4b0, 0xacf1, 0x9c6e, 0x7ba8, 0x8c4e, 0xacf0, 0x9c8c, 0x8408, 0x73e6, 0x6be5, 
    0x6c24, 0x5ba2, 0x5342, 0x5b62, 0x63a2, 0x5b83, 0x4aa3, 0x52e4, 0x6ba7, 0x6347, 0x6b87, 0x73c5, 0x73c5, 0x7bec, 0x5aca, 0x738b, 0x6b86, 0x5b22, 0x6342, 0x5b41, 
    0x4243, 0x52c7, 0x6389, 0x52e7, 0x5327, 0x6ba7, 0x7409, 0x7c2a, 0x7c0a, 0x73e9, 0x8c8b, 0x7c47, 0x7c43, 0x8d03, 0x84c2, 0x7c63, 0x73e2, 0x6382, 0x6381, 0x7c62, 
    0x7c83, 0x73c3, 0x73c2, 0x8442, 0x7422, 0x5b43, 0x4ac2, 0x5302, 0x4ac1, 0x4aa2, 0x4aa1, 0x52e2, 0x4aa3, 0x4aa1, 0x5b22, 0x5b03, 0x6305, 0x62e5, 0x62a5, 0x6b08, 
    
    0x9470, 0xb5b5, 0xa511, 0x8c6d, 0x7baa, 0x62a6, 0x62e7, 0x736a, 0x6308, 0x738a, 0x738a, 0x6b8a, 0x7bcb, 0x6b49, 0x6b47, 0x6306, 0x6ba5, 0x5b81, 0x6383, 0x6b87, 
    0x4ae4, 0x42c1, 0x63a5, 0x73e5, 0x73c4, 0x7385, 0x6b65, 0x6345, 0x5323, 0x5323, 0x5323, 0x5363, 0x5361, 0x4b20, 0x4b40, 0x5361, 0x5ba2, 0x6401, 0x6400, 0x5360, 
    0x4b00, 0x4b01, 0x4b00, 0x4b20, 0x63a3, 0x6b86, 0x5b23, 0x5342, 0x4b00, 0x42c0, 0x42e0, 0x42e0, 0x42c0, 0x4280, 0x42a0, 0x4261, 0x4281, 0x4ac1, 0x4b00, 0x3a80, 
    0x1921, 0x10e1, 0x29e2, 0x1901, 0x0020, 0x0860, 0x10c0, 0x2180, 0x42a1, 0x4ae1, 0x4ac1, 0x4261, 0x3a21, 0x3201, 0x42c1, 0x5b62, 0x6363, 0x5b43, 0x5302, 0x4ae4, 
    0x4b6a, 0x32ab, 0x226a, 0x2330, 0x2330, 0x2330, 0x2310, 0x2310, 0x230f, 0x230f, 0x230f, 0x230f, 0x230f, 0x22ef, 0x22ef, 0x22ef, 0x1aef, 0x1acf, 0x12cf, 0x12af, 
    0x12cf, 0x0aae, 0x12ac, 0x124a, 0x1229, 0x0a08, 0x0a29, 0x0a6b, 0x028d, 0x02ae, 0x122c, 0x1146, 0x10e4, 0x21a5, 0x1103, 0x1101, 0x2182, 0x1921, 0x0020, 0x0881, 
    0x29e2, 0x10c1, 0x3222, 0x42a2, 0x29e1, 0x29a1, 0x0000, 0x0000, 0x0020, 0x08a1, 0x1141, 0x0081, 0x10e0, 0x29e1, 0x3241, 0x3a61, 0x3201, 0x4282, 0x3202, 0x29c2, 
    0x1101, 0x0020, 0x10a1, 0x2182, 0x29c1, 0x3a21, 0x3a21, 0x3a01, 0x1920, 0x21a1, 0x3201, 0x2181, 0x08a0, 0x0880, 0x0881, 0x10a1, 0x2923, 0x10a1, 0x0880, 0x2122, 
    0x31c3, 0x4205, 0x4225, 0x4a26, 0x5267, 0x31a4, 0x3183, 0x31c3, 0x4224, 0x52a5, 0x7369, 0x7baa, 0x83ab, 0x8c0c, 0x944f, 0x8c0e, 0x6b2a, 0x5a87, 0x5aa6, 0x7b8b, 
    0x83cc, 0x6b0a, 0x5aa8, 0x734a, 0x6b09, 0x5287, 0x62e9, 0x6b4b, 0x6b4b, 0x738c, 0x738c, 0x73ad, 0x7bee, 0x9491, 0x9d13, 0xb5b6, 0xce79, 0xdf1c, 0xd6db, 0xa555, 
    0x8c70, 0x840d, 0x6b6a, 0x4a64, 0x4202, 0x4a43, 0x5ac4, 0x5ac4, 0x5ac4, 0x6306, 0x7327, 0x7b68, 0x7b8a, 0x8c0c, 0x942c, 0x6b26, 0x83c8, 0x83e9, 0x3a23, 0x62e6, 
    0x7b47, 0x7b69, 0x9c4e, 0x9c70, 0x9c70, 0xacf2, 0xad32, 0x9c90, 0x83ad, 0x83cd, 0x6b6c, 0x6b8d, 0x9490, 0x8c0e, 0x946f, 0x9c6f, 0x944f, 0x9c4f, 0x8bcc, 0x944e, 
    0x942e, 0x838b, 0x838a, 0x9c6e, 0xa4af, 0xa4af, 0x9c4e, 0x9c4f, 0xa4d1, 0xacf2, 0xa46f, 0xa490, 0x8c2c, 0x8c6a, 0x7c28, 0x7405, 0x7426, 0x63c3, 0x4b21, 0x5322, 
    0x6be4, 0x63a2, 0x52e2, 0x4281, 0x63a3, 0x63a4, 0x52e5, 0x52e4, 0x6366, 0x6ba6, 0x7406, 0x7424, 0x7c24, 0x844d, 0x6b4c, 0x6b4b, 0x8c6b, 0x8468, 0x7c27, 0x73c6, 
    0x5b04, 0x6327, 0x73eb, 0x5b09, 0x6bac, 0x848b, 0x7c47, 0x73e6, 0x73e6, 0x6b84, 0x6bc4, 0x8485, 0x7c63, 0x84a1, 0x7441, 0x63a2, 0x6bc2, 0x63a2, 0x7422, 0x9522, 
    0x7402, 0x6383, 0x73c3, 0x8443, 0x6bc3, 0x5b43, 0x4282, 0x4262, 0x3a22, 0x4262, 0x4aa1, 0x4282, 0x4282, 0x4261, 0x5323, 0x4ac3, 0x3a21, 0x4202, 0x5224, 0x6b06, 
    
    0x8c4e, 0xa512, 0x94b0, 0x9cf2, 0x9cd1, 0x6b29, 0x39a1, 0x39c2, 0x39c2, 0x39c2, 0x6308, 0x7bcc, 0x7bcc, 0x738b, 0x5a88, 0x49e6, 0x62c7, 0x6ba5, 0x73a6, 0x6b46, 
    0x52c4, 0x4a64, 0x5265, 0x73c6, 0x7be6, 0x7bc6, 0x7ba6, 0x7ba7, 0x6b45, 0x5b24, 0x5ae4, 0x5b04, 0x5b23, 0x4b01, 0x4b20, 0x4b01, 0x4aa1, 0x52e1, 0x5b61, 0x5b61, 
    0x3a40, 0x29c0, 0x3a22, 0x52e4, 0x5b44, 0x6366, 0x52e2, 0x4ae1, 0x42c1, 0x42e1, 0x4301, 0x42e0, 0x42e1, 0x42c0, 0x42c1, 0x4ac1, 0x5322, 0x5322, 0x3a61, 0x1100, 
    0x10e1, 0x1961, 0x2181, 0x10e1, 0x0040, 0x0880, 0x1961, 0x1101, 0x2180, 0x3a61, 0x42a1, 0x4281, 0x3a61, 0x3a61, 0x4281, 0x5b02, 0x5b03, 0x52e3, 0x4ac2, 0x52e2, 
    0x5b83, 0x5b44, 0x42c6, 0x330e, 0x2310, 0x2310, 0x2310, 0x1af0, 0x1af0, 0x1ad0, 0x12cf, 0x12af, 0x12cf, 0x12cf, 0x12cf, 0x12cf, 0x1acf, 0x1acf, 0x1ace, 0x1acd, 
    0x2acb, 0x3ac8, 0x5b08, 0x52a4, 0x4a43, 0x4223, 0x4a64, 0x52a5, 0x42e8, 0x330b, 0x2aaa, 0x2a28, 0x29a5, 0x2184, 0x08c1, 0x08c1, 0x10e1, 0x1101, 0x29c2, 0x42a2, 
    0x3222, 0x0881, 0x1921, 0x1961, 0x1961, 0x1941, 0x10c1, 0x1941, 0x3220, 0x42a1, 0x21a1, 0x1921, 0x3241, 0x3241, 0x3a63, 0x3202, 0x1941, 0x3a82, 0x29e2, 0x2182, 
    0x1101, 0x0040, 0x08a1, 0x2142, 0x2181, 0x3a42, 0x4242, 0x31e2, 0x1941, 0x29a1, 0x1920, 0x10c0, 0x0040, 0x0000, 0x0020, 0x10a1, 0x39c3, 0x31a2, 0x31a2, 0x4223, 
    0x5264, 0x52a4, 0x5285, 0x5ac7, 0x5286, 0x4224, 0x5286, 0x5ac7, 0x6b28, 0x736a, 0x8c0d, 0x946f, 0x942e, 0x7bac, 0x7b8c, 0x7b6b, 0x734a, 0x738b, 0x734a, 0x734a, 
    0x6b0a, 0x630a, 0x630a, 0x738c, 0x7bcd, 0x7bee, 0x8c91, 0xa534, 0xb596, 0xbe17, 0xc659, 0xce9a, 0xdf1c, 0xe75d, 0xef7e, 0xf7bf, 0xffff, 0xdf1c, 0x9d13, 0x634b, 
    0x62e7, 0x5284, 0x4a43, 0x4223, 0x39e1, 0x4222, 0x5283, 0x5ac5, 0x7b89, 0x7349, 0x6b09, 0x946e, 0x8c0c, 0x7328, 0x940c, 0x7ba7, 0x6303, 0x944b, 0xaccf, 0x9c4e, 
    0x8bed, 0x942e, 0x8c0e, 0x8c2d, 0x8c0d, 0x8c4f, 0x9cd1, 0x7bcd, 0x940c, 0xa4f1, 0x9cd2, 0x9470, 0x8c2f, 0x7bac, 0x8bed, 0x9c4e, 0x9c6f, 0x9c6f, 0x9c2d, 0x93ed, 
    0xa4b0, 0x9c4e, 0x9c4e, 0x9c4e, 0xa46e, 0x940d, 0x940e, 0x9c91, 0xa4d2, 0x9c8d, 0x948b, 0x8408, 0x6bc3, 0x6bc1, 0x6c01, 0x6be2, 0x6be4, 0x5341, 0x4ae1, 0x5b22, 
    0x6bc3, 0x6382, 0x4ac2, 0x5b43, 0x7404, 0x5b24, 0x4a66, 0x52c4, 0x7404, 0x8488, 0x7c2a, 0x7429, 0x6bc6, 0x6b8a, 0x4227, 0x4227, 0x5aaa, 0x7bed, 0x9cee, 0x94cc, 
    0x7407, 0x73c7, 0x7be7, 0x6b86, 0x6b8a, 0x7c0a, 0x7c46, 0x7425, 0x6363, 0x5301, 0x73e3, 0x7423, 0x63c3, 0x63a2, 0x63a2, 0x5b22, 0x5b43, 0x6382, 0x7402, 0x7c23, 
    0x52e2, 0x6343, 0x6363, 0x5b22, 0x5b03, 0x5b43, 0x5302, 0x4262, 0x29a1, 0x3201, 0x29c1, 0x1921, 0x29a1, 0x29c1, 0x29c2, 0x3a22, 0x4221, 0x4222, 0x4203, 0x5245, 
    
    0xb5b4, 0xa553, 0x8c4e, 0x840e, 0xad54, 0xbe17, 0x6b6a, 0x4204, 0x5ae7, 0x4a45, 0x39e3, 0x6ae8, 0x7bab, 0x6b09, 0x41c4, 0x3162, 0x5266, 0x7b8a, 0x83ab, 0x5aa7, 
    0x6b07, 0x7329, 0x5a47, 0x62e6, 0x7bc9, 0x83e8, 0x8408, 0x8c09, 0x83c8, 0x7bc9, 0x5b07, 0x2981, 0x4203, 0x4aa3, 0x4aa2, 0x4241, 0x31c1, 0x31a1, 0x4221, 0x6b66, 
    0x6349, 0x39c3, 0x39c3, 0x73ab, 0x844d, 0x6367, 0x4ae3, 0x42c2, 0x42c1, 0x4b01, 0x42e0, 0x4300, 0x4b20, 0x4b00, 0x4ae0, 0x4ae1, 0x3a41, 0x3a81, 0x29c1, 0x0880, 
    0x0040, 0x10e0, 0x0880, 0x0860, 0x0860, 0x0880, 0x10e1, 0x10e1, 0x1100, 0x3a61, 0x4b01, 0x4ae1, 0x4aa1, 0x4aa1, 0x4281, 0x52c1, 0x52e2, 0x4aa2, 0x4261, 0x4261, 
    0x4aa1, 0x5b42, 0x6384, 0x5ba6, 0x5ba8, 0x5bc9, 0x5389, 0x4349, 0x434b, 0x3b4c, 0x3b4c, 0x3b4c, 0x3b2c, 0x3b2c, 0x434b, 0x434a, 0x538a, 0x5baa, 0x5b68, 0x5b46, 
    0x6303, 0x6303, 0x6b24, 0x6303, 0x6324, 0x6305, 0x5ae4, 0x62e4, 0x62e4, 0x6325, 0x5b05, 0x4aa5, 0x4a64, 0x4243, 0x2982, 0x10c1, 0x0881, 0x0880, 0x3242, 0x42c2, 
    0x29a1, 0x10c1, 0x10e1, 0x1942, 0x2182, 0x21a2, 0x2a02, 0x42a1, 0x5b80, 0x5321, 0x42a1, 0x3aa1, 0x3241, 0x2a01, 0x3202, 0x10c1, 0x08a0, 0x29e2, 0x2162, 0x10e1, 
    0x0881, 0x08a1, 0x2982, 0x29a2, 0x1901, 0x29c1, 0x31e2, 0x31c3, 0x1921, 0x1100, 0x0880, 0x0040, 0x10a1, 0x10a0, 0x2141, 0x4223, 0x4a84, 0x4243, 0x4202, 0x4223, 
    0x4a63, 0x4a62, 0x4a83, 0x4a63, 0x4a64, 0x52c5, 0x73aa, 0x83cc, 0x8c0c, 0x942d, 0x8c0d, 0x7bac, 0x7b8b, 0x6b0a, 0x6b09, 0x630a, 0x6b6b, 0x73ad, 0x83ee, 0x8c4f, 
    0x9cd2, 0xa534, 0xb5d7, 0xce79, 0xd6bb, 0xdf1c, 0xe75d, 0xef7e, 0xef9e, 0xef9e, 0xef9e, 0xef9e, 0xef7e, 0xe75d, 0xe75d, 0xf7bf, 0xd6bb, 0x844f, 0x52c6, 0x5285, 
    0x4223, 0x3a02, 0x4a63, 0x4222, 0x5284, 0x6b27, 0x6b48, 0x942d, 0x942d, 0x7b6a, 0x7bab, 0x8c2d, 0x7347, 0x940b, 0xbd11, 0x942b, 0x7367, 0xacaf, 0xb4f0, 0xacf1, 
    0x9470, 0x9490, 0x946f, 0x8c0c, 0x944e, 0x9490, 0x8c70, 0x7387, 0x7385, 0x840d, 0x9491, 0x9c90, 0x83cc, 0x83ed, 0xa48f, 0xacf0, 0xa4d0, 0xa4b0, 0x9c4d, 0x93ec, 
    0xa4af, 0xa4d0, 0xacd1, 0xacd0, 0xacd1, 0x942e, 0x8bec, 0x8c2c, 0x7c29, 0x6382, 0x5360, 0x5b80, 0x5ba0, 0x5ba0, 0x4b01, 0x4ac1, 0x5b42, 0x5322, 0x5322, 0x6be5, 
    0x6bc4, 0x5b22, 0x5302, 0x6ba4, 0x73c5, 0x5ae6, 0x5287, 0x52c4, 0x7422, 0x7c84, 0x6bc6, 0x6369, 0x5326, 0x5308, 0x52a9, 0x3a26, 0x31a4, 0x3a04, 0x5b27, 0x73e6, 
    0x73e4, 0x73c3, 0x7405, 0x73c7, 0x6368, 0x5b49, 0x63a4, 0x6bc1, 0x5341, 0x42c1, 0x5b82, 0x63c3, 0x5b61, 0x5b81, 0x7422, 0x7403, 0x73c3, 0x5b22, 0x5b42, 0x5b23, 
    0x5b02, 0x4aa2, 0x3a41, 0x4241, 0x4282, 0x3a22, 0x3a01, 0x3a22, 0x3a02, 0x4aa2, 0x3a42, 0x29c2, 0x4264, 0x5b45, 0x4aa2, 0x4a82, 0x4a41, 0x5aa3, 0x4a44, 0x4262, 
    
    0xad73, 0xb5b5, 0xa532, 0x83ed, 0x9491, 0xad54, 0xb5d6, 0x94b1, 0x94b0, 0x7bed, 0x4a45, 0x41e3, 0x62e8, 0x5266, 0x39c3, 0x5286, 0x4a45, 0x5aa8, 0x730a, 0x62c9, 
    0x5267, 0x5a67, 0x5a67, 0x62c8, 0x738a, 0x840b, 0x8c4a, 0x942a, 0x8be9, 0x6b27, 0x5284, 0x2981, 0x31a2, 0x31c2, 0x3182, 0x2961, 0x2981, 0x2961, 0x31a1, 0x4224, 
    0x736a, 0x7bcb, 0x5285, 0x842e, 0xa533, 0x73cc, 0x6349, 0x5b26, 0x5b24, 0x5323, 0x4b01, 0x4300, 0x4b41, 0x4b01, 0x42a0, 0x42c0, 0x3a80, 0x3a41, 0x29c1, 0x3201, 
    0x21a0, 0x1100, 0x0020, 0x0000, 0x0020, 0x0020, 0x0880, 0x1921, 0x29c0, 0x4ae1, 0x4b01, 0x5304, 0x52e3, 0x52e1, 0x52e1, 0x52e1, 0x52e1, 0x4aa1, 0x4261, 0x4281, 
    0x3a40, 0x4260, 0x5302, 0x5b02, 0x6363, 0x6ba4, 0x6ba4, 0x6343, 0x5b02, 0x5b23, 0x6b84, 0x73c5, 0x6bc4, 0x6ba4, 0x6b83, 0x6b83, 0x73a4, 0x7364, 0x6302, 0x6303, 
    0x62e4, 0x5ac3, 0x5282, 0x5283, 0x52a3, 0x5aa4, 0x5284, 0x4a64, 0x4223, 0x4202, 0x4222, 0x4a63, 0x5284, 0x52a4, 0x4a83, 0x4a83, 0x4244, 0x31c3, 0x1922, 0x1941, 
    0x29c2, 0x1101, 0x0860, 0x2162, 0x21c2, 0x21c2, 0x29e1, 0x42a1, 0x42a1, 0x3201, 0x3241, 0x4b01, 0x3241, 0x21a1, 0x1101, 0x0020, 0x0040, 0x10e1, 0x1942, 0x0861, 
    0x0000, 0x0060, 0x1942, 0x10c1, 0x0040, 0x08c1, 0x18e1, 0x3a04, 0x4204, 0x3a03, 0x4a44, 0x4223, 0x4243, 0x52a5, 0x5b07, 0x5ac6, 0x4a65, 0x4a45, 0x4a44, 0x4a63, 
    0x4a63, 0x4a63, 0x3a22, 0x31c2, 0x3a04, 0x5286, 0x6b68, 0x7bab, 0x942e, 0x8c2e, 0x7bac, 0x738c, 0x83ee, 0x9491, 0x9cf2, 0xa555, 0xbe18, 0xce9a, 0xdefb, 0xe73d, 
    0xef7e, 0xef9e, 0xf7bf, 0xf7bf, 0xf7bf, 0xf7bf, 0xef9e, 0xef7e, 0xe75d, 0xef7d, 0xef7d, 0xef7d, 0xef5d, 0xef7e, 0xf79f, 0xe71c, 0x8c4f, 0x52a5, 0x4a22, 0x4a63, 
    0x4a42, 0x5283, 0x4a43, 0x5264, 0x6b27, 0x6b27, 0x7348, 0x8c0e, 0x83cc, 0x83ab, 0x6b28, 0x83aa, 0x83aa, 0x940b, 0x9c4c, 0x9c4d, 0xacd0, 0xa490, 0x8c0d, 0x8c0e, 
    0x944f, 0x9cd1, 0x8c70, 0x8c4f, 0x946f, 0x840d, 0x7369, 0x7366, 0x8c2b, 0x7bac, 0x8c2e, 0x944f, 0x8bec, 0x942d, 0x9c8e, 0xa4cf, 0xa4d0, 0xad11, 0x9c4d, 0x940c, 
    0xa48f, 0x9c6f, 0x942e, 0xa4b0, 0x948f, 0x8c4b, 0x73e4, 0x63a2, 0x5b80, 0x5340, 0x5361, 0x63c1, 0x5b81, 0x4b21, 0x3241, 0x4281, 0x5b63, 0x6383, 0x6be3, 0x6be4, 
    0x6b85, 0x6b85, 0x52e3, 0x5b24, 0x73c9, 0x73aa, 0x5ae7, 0x6366, 0x7423, 0x7423, 0x7407, 0x5b46, 0x5b46, 0x638a, 0x5b08, 0x6346, 0x5b46, 0x6ba5, 0x6362, 0x6b82, 
    0x6bc3, 0x7c45, 0x8488, 0x7c28, 0x5b46, 0x636a, 0x4286, 0x5342, 0x63c1, 0x4b00, 0x5301, 0x5b23, 0x5321, 0x63c2, 0x7c64, 0x73c3, 0x6322, 0x5b22, 0x5301, 0x42a1, 
    0x3201, 0x2181, 0x29c1, 0x31c1, 0x4262, 0x4221, 0x31e1, 0x2981, 0x29a2, 0x4ac3, 0x52e3, 0x5304, 0x5304, 0x6be3, 0x5b81, 0x5302, 0x52e2, 0x52c2, 0x4ac2, 0x63c2, 
    
    0xad32, 0xad32, 0xa510, 0xa4f1, 0x9cd1, 0xad34, 0xa512, 0x8c2e, 0x9cf2, 0x8c70, 0x6309, 0x6329, 0x4a44, 0x5265, 0x62e8, 0x5ae8, 0x4a24, 0x5245, 0x4204, 0x5aa8, 
    0x5aa8, 0x39c4, 0x4205, 0x5a87, 0x7b8b, 0x8c2d, 0x8c4c, 0x7bc8, 0x7386, 0x73a9, 0x7beb, 0x5ac6, 0x31a1, 0x2981, 0x2141, 0x2141, 0x2141, 0x2160, 0x2980, 0x39e2, 
    0x736a, 0x8c4d, 0x6b6a, 0x8c2f, 0x94b1, 0x73aa, 0x52e7, 0x52c7, 0x4ac5, 0x6ba8, 0x63a7, 0x4b02, 0x4300, 0x4ae1, 0x42a1, 0x42a0, 0x3a61, 0x29c1, 0x1101, 0x29c1, 
    0x3a81, 0x2181, 0x0880, 0x0060, 0x0880, 0x2160, 0x3221, 0x4ac1, 0x4ac1, 0x4ac1, 0x4ac2, 0x4ae3, 0x4ac2, 0x4ac0, 0x4ac0, 0x4aa1, 0x42c0, 0x4ac0, 0x4b01, 0x5321, 
    0x42a1, 0x3a40, 0x4261, 0x4262, 0x52a4, 0x6305, 0x6b66, 0x73a6, 0x5b23, 0x52e1, 0x5b22, 0x5b02, 0x5b21, 0x5b22, 0x52e1, 0x6b64, 0x840a, 0x840b, 0x7388, 0x5ae4, 
    0x52c3, 0x5282, 0x4a42, 0x4a62, 0x4a42, 0x4242, 0x4a62, 0x4a62, 0x4242, 0x3a22, 0x31e2, 0x31a1, 0x39e2, 0x4a63, 0x52c3, 0x52e3, 0x5b04, 0x6325, 0x52c5, 0x4245, 
    0x2182, 0x10e1, 0x0040, 0x1121, 0x1981, 0x1961, 0x1961, 0x2161, 0x10e1, 0x1101, 0x3221, 0x4ae1, 0x3241, 0x1941, 0x0060, 0x0000, 0x0881, 0x10e2, 0x10c2, 0x0020, 
    0x0000, 0x0000, 0x0881, 0x08c2, 0x1923, 0x3a24, 0x4a84, 0x5ae4, 0x5ae4, 0x52a3, 0x52a3, 0x52a4, 0x4a64, 0x4a65, 0x4225, 0x31a3, 0x31a3, 0x4204, 0x4224, 0x4a64, 
    0x4a65, 0x4224, 0x4204, 0x4204, 0x31a3, 0x4a46, 0x7b8b, 0x7bac, 0x736b, 0x7bac, 0x840e, 0xc618, 0xdf1c, 0xef7e, 0xef9e, 0xefbf, 0xf7bf, 0xf7bf, 0xf7bf, 0xef9e, 
    0xef9e, 0xef7e, 0xe73d, 0xe75d, 0xef7d, 0xef7d, 0xef7e, 0xef9e, 0xef9e, 0xefbe, 0xef9e, 0xef7e, 0xdefb, 0xc618, 0xa4f1, 0x7389, 0x5285, 0x4a43, 0x5aa5, 0x6b07, 
    0x7b89, 0x7328, 0x62c6, 0x7328, 0x7328, 0x62e6, 0x7b8a, 0x7349, 0x7bab, 0x736b, 0x6b29, 0x83ab, 0x942e, 0x942d, 0x734a, 0x62e9, 0x9cb0, 0x9cb1, 0x9470, 0x9491, 
    0x9cb0, 0x7bac, 0x6b6b, 0x6b4a, 0x840d, 0x83ec, 0x8c0b, 0x8c0d, 0x8c0e, 0x9470, 0x946f, 0x9c90, 0x9c6f, 0x942d, 0x9c6e, 0xa48f, 0xa490, 0xacd1, 0x9c90, 0x944e, 
    0x9c8f, 0x946e, 0x840a, 0x73e6, 0x6be4, 0x63e1, 0x63e0, 0x6be1, 0x6381, 0x5b41, 0x7403, 0x63a2, 0x4b02, 0x4b01, 0x5b83, 0x6be3, 0x7404, 0x6bc2, 0x5b61, 0x63a1, 
    0x6383, 0x6305, 0x52c3, 0x5b62, 0x7c86, 0x7427, 0x4ac6, 0x52c6, 0x63a5, 0x6c05, 0x7c89, 0x742b, 0x7c2c, 0x6b89, 0x5b05, 0x6be5, 0x7c64, 0x8ca5, 0x8483, 0x73e2, 
    0x6bc2, 0x7c24, 0x7c67, 0x84a7, 0x6383, 0x5324, 0x4285, 0x5b46, 0x63c3, 0x5322, 0x5b23, 0x73e7, 0x7c06, 0x6be2, 0x6364, 0x5b03, 0x5b02, 0x4261, 0x3a61, 0x4aa2, 
    0x3a21, 0x10e0, 0x1901, 0x3a22, 0x4aa3, 0x4aa3, 0x4ac2, 0x4aa2, 0x3a02, 0x31c1, 0x5322, 0x6c02, 0x63a3, 0x63a2, 0x63e1, 0x4b01, 0x3a41, 0x3200, 0x4280, 0x6382, 
    
    0xa4cf, 0xa4cf, 0xa4cf, 0xbdd5, 0xc637, 0x942f, 0x732b, 0x62c8, 0x7b8b, 0x738a, 0x62e8, 0x7bab, 0x842d, 0x842d, 0x6b6a, 0x4a45, 0x4204, 0x4204, 0x4a45, 0x6308, 
    0x6b29, 0x736b, 0x6b4a, 0x5266, 0x736b, 0x83ed, 0x9c90, 0xa4f0, 0x8409, 0x840a, 0xbdf6, 0x9cf0, 0x4a83, 0x4202, 0x4a64, 0x39e2, 0x31c0, 0x31e1, 0x3a01, 0x4223, 
    0x738a, 0xad74, 0xb574, 0x8c4f, 0x840e, 0x6348, 0x6327, 0x5b07, 0x4a85, 0x73cc, 0x844d, 0x5344, 0x3ac0, 0x42e1, 0x4b01, 0x4261, 0x18e1, 0x0860, 0x08c1, 0x1941, 
    0x3240, 0x3a41, 0x3201, 0x3201, 0x3a40, 0x42a0, 0x42c0, 0x4ac2, 0x4aa2, 0x4ac2, 0x4aa2, 0x4282, 0x4ae1, 0x5321, 0x4ae1, 0x3a80, 0x3a40, 0x42a1, 0x4b00, 0x4b00, 
    0x4ae1, 0x42a1, 0x3a41, 0x4a63, 0x5285, 0x5284, 0x5ac4, 0x6364, 0x6363, 0x5b42, 0x5b43, 0x5b43, 0x5301, 0x52e1, 0x4ac0, 0x5302, 0x6b44, 0x83ca, 0x7b8a, 0x6306, 
    0x52c3, 0x52c2, 0x4ac2, 0x4a82, 0x4a82, 0x4281, 0x4241, 0x4261, 0x4261, 0x4281, 0x4261, 0x3a01, 0x39e1, 0x4241, 0x4a82, 0x52a2, 0x52c2, 0x52e2, 0x5b23, 0x5b24, 
    0x5324, 0x4aa3, 0x31c2, 0x3202, 0x4263, 0x42a3, 0x29a2, 0x0861, 0x0880, 0x3a01, 0x4ae2, 0x4aa2, 0x21a1, 0x0880, 0x0881, 0x2164, 0x1943, 0x10e2, 0x0062, 0x0021, 
    0x0020, 0x0041, 0x1923, 0x31e3, 0x52e4, 0x5b03, 0x52a2, 0x4a61, 0x4261, 0x4241, 0x31e1, 0x39e2, 0x2982, 0x2141, 0x2961, 0x2982, 0x31a2, 0x2982, 0x31c3, 0x31a3, 
    0x4204, 0x4225, 0x4205, 0x4a25, 0x39e4, 0x39e5, 0x5287, 0x5ae8, 0x6b2a, 0x83cd, 0x9470, 0xce79, 0xf7bf, 0xef9f, 0xef9e, 0xef9e, 0xef7e, 0xef7e, 0xef7e, 0xef7e, 
    0xe75d, 0xe75d, 0xe73d, 0xef7e, 0xf7bf, 0xf7bf, 0xf7bf, 0xef7e, 0xe73d, 0xdefb, 0xc638, 0xa512, 0x8c2e, 0x6b27, 0x4242, 0x4221, 0x4a83, 0x4242, 0x52a5, 0x7349, 
    0x7349, 0x7328, 0x83cb, 0x8bcc, 0x7b69, 0x83eb, 0x7b88, 0x6b07, 0x8bed, 0x83cc, 0x8c0d, 0x942d, 0xa4af, 0x9c8f, 0x738c, 0x7bcb, 0xb573, 0xa532, 0x9cb0, 0x8c0d, 
    0x944e, 0x8c0c, 0x7bab, 0x7bcc, 0x9c8f, 0xa4f2, 0x8c4e, 0x83cc, 0x7b8b, 0x8c0e, 0x8c0e, 0x8bee, 0x942e, 0x9c2e, 0x9c6f, 0xa48f, 0x946c, 0x948b, 0x9ccb, 0x8c88, 
    0x7c26, 0x73e5, 0x6be4, 0x5b61, 0x5380, 0x5360, 0x5b61, 0x63a2, 0x7c23, 0x7c02, 0x6be2, 0x5362, 0x42c1, 0x5362, 0x7465, 0x7c84, 0x6382, 0x5b61, 0x6be1, 0x6c01, 
    0x5302, 0x4222, 0x6362, 0x7424, 0x6c06, 0x63a6, 0x4ac6, 0x31e4, 0x4263, 0x6ba8, 0x740a, 0x7409, 0x6ba8, 0x73aa, 0x844a, 0x8488, 0x7c24, 0x6382, 0x6ba2, 0x6361, 
    0x7c21, 0x8461, 0x6be4, 0x6c05, 0x5322, 0x3a80, 0x5342, 0x5b83, 0x5b64, 0x6366, 0x5304, 0x6386, 0x948a, 0x8c46, 0x6342, 0x6323, 0x4aa1, 0x4aa2, 0x52e2, 0x5b03, 
    0x52c2, 0x4261, 0x4263, 0x3a22, 0x31e2, 0x4a82, 0x52e3, 0x52e3, 0x52c3, 0x31e2, 0x5342, 0x6be3, 0x5302, 0x4261, 0x4ae2, 0x4282, 0x4282, 0x3a21, 0x4a61, 0x4a61, 
    
    0x946d, 0x944c, 0x944c, 0xa4f0, 0xb553, 0xa4f1, 0x8c4f, 0x6b09, 0x738b, 0x7bab, 0x5aa6, 0x5ac6, 0x8c6e, 0xadb5, 0x9d12, 0x6b6b, 0x52a6, 0x39c3, 0x39c2, 0x39e3, 
    0x5286, 0x6b2a, 0x5287, 0x4a45, 0x6b29, 0x7bcd, 0x9c90, 0xa4f2, 0xad12, 0x83ec, 0x83eb, 0x948d, 0x6b65, 0x7366, 0x6b27, 0x4a63, 0x3a00, 0x4242, 0x842d, 0xad74, 
    0xa553, 0xad74, 0xbdb6, 0xa512, 0x5ae8, 0x4a85, 0x5b07, 0x6348, 0x52c6, 0x52a6, 0x844e, 0x6367, 0x52e3, 0x52c3, 0x4a63, 0x4223, 0x3181, 0x2140, 0x2180, 0x3221, 
    0x4261, 0x3a61, 0x4261, 0x3a40, 0x3a40, 0x3a80, 0x42c1, 0x4281, 0x4aa2, 0x52e2, 0x4ac2, 0x4282, 0x42a1, 0x4b00, 0x5340, 0x5340, 0x42a0, 0x4280, 0x3a60, 0x3201, 
    0x3200, 0x42a1, 0x4ac3, 0x4a63, 0x5aa6, 0x6b49, 0x52c5, 0x4aa1, 0x52e1, 0x5b41, 0x5320, 0x4ac0, 0x52e0, 0x5300, 0x52e0, 0x52e0, 0x52e0, 0x5b02, 0x6345, 0x7387, 
    0x6b66, 0x6343, 0x5322, 0x4ae1, 0x4b01, 0x42c1, 0x4281, 0x42a0, 0x3a80, 0x42c0, 0x4b00, 0x4ae0, 0x4280, 0x42c0, 0x4ac1, 0x4aa1, 0x4aa1, 0x52c1, 0x52e1, 0x52e1, 
    0x5302, 0x5b63, 0x6383, 0x5323, 0x5b44, 0x6b86, 0x5b05, 0x4aa4, 0x5305, 0x6364, 0x6384, 0x5b44, 0x4ac3, 0x39e2, 0x3a23, 0x5305, 0x52c4, 0x3a44, 0x2142, 0x1902, 
    0x2162, 0x3a23, 0x4ac3, 0x4ac2, 0x5302, 0x4aa1, 0x4240, 0x4240, 0x4a80, 0x4aa0, 0x4280, 0x3a40, 0x3a00, 0x4241, 0x4a62, 0x4a83, 0x4243, 0x4224, 0x4a65, 0x4224, 
    0x4225, 0x4a45, 0x4225, 0x4225, 0x5267, 0x6309, 0x632a, 0x738c, 0x7bad, 0xa513, 0xdedb, 0xef7e, 0xef7e, 0xef7e, 0xef7e, 0xef7e, 0xef7e, 0xef7d, 0xef7e, 0xef7d, 
    0xef9e, 0xf7bf, 0xef7e, 0xdefb, 0xd6ba, 0xce7a, 0xc5f7, 0xad13, 0x9470, 0x8c4f, 0x840d, 0x62e6, 0x5284, 0x4a42, 0x5283, 0x52a4, 0x52a5, 0x5ae7, 0x6329, 0x736b, 
    0x7b8b, 0x83ac, 0x8c0d, 0x7baa, 0x7baa, 0x8c0c, 0x7bab, 0x5aa8, 0x734b, 0x946f, 0x946f, 0x7bec, 0x7bcc, 0x840e, 0x94b1, 0xa511, 0x9cd1, 0x946f, 0x9caf, 0x840c, 
    0x944e, 0xa4f1, 0x9cd0, 0x8c70, 0x9cb0, 0xad12, 0x83ec, 0x7b8a, 0x7309, 0x7b6b, 0x944e, 0x8bed, 0x9c4f, 0x944e, 0x948c, 0x8c88, 0x7c23, 0x7402, 0x7421, 0x6c01, 
    0x5b80, 0x63a0, 0x6be1, 0x5b81, 0x5b61, 0x6382, 0x63a2, 0x6bc1, 0x8423, 0x7be3, 0x5b41, 0x5341, 0x5302, 0x63a2, 0x6c23, 0x5b82, 0x52e3, 0x6be4, 0x7c43, 0x5302, 
    0x5b43, 0x6402, 0x6c02, 0x63a6, 0x73eb, 0x5b49, 0x4266, 0x4264, 0x6367, 0x5b27, 0x5304, 0x6c06, 0x73e8, 0x73e7, 0x7c09, 0x8425, 0x7402, 0x6381, 0x5302, 0x5b23, 
    0x73c2, 0x6381, 0x6362, 0x5b24, 0x42c3, 0x42a2, 0x4ae2, 0x6363, 0x5b43, 0x52c2, 0x6363, 0x5302, 0x8428, 0x8c66, 0x6b42, 0x6b84, 0x5303, 0x4ac3, 0x4aa2, 0x4282, 
    0x3a22, 0x31e1, 0x3a42, 0x31e1, 0x4262, 0x52c2, 0x52c3, 0x6305, 0x6345, 0x6364, 0x63a4, 0x5b43, 0x4a83, 0x2181, 0x3a21, 0x5b21, 0x6b84, 0x6b23, 0x52a2, 0x39e0, 
    
    0xb573, 0xa4cf, 0x9caf, 0x9c8e, 0x942c, 0x9c8e, 0xb574, 0xad53, 0x8c4f, 0x8c4f, 0x840d, 0x94b1, 0x9cf2, 0xb5b5, 0xc658, 0xb5d6, 0x7c0e, 0x73ac, 0x73ab, 0x5285, 
    0x4a45, 0x5266, 0x4a66, 0x4a65, 0x738b, 0xad54, 0x946f, 0x8c6f, 0x8c4f, 0x8c50, 0x9cf1, 0x9cd0, 0x7389, 0x6326, 0x7368, 0x7ba9, 0x6b26, 0x4222, 0x840e, 0xbdf8, 
    0xce79, 0xd6ba, 0xa4f3, 0x8c30, 0x5b09, 0x5ae7, 0x5286, 0x5aa6, 0x5aa6, 0x4224, 0x6308, 0x6b48, 0x5284, 0x41e3, 0x41c4, 0x4a23, 0x52c1, 0x5341, 0x4b01, 0x3a41, 
    0x29a1, 0x1921, 0x3201, 0x3220, 0x29c0, 0x4261, 0x4ae1, 0x4ac1, 0x4ae1, 0x5322, 0x5302, 0x5303, 0x4ac2, 0x42e0, 0x42c0, 0x42c0, 0x42c0, 0x4ae0, 0x42a0, 0x3220, 
    0x3200, 0x42a1, 0x52e3, 0x4a83, 0x62e7, 0x9491, 0x94d1, 0x8c8f, 0x6366, 0x4ae0, 0x5361, 0x5b41, 0x5320, 0x5b41, 0x5320, 0x5301, 0x5b42, 0x5322, 0x6384, 0x6ba5, 
    0x6363, 0x5b63, 0x5b42, 0x5341, 0x4b20, 0x4b20, 0x4b00, 0x4ae0, 0x42c0, 0x3aa0, 0x42e0, 0x4b20, 0x4b00, 0x42c0, 0x42a0, 0x42c0, 0x42a0, 0x4aa0, 0x42a0, 0x4ae0, 
    0x4b20, 0x4b00, 0x5321, 0x5342, 0x5341, 0x5b43, 0x6bc6, 0x73e7, 0x6385, 0x6385, 0x5b84, 0x5b83, 0x5b63, 0x5322, 0x5322, 0x4260, 0x4261, 0x4aa1, 0x4281, 0x4ac2, 
    0x5322, 0x5b62, 0x5b62, 0x5b42, 0x5b42, 0x5b62, 0x5b62, 0x52e0, 0x5300, 0x5300, 0x5321, 0x52c2, 0x4a83, 0x5283, 0x52a4, 0x4a64, 0x5ae7, 0x5ae7, 0x4a85, 0x52a6, 
    0x52a7, 0x4224, 0x4a45, 0x5aa7, 0x6b4a, 0x9490, 0x9cd1, 0xb595, 0xce58, 0xe73d, 0xef9e, 0xef7e, 0xef7e, 0xef7e, 0xef7e, 0xef7e, 0xef7e, 0xef7e, 0xef7e, 0xf7bf, 
    0xf7bf, 0xd6ba, 0xb575, 0x944f, 0x83cd, 0x736c, 0x6b2a, 0x7b8a, 0x6b49, 0x62e6, 0x5ac5, 0x5283, 0x4222, 0x5ac6, 0x944d, 0x8c0c, 0x738b, 0x9470, 0x8c2f, 0x7bac, 
    0x8bcc, 0x8bcc, 0x6b08, 0x83ec, 0x9cb0, 0x9c90, 0x9cd1, 0x8c2e, 0x7bac, 0x842f, 0x9cd2, 0x8c70, 0x7bad, 0x9470, 0x9cb1, 0x946f, 0x948f, 0xa512, 0x9490, 0xa4f1, 
    0xa532, 0x9cd0, 0x8c4e, 0x946f, 0x8c2d, 0x9c6f, 0x942d, 0x7b6a, 0x9c8e, 0xacf0, 0x9c8f, 0x9c6f, 0x946c, 0x7be7, 0x6bc3, 0x63a0, 0x63c1, 0x6bc2, 0x5b81, 0x5340, 
    0x5360, 0x5b41, 0x6381, 0x4ac1, 0x5342, 0x7444, 0x6be3, 0x5b22, 0x6324, 0x5ae3, 0x5b43, 0x6383, 0x5342, 0x5322, 0x6be3, 0x6bc3, 0x6384, 0x6bc4, 0x6383, 0x6384, 
    0x63c3, 0x5b62, 0x6384, 0x7407, 0x6bc9, 0x6b8a, 0x844f, 0x73cc, 0x6b88, 0x52e4, 0x6366, 0x94ae, 0x8c8b, 0x73c2, 0x6b62, 0x73e3, 0x7c44, 0x63a1, 0x5b62, 0x5b43, 
    0x52e1, 0x4281, 0x4ac1, 0x4ac3, 0x5303, 0x6384, 0x5b24, 0x6365, 0x5324, 0x4262, 0x3a01, 0x4242, 0x7386, 0x7c05, 0x6b25, 0x6b65, 0x6364, 0x5b02, 0x4a82, 0x4ae2, 
    0x4ac1, 0x3a22, 0x3a01, 0x3a22, 0x52c3, 0x52e3, 0x4a82, 0x52a3, 0x52a4, 0x6ba5, 0x6bc4, 0x3a21, 0x4221, 0x3a22, 0x4282, 0x5b01, 0x6344, 0x52a3, 0x4a82, 0x3a02, 
    
    0xacf1, 0xacf1, 0xbdb4, 0xbd94, 0xb531, 0xb532, 0xb553, 0xbdd5, 0x942e, 0x6b29, 0x83cc, 0xb5b6, 0xb5b6, 0xa554, 0xbe17, 0xbe17, 0xb5b6, 0xad95, 0x9d13, 0xa532, 
    0x9cf2, 0x73ac, 0x4203, 0x41e2, 0x6329, 0x9cf2, 0x8c4f, 0x946f, 0x6b2a, 0x736b, 0xb574, 0xad54, 0xa512, 0x6308, 0x4a44, 0x7349, 0x7b89, 0x52a5, 0x4a65, 0x6b6b, 
    0xa533, 0xb5b4, 0x73a9, 0x7bcd, 0x73aa, 0x5ae7, 0x4224, 0x4223, 0x4204, 0x4224, 0x5aa7, 0x5286, 0x3180, 0x2980, 0x31a0, 0x4240, 0x5300, 0x6363, 0x6383, 0x5b22, 
    0x4261, 0x3201, 0x3a61, 0x3a40, 0x3201, 0x31e1, 0x52e4, 0x4ac1, 0x3a80, 0x3aa1, 0x4b01, 0x4281, 0x3a42, 0x42a1, 0x3a61, 0x3221, 0x3a81, 0x4b01, 0x42e0, 0x42c0, 
    0x3a80, 0x3a61, 0x42a1, 0x4aa2, 0x738a, 0x94b2, 0xad96, 0xa532, 0x6b86, 0x52e1, 0x4ae0, 0x5301, 0x4aa1, 0x52e1, 0x5b61, 0x5b61, 0x5b82, 0x63a3, 0x63a3, 0x63a3, 
    0x5342, 0x5362, 0x5b82, 0x5380, 0x5360, 0x4b40, 0x4b00, 0x5321, 0x4b21, 0x4b00, 0x4b21, 0x4b21, 0x4b21, 0x3a81, 0x3220, 0x42c0, 0x5361, 0x4ac1, 0x42a0, 0x4ac0, 
    0x5301, 0x42c0, 0x42c0, 0x4b20, 0x4b20, 0x4ac0, 0x5b23, 0x73e8, 0x6ba8, 0x5343, 0x5362, 0x5ba2, 0x5381, 0x4b41, 0x5361, 0x42c0, 0x3a60, 0x3a40, 0x3a40, 0x4260, 
    0x5322, 0x63c4, 0x63e4, 0x5361, 0x4ac1, 0x5b02, 0x6383, 0x73c5, 0x73e5, 0x6383, 0x6343, 0x62c5, 0x5a85, 0x4203, 0x41e3, 0x4a45, 0x5286, 0x4a65, 0x4203, 0x3a04, 
    0x4244, 0x5ac7, 0x83ab, 0x942c, 0x93eb, 0xa4af, 0xd69a, 0xef9e, 0xf7bf, 0xef7e, 0xef7e, 0xef7e, 0xef7e, 0xef7e, 0xef7e, 0xef7e, 0xef9e, 0xf7bf, 0xf7bf, 0xe75d, 
    0xc617, 0x8c0f, 0x7b6b, 0x738a, 0x6328, 0x5ae7, 0x52a5, 0x52a4, 0x4a42, 0x4222, 0x4222, 0x4a42, 0x5aa5, 0x7bcc, 0x8c2e, 0x7bab, 0x62e8, 0x73ac, 0x8c2f, 0x7bab, 
    0x8c0d, 0x946e, 0x8c4e, 0x7bcc, 0x8c0d, 0x7bab, 0x840e, 0x8c4f, 0x94b1, 0x94b1, 0x944e, 0x944e, 0x946f, 0x942d, 0x83eb, 0x7369, 0x8c2d, 0x948e, 0x944e, 0x946f, 
    0x8c2d, 0x7b89, 0x83cb, 0x8c0d, 0x7309, 0x942e, 0xb531, 0xb511, 0xcdd5, 0xde57, 0xde77, 0xad6e, 0x7c24, 0x7402, 0x63a1, 0x63a1, 0x63a2, 0x5341, 0x4b01, 0x42a1, 
    0x3a81, 0x52e2, 0x6b83, 0x5b22, 0x5b83, 0x4b41, 0x42c1, 0x4aa4, 0x5b06, 0x5b44, 0x6be4, 0x7403, 0x63a2, 0x4ae1, 0x5322, 0x6be2, 0x63a2, 0x6384, 0x6384, 0x63e3, 
    0x5b82, 0x5303, 0x5b04, 0x7408, 0x73e8, 0x73ea, 0x8c8f, 0x7bee, 0x6b66, 0x5b03, 0x5b24, 0x6b85, 0x6344, 0x6364, 0x6363, 0x6363, 0x6ba3, 0x63a2, 0x5302, 0x4ac2, 
    0x4aa2, 0x4aa2, 0x4ae2, 0x5322, 0x5b23, 0x5b02, 0x5b23, 0x5b45, 0x4282, 0x4262, 0x3a03, 0x4224, 0x52c5, 0x6344, 0x52a4, 0x52e2, 0x5b42, 0x52e1, 0x4261, 0x31e0, 
    0x4a83, 0x6343, 0x4ac2, 0x4ae2, 0x4261, 0x3a42, 0x4262, 0x39e1, 0x39e2, 0x4a62, 0x52e2, 0x52c2, 0x4242, 0x4aa5, 0x4ac3, 0x4aa1, 0x4ac2, 0x4a63, 0x5283, 0x52c4, 
    
    0x8c2d, 0x9cb0, 0xbd94, 0xbd94, 0xbd94, 0xc5d5, 0xb532, 0x9caf, 0xa4f0, 0xa4f1, 0x9caf, 0xad53, 0xad74, 0xa533, 0xb5b5, 0xc679, 0xb5b6, 0xc638, 0xb5b6, 0xb5d6, 
    0xb5b6, 0xa554, 0x738b, 0x4224, 0x5285, 0x5285, 0x4a44, 0x5aa6, 0x4a45, 0x5aa7, 0x8c4f, 0x9490, 0x94b1, 0x8c70, 0x5ac8, 0x6b49, 0x52a6, 0x6308, 0x6b28, 0x5ac7, 
    0x83cc, 0x9cd0, 0x83e7, 0x83e8, 0x8c2a, 0x5283, 0x31c1, 0x31a1, 0x31a1, 0x39e3, 0x39e1, 0x31e0, 0x3200, 0x4242, 0x5b07, 0x52c3, 0x5b02, 0x6362, 0x6ba2, 0x6b64, 
    0x52c2, 0x4281, 0x4281, 0x3a61, 0x3a40, 0x3a62, 0x5326, 0x42a2, 0x3260, 0x3220, 0x3a61, 0x31e0, 0x31e1, 0x3201, 0x3a20, 0x3a61, 0x3a82, 0x3aa1, 0x42e2, 0x42c1, 
    0x3a60, 0x29c0, 0x3a20, 0x4a81, 0x73cb, 0x8c91, 0x842d, 0x5b24, 0x4ac1, 0x4ae1, 0x4a60, 0x4240, 0x4240, 0x4260, 0x4ae0, 0x5301, 0x6385, 0x5b44, 0x5b24, 0x6b86, 
    0x6ba6, 0x6385, 0x6ba6, 0x6ba5, 0x6c05, 0x63e5, 0x5ba3, 0x5b82, 0x5381, 0x5361, 0x5381, 0x5341, 0x5342, 0x5b63, 0x5b42, 0x4ae2, 0x4ae1, 0x4ae0, 0x4ac1, 0x4a81, 
    0x4aa4, 0x4ac2, 0x42c0, 0x3ac0, 0x3ac0, 0x3a60, 0x4281, 0x6365, 0x7389, 0x5304, 0x5342, 0x5bc1, 0x5ba1, 0x5361, 0x4b21, 0x5361, 0x5381, 0x4b40, 0x4b20, 0x42a1, 
    0x2983, 0x4227, 0x5ae9, 0x6365, 0x5b41, 0x5ac3, 0x5283, 0x5aa5, 0x6ae7, 0x6b06, 0x6325, 0x5ac4, 0x5ac7, 0x4a45, 0x31a2, 0x5264, 0x6b07, 0x7348, 0x83aa, 0x7b89, 
    0x83a9, 0xa48e, 0xb4ef, 0xb4ce, 0xac8d, 0xacae, 0xbd73, 0xce79, 0xef7e, 0xef9e, 0xef7e, 0xef7e, 0xef9e, 0xef9e, 0xef9e, 0xf7bf, 0xef9f, 0xd6db, 0xad34, 0x7bcd, 
    0x6b4a, 0x62e7, 0x52c5, 0x52c5, 0x4a83, 0x4242, 0x4a62, 0x4a42, 0x4221, 0x4a63, 0x5284, 0x5aa6, 0x6b4a, 0x6b2a, 0x5aa8, 0x39c3, 0x5aa7, 0x7bab, 0x7b8b, 0x62e7, 
    0x83cc, 0x948f, 0x8c4e, 0x7bec, 0x738a, 0x5ae8, 0x6b4b, 0x8c2d, 0x948f, 0x9caf, 0x8c0c, 0x8c0d, 0x8bec, 0x8c0c, 0x9cb0, 0x946e, 0x8c0c, 0x83eb, 0x8bec, 0x8bcc, 
    0x8bcc, 0x83aa, 0x7389, 0x946e, 0x8c0d, 0xa4b0, 0xcdd5, 0xde37, 0xd616, 0xb550, 0x8468, 0x5b81, 0x5340, 0x63a1, 0x5ba2, 0x5b62, 0x5b82, 0x5361, 0x4b01, 0x3a82, 
    0x4ac3, 0x6b83, 0x7c04, 0x6bc2, 0x3aa1, 0x42a3, 0x5304, 0x5b26, 0x6386, 0x5b83, 0x5321, 0x5b61, 0x42c1, 0x3221, 0x52e2, 0x63a2, 0x63a2, 0x7443, 0x5b82, 0x4b01, 
    0x3a81, 0x5324, 0x52e3, 0x5b45, 0x7406, 0x844b, 0x7beb, 0x73a9, 0x6ba4, 0x5b03, 0x5b02, 0x5ae1, 0x5b03, 0x6ba4, 0x6384, 0x5b02, 0x52c1, 0x5b23, 0x4ac3, 0x42a2, 
    0x4282, 0x4262, 0x52c4, 0x6365, 0x5b23, 0x4aa1, 0x52c2, 0x4262, 0x52c2, 0x52a3, 0x4aa5, 0x5ae6, 0x5b06, 0x52c3, 0x4a81, 0x5b22, 0x5b41, 0x4aa1, 0x4a42, 0x52a4, 
    0x5ae6, 0x4aa3, 0x4aa2, 0x5303, 0x3a21, 0x2160, 0x4262, 0x29a1, 0x2981, 0x4222, 0x52c1, 0x5b02, 0x4a82, 0x4aa2, 0x52e2, 0x52e1, 0x4ac2, 0x4a81, 0x62a3, 0x5282, 
    
    0x948f, 0x9490, 0xa4d1, 0xa4d1, 0x9c90, 0xb532, 0xc5b4, 0xb573, 0xad31, 0xc5f5, 0xbdd5, 0xad32, 0x9cd0, 0x8c4e, 0x736b, 0xa533, 0xbdf7, 0xce59, 0xc638, 0xc618, 
    0xbe17, 0xadb6, 0xa555, 0x94d2, 0x94b1, 0x634a, 0x5ae8, 0x738b, 0x62e8, 0x4a45, 0x62e8, 0x738b, 0x7bcc, 0x8c2e, 0x6b4b, 0x6b6a, 0x73ab, 0x738a, 0x736a, 0x5ac7, 
    0x5265, 0x6b28, 0x83ca, 0x6b26, 0x7b68, 0x8ba9, 0x7348, 0x4244, 0x4202, 0x4a43, 0x4242, 0x52a2, 0x6345, 0x7ba9, 0x8c2e, 0x7be8, 0x6b84, 0x6b63, 0x6342, 0x5b03, 
    0x6326, 0x52c2, 0x4aa1, 0x5341, 0x4b21, 0x42e1, 0x4aa3, 0x3a82, 0x3260, 0x3241, 0x3201, 0x3201, 0x3a41, 0x3201, 0x3200, 0x3a60, 0x3a81, 0x3aa2, 0x4b03, 0x3aa1, 
    0x3260, 0x3221, 0x3a81, 0x4280, 0x6366, 0x73a9, 0x52c3, 0x4aa1, 0x4ac1, 0x4260, 0x4220, 0x3a00, 0x4280, 0x4ac0, 0x4260, 0x52c4, 0x7bec, 0x6348, 0x6348, 0x6b49, 
    0x73aa, 0x7bca, 0x6b67, 0x6b68, 0x6b69, 0x73aa, 0x6ba8, 0x6366, 0x7c48, 0x63e4, 0x5380, 0x5360, 0x5b62, 0x6383, 0x6384, 0x4a64, 0x4222, 0x4241, 0x4202, 0x5284, 
    0x52a5, 0x52c4, 0x5b05, 0x5b25, 0x4ac2, 0x4a83, 0x4a64, 0x5ae5, 0x52e4, 0x5b05, 0x5b24, 0x5341, 0x5b62, 0x52c4, 0x5265, 0x5aa4, 0x5ae4, 0x5301, 0x5381, 0x42c1, 
    0x2123, 0x2123, 0x20e4, 0x39c4, 0x5303, 0x5b23, 0x5ae4, 0x5284, 0x4a23, 0x4a25, 0x6307, 0x8c2d, 0x9490, 0x738b, 0x6308, 0x52c7, 0x4a65, 0x7b69, 0xb4cf, 0xa48d, 
    0xb4ad, 0xb4ce, 0xa4af, 0xa46d, 0xa44c, 0x9c0b, 0x9c4d, 0xce58, 0xef9e, 0xef9e, 0xef9e, 0xf7bf, 0xf7bf, 0xef9e, 0xdf1c, 0xc618, 0x9cf2, 0x840d, 0x5b07, 0x4a84, 
    0x52c4, 0x52e3, 0x4a82, 0x4a83, 0x4aa3, 0x4a83, 0x4a42, 0x4a42, 0x5ac5, 0x7369, 0x944e, 0x946f, 0x7b8b, 0x5aa8, 0x6b2a, 0x83ac, 0x9c6e, 0xa48e, 0x7327, 0x7baa, 
    0x7bab, 0x62e7, 0x842e, 0x9cf2, 0x8c0e, 0x942e, 0x9c90, 0x8c0c, 0x6b27, 0x83ca, 0x7beb, 0x9c6e, 0xa4f1, 0xa4d1, 0xa4d1, 0x9c8f, 0x8c0d, 0x8bed, 0x9c2e, 0x9c8f, 
    0x9c6f, 0x944d, 0x9c8f, 0x9c8f, 0x9caf, 0xc5b4, 0xcdd5, 0xcdf5, 0xb571, 0x8446, 0x5b80, 0x4ae0, 0x5302, 0x5321, 0x5302, 0x42a2, 0x5321, 0x5340, 0x4b01, 0x5302, 
    0x6b64, 0x8447, 0x8c85, 0x5301, 0x29e1, 0x6b86, 0x73a7, 0x6b86, 0x6ba4, 0x63c4, 0x5b64, 0x5343, 0x5b43, 0x5b63, 0x7404, 0x6ba3, 0x5b41, 0x6c02, 0x5b82, 0x5b82, 
    0x6c04, 0x5b63, 0x5304, 0x5b45, 0x6b84, 0x6ba5, 0x6b86, 0x6364, 0x73a5, 0x6345, 0x6ba4, 0x6b84, 0x6325, 0x6324, 0x6343, 0x52c2, 0x3a01, 0x4222, 0x4282, 0x4282, 
    0x4282, 0x4ac4, 0x4a84, 0x4262, 0x4282, 0x4281, 0x4221, 0x2960, 0x4243, 0x5b04, 0x6b64, 0x6b44, 0x5b03, 0x52e3, 0x4282, 0x4ae1, 0x4ac1, 0x52a2, 0x62e4, 0x6324, 
    0x5284, 0x4a62, 0x4aa1, 0x5303, 0x3a21, 0x31c1, 0x3a44, 0x3a22, 0x4242, 0x4242, 0x4a82, 0x52c4, 0x4aa3, 0x4aa1, 0x4ac1, 0x6384, 0x4283, 0x3a22, 0x4221, 0x39c1, 
    
    0xa510, 0xb553, 0xbd94, 0xbd94, 0xb552, 0xa4d0, 0xb552, 0xc5f6, 0xbdd5, 0xad32, 0xb594, 0xbdd5, 0xbdb4, 0xa511, 0x8c0e, 0x948f, 0x9ccf, 0x8c2e, 0x8c4e, 0xa552, 
    0xb5d6, 0xbdd7, 0xbe18, 0xad96, 0xad95, 0x8c6f, 0x83ee, 0xad74, 0x9cf2, 0x6b4a, 0x4a24, 0x5265, 0x5aa7, 0x5ac8, 0x6329, 0x52a7, 0x738b, 0x736a, 0x6328, 0x5285, 
    0x5266, 0x5ac7, 0x6308, 0x738a, 0x7bcb, 0x8c0c, 0x9c8f, 0x83aa, 0x5284, 0x4a63, 0x5283, 0x6305, 0x6348, 0x6327, 0x52a5, 0x736a, 0x94b0, 0xad53, 0x9cd0, 0x6b66, 
    0x5a85, 0x5283, 0x5301, 0x5b83, 0x5b83, 0x4ae0, 0x4281, 0x3aa0, 0x42e0, 0x4b20, 0x42c0, 0x42c1, 0x4b01, 0x4ac1, 0x42c0, 0x4b21, 0x5322, 0x4281, 0x3a40, 0x3aa0, 
    0x3aa0, 0x3a80, 0x3241, 0x3a81, 0x4ae1, 0x5302, 0x52c3, 0x4ae2, 0x4281, 0x31e1, 0x39c1, 0x39c0, 0x3a20, 0x4280, 0x4262, 0x5b27, 0x7c0e, 0x7c0d, 0x73ec, 0x52c6, 
    0x5ac8, 0x6328, 0x4ae3, 0x5b05, 0x7b6a, 0x6b2a, 0x632a, 0x632a, 0x840c, 0x842a, 0x6bc4, 0x5ba1, 0x5b42, 0x52a3, 0x5b04, 0x6305, 0x5aa4, 0x4223, 0x39e3, 0x39c2, 
    0x4a63, 0x5ac6, 0x7baa, 0x944d, 0x7328, 0x5aa7, 0x736b, 0x7bcc, 0x5ac5, 0x5ac5, 0x6b68, 0x5ac4, 0x52c3, 0x52a4, 0x5a66, 0x5245, 0x4a43, 0x4241, 0x4281, 0x4aa2, 
    0x6326, 0x4a44, 0x39c2, 0x3a03, 0x4a64, 0x4aa4, 0x52c5, 0x4a84, 0x4243, 0x4245, 0x4244, 0x52a6, 0x6308, 0x73ab, 0x6b49, 0x62e8, 0x5aa7, 0x7329, 0xa44d, 0xa44d, 
    0xa46d, 0xa44d, 0x9c2c, 0x9c2c, 0xa48e, 0xb574, 0xd6db, 0xef9e, 0xef9e, 0xf7bf, 0xef7e, 0xd6ba, 0xb5b6, 0xa514, 0x8c70, 0x736a, 0x6b49, 0x5b07, 0x4282, 0x4281, 
    0x4241, 0x3a20, 0x3a01, 0x4a42, 0x4a62, 0x5283, 0x4a43, 0x62e6, 0x83cb, 0x942e, 0x9c6f, 0x8c0c, 0x6b29, 0x7b8b, 0x83ec, 0x942d, 0x8bec, 0x7baa, 0x5266, 0x5aea, 
    0x7bcc, 0x738b, 0x94b1, 0xa4d1, 0x944e, 0x944d, 0x9caf, 0x944d, 0x7b89, 0x9c8f, 0x942d, 0x944e, 0xa4d0, 0xacf1, 0xa4b0, 0x944e, 0x9c6f, 0xacd0, 0xa4af, 0x944d, 
    0xa4d1, 0xad12, 0xa4d1, 0xad12, 0x83cd, 0x9450, 0xcdf6, 0xb553, 0x7387, 0x5340, 0x5b81, 0x6342, 0x5ae5, 0x3a43, 0x4283, 0x4ae2, 0x4b01, 0x42e0, 0x5b82, 0x7423, 
    0x73c3, 0x8425, 0x7c24, 0x6363, 0x5b43, 0x6ba4, 0x7c05, 0x8485, 0x7424, 0x7424, 0x84c6, 0x7c85, 0x7c64, 0x7422, 0x6be2, 0x5b62, 0x63a5, 0x73e7, 0x5323, 0x4b02, 
    0x6384, 0x5342, 0x6ba5, 0x6bc5, 0x6362, 0x5b41, 0x5301, 0x52e2, 0x6324, 0x6363, 0x6ba4, 0x6ba4, 0x6344, 0x52c3, 0x5302, 0x4ac1, 0x3a02, 0x4a82, 0x52c2, 0x52c3, 
    0x5b04, 0x5b04, 0x52c3, 0x4242, 0x3a21, 0x3a22, 0x2961, 0x39e2, 0x4a82, 0x52c2, 0x6303, 0x52a1, 0x3a21, 0x4241, 0x5b03, 0x4ac2, 0x4281, 0x4241, 0x5b04, 0x5b24, 
    0x4a63, 0x4262, 0x5321, 0x42c1, 0x29c1, 0x31e2, 0x31e2, 0x4282, 0x6343, 0x6b64, 0x5303, 0x4242, 0x2981, 0x2981, 0x52c3, 0x6386, 0x5b45, 0x52c3, 0x4221, 0x31c1, 
    
    0xa511, 0xb552, 0xbd94, 0xd677, 0xce16, 0xad10, 0x946d, 0xad32, 0xb573, 0xad12, 0xa512, 0xb574, 0xbdd5, 0xb573, 0xb574, 0xb573, 0xa4f0, 0x9cd0, 0x946d, 0x8c6c, 
    0x946e, 0x9cd1, 0xb595, 0xb5f7, 0xb5b6, 0xa512, 0x9c90, 0xa532, 0xad54, 0x94b1, 0x7c0e, 0x52a7, 0x4a25, 0x5ac8, 0x6b8b, 0x4a65, 0x4a24, 0x7bcc, 0x738b, 0x7bac, 
    0x738a, 0x5286, 0x6308, 0xad53, 0xad94, 0xa533, 0xad53, 0x842c, 0x5ae6, 0x4a84, 0x4262, 0x4262, 0x6369, 0x846f, 0x4266, 0x31a6, 0x9d14, 0xd6db, 0xd6ba, 0xb594, 
    0x7349, 0x5ac4, 0x52e1, 0x6345, 0x94cd, 0x848a, 0x5b41, 0x4b00, 0x4b00, 0x4b01, 0x4b61, 0x5ba1, 0x5361, 0x5361, 0x5380, 0x53a1, 0x53a2, 0x5343, 0x5302, 0x6384, 
    0x6be6, 0x5323, 0x3220, 0x3240, 0x42c0, 0x4ae1, 0x5b23, 0x52e3, 0x4aa2, 0x2981, 0x20e1, 0x2941, 0x4223, 0x3a22, 0x31c1, 0x52c5, 0x6369, 0x6b8b, 0x5b08, 0x52c6, 
    0x736b, 0x62e8, 0x4a63, 0x6326, 0xacd0, 0x6b28, 0x5286, 0x5ac8, 0x7bad, 0x8c4e, 0x946e, 0x7c09, 0x6bc5, 0x5b23, 0x6b46, 0x6b47, 0x6b47, 0x7388, 0x6b47, 0x5ae6, 
    0x6b46, 0x6325, 0x5284, 0x62e6, 0x8349, 0x7329, 0x6b28, 0x62e6, 0x62e6, 0x5a85, 0x5aa5, 0x5264, 0x4223, 0x5285, 0x4a44, 0x4202, 0x3a02, 0x39e1, 0x4223, 0x4a85, 
    0x4a84, 0x4a64, 0x5284, 0x52a4, 0x4224, 0x5285, 0x4224, 0x39e2, 0x3a03, 0x4244, 0x4a44, 0x5a85, 0x7b69, 0x940c, 0xa48e, 0xa46d, 0xa46e, 0xa46e, 0xacae, 0xac8e, 
    0xa4af, 0xbd94, 0xce16, 0xce37, 0xdefc, 0xef7e, 0xef7e, 0xef7d, 0xef7e, 0xd6bb, 0xa534, 0x83ee, 0x7bcc, 0x738a, 0x6327, 0x52c4, 0x4263, 0x3a22, 0x4a62, 0x4a62, 
    0x4221, 0x39e1, 0x4201, 0x4a62, 0x6307, 0x738a, 0x6b08, 0x7349, 0x8bcb, 0x942d, 0x6ae7, 0x7b8a, 0x7bac, 0x7bcb, 0x7b8a, 0x7b8b, 0x738b, 0x62e7, 0x4a65, 0x5ae9, 
    0x83eb, 0x83ec, 0x7bcc, 0x7329, 0x7b8b, 0x944e, 0x942d, 0x8c0b, 0xa4d0, 0x9c8f, 0x838a, 0x8bec, 0x83cb, 0x944e, 0x946e, 0x840c, 0x8c0d, 0x9c6f, 0xa4d0, 0x8c0d, 
    0x9c4e, 0x9c6f, 0x8c0e, 0x842f, 0x8bee, 0x8c2f, 0xbd95, 0xb574, 0x6b89, 0x4281, 0x29c0, 0x29a1, 0x31a3, 0x2983, 0x4aa3, 0x5361, 0x5381, 0x5361, 0x63c2, 0x6be1, 
    0x5b61, 0x5302, 0x6324, 0x7c26, 0x7c45, 0x7405, 0x8ce8, 0x84a4, 0x7c64, 0x7403, 0x7c44, 0x7c85, 0x7443, 0x6c03, 0x5b42, 0x4ae2, 0x6bc7, 0x7407, 0x6384, 0x5323, 
    0x5323, 0x5302, 0x6ba3, 0x5b43, 0x4281, 0x4ac1, 0x4aa1, 0x5b23, 0x5b23, 0x52c2, 0x5302, 0x52e2, 0x52c2, 0x4262, 0x3a61, 0x3a40, 0x3a42, 0x5b24, 0x4ac3, 0x52c3, 
    0x52e3, 0x4aa2, 0x5b04, 0x4aa3, 0x3a00, 0x2980, 0x31c2, 0x52e4, 0x6363, 0x52e2, 0x4a84, 0x39c2, 0x2982, 0x3a01, 0x4aa3, 0x4ac5, 0x5b05, 0x52c1, 0x3a40, 0x3a21, 
    0x3a41, 0x3a41, 0x3201, 0x29c1, 0x4281, 0x31e1, 0x31c2, 0x52c3, 0x5b01, 0x52c1, 0x3a21, 0x2161, 0x2141, 0x3a43, 0x4aa1, 0x4283, 0x42a3, 0x4aa2, 0x4222, 0x4222, 
    
    0x83ec, 0x9caf, 0xad32, 0xc5f6, 0xbd94, 0xa4af, 0x8c0c, 0x7bad, 0x9490, 0x9cae, 0xa4f1, 0xad32, 0xa512, 0xa512, 0xad33, 0xbdb5, 0xb595, 0xbdb4, 0xc637, 0xce37, 
    0xad73, 0x840e, 0x6b2b, 0xb595, 0xad74, 0x94b0, 0x9cf2, 0xc637, 0xbe17, 0xad75, 0x9cf2, 0x7bcd, 0x634a, 0x632a, 0x7bed, 0x5aa6, 0x52a6, 0x6b4b, 0x73ae, 0xa513, 
    0x9cd1, 0x6309, 0x5aa7, 0x7bcc, 0x8c2e, 0x73ac, 0x738a, 0x738a, 0x738a, 0x7bab, 0x6b48, 0x6328, 0x8c71, 0x8c8f, 0x52c7, 0x31e7, 0x7bef, 0xbdd6, 0xc658, 0xce59, 
    0x846f, 0x5303, 0x6ba6, 0x9cd0, 0xc618, 0xb593, 0x6bc6, 0x7407, 0x6ba5, 0x5322, 0x42e0, 0x4b40, 0x4b61, 0x6c46, 0x7ca9, 0x7467, 0x5362, 0x5303, 0x52e3, 0x5b06, 
    0x7c0c, 0x6b6a, 0x5b45, 0x5303, 0x42a0, 0x42a0, 0x5302, 0x4ae2, 0x5b24, 0x52c3, 0x4a44, 0x4204, 0x4243, 0x4a63, 0x4a42, 0x4242, 0x5ae7, 0x7c0e, 0x842f, 0x8c2f, 
    0xa4d1, 0x83ec, 0x83ec, 0xa4d0, 0xc5b4, 0x9c6e, 0x62e7, 0x5265, 0x6b4a, 0x83ed, 0x840e, 0x9490, 0x842c, 0x7be8, 0x6b67, 0x6b28, 0x83ec, 0x83cb, 0x7bca, 0x8c4c, 
    0x948e, 0x8c4c, 0x6b68, 0x6b06, 0x6ae6, 0x7b48, 0x7328, 0x4a24, 0x41e3, 0x4223, 0x4a44, 0x4202, 0x39e2, 0x4a23, 0x5263, 0x39c1, 0x4202, 0x62c6, 0x6b49, 0x6308, 
    0x4a64, 0x4223, 0x4243, 0x5284, 0x62e6, 0x7328, 0x4a44, 0x4244, 0x4a44, 0x7b48, 0x9c2c, 0x93cb, 0x9beb, 0xa44c, 0xbcee, 0xc530, 0xbd0f, 0xbcef, 0xac8d, 0x9c4d, 
    0xb553, 0xe75d, 0xf7bf, 0xef9e, 0xef7e, 0xe77d, 0xef9e, 0xf7df, 0xef9f, 0xa513, 0x736b, 0x8c2d, 0x6b47, 0x4a82, 0x4a41, 0x3a21, 0x4242, 0x52c3, 0x52c4, 0x52a3, 
    0x52a4, 0x5263, 0x4a42, 0x5ac5, 0x83aa, 0x9c6f, 0x944e, 0x7bab, 0x7b69, 0x8bec, 0x7369, 0x83ec, 0x736a, 0x7bab, 0x840c, 0x840d, 0x840c, 0x6b07, 0x7baa, 0x8c4f, 
    0x83ec, 0x734a, 0x83ac, 0x8c2d, 0x8bec, 0xacf1, 0x9c8f, 0x944e, 0x9c4e, 0x940c, 0x942c, 0xacf0, 0x8c0c, 0x7bac, 0x8c2d, 0x8c2e, 0x8bcd, 0x9c90, 0xacf1, 0x9c6e, 
    0x9c4e, 0x838c, 0x6b2b, 0x942e, 0xc573, 0xacd1, 0x83cd, 0xa4d2, 0x94d1, 0x4264, 0x2141, 0x1902, 0x18e1, 0x3202, 0x4ae2, 0x42e1, 0x4b01, 0x5341, 0x5b82, 0x5b85, 
    0x5304, 0x5305, 0x6ba5, 0x7c45, 0x7443, 0x7c45, 0x8466, 0x6be4, 0x6ba4, 0x63a3, 0x5b43, 0x5b65, 0x6ba5, 0x73e3, 0x5b43, 0x5304, 0x6bc6, 0x6ba4, 0x5b44, 0x6344, 
    0x5b43, 0x5322, 0x5b42, 0x4aa1, 0x31e1, 0x4241, 0x4241, 0x5ae4, 0x6345, 0x5b03, 0x52e2, 0x52e1, 0x3a01, 0x2140, 0x1900, 0x31c1, 0x4ac2, 0x4ac2, 0x4281, 0x4ac1, 
    0x4ac2, 0x4261, 0x5b24, 0x52e4, 0x4243, 0x4a63, 0x52a2, 0x5b01, 0x5b04, 0x52c5, 0x5b26, 0x52e6, 0x5b05, 0x52c4, 0x52c4, 0x5b05, 0x6b86, 0x5303, 0x31c0, 0x29a1, 
    0x2161, 0x2981, 0x4a44, 0x4a42, 0x4a81, 0x4ac2, 0x4aa3, 0x52e4, 0x4aa2, 0x4aa2, 0x29c2, 0x1921, 0x29c1, 0x3a42, 0x31e1, 0x3a01, 0x3a22, 0x3a01, 0x18e0, 0x2161, 
    
    0x83cc, 0x944e, 0xb553, 0xad13, 0xb532, 0xb552, 0xa4b1, 0x6b2a, 0x9cd1, 0xa4ce, 0x7bc9, 0x9cae, 0xad12, 0xad12, 0xa512, 0xb573, 0xbd94, 0x9cb0, 0x944e, 0xb573, 
    0xc617, 0xad52, 0x7bac, 0xad33, 0xb574, 0x9cd1, 0x83ed, 0x9cb1, 0xb594, 0xbdf7, 0xb5b5, 0xad95, 0xa533, 0x9490, 0xa533, 0x9cd2, 0x83ef, 0x6b6c, 0x52cb, 0x8c91, 
    0x9cd2, 0xa513, 0x8c90, 0x842e, 0x6b49, 0x4a24, 0x5245, 0x4a45, 0x5285, 0x5265, 0x5a67, 0x6289, 0x6b29, 0x6b45, 0x6ba7, 0x31e7, 0x2145, 0x4207, 0x6b4d, 0x7c10, 
    0x8471, 0x846c, 0x7be7, 0x8c4b, 0xa4f1, 0xa512, 0x946e, 0x8c4d, 0x7bcb, 0x6b87, 0x6b87, 0x63a7, 0x6bc9, 0x740e, 0x52aa, 0x632a, 0x6385, 0x4261, 0x4242, 0x5285, 
    0x6b29, 0x6b4b, 0x840c, 0x948f, 0x73eb, 0x5303, 0x52e2, 0x52e3, 0x5b24, 0x5b04, 0x52a3, 0x4a62, 0x31c0, 0x39e2, 0x4a63, 0x31c1, 0x39e3, 0x6b49, 0x8c2e, 0x7bcc, 
    0x6b48, 0x7388, 0x948e, 0x9c8f, 0x9c8e, 0xcdd4, 0xb511, 0x8c0c, 0x734a, 0x7b8b, 0x734a, 0x944f, 0x8c2f, 0x83ed, 0x83ec, 0x83ec, 0x8c4d, 0x83cb, 0x83ec, 0x8c4e, 
    0x8c2e, 0x8c2d, 0x840b, 0x8c0b, 0x8c0c, 0x7b89, 0x7348, 0x5265, 0x4203, 0x41e3, 0x31c2, 0x4202, 0x62c4, 0x62a3, 0x6b05, 0x6306, 0x62c6, 0x93ca, 0x8bcb, 0x7b6a, 
    0x7329, 0x5286, 0x4203, 0x5aa6, 0x5aa5, 0x5264, 0x5285, 0x52a6, 0x5285, 0x6ac6, 0x8b89, 0x8bab, 0x8bcb, 0x9c4d, 0xa46c, 0xa44b, 0x9be9, 0x9c0a, 0x942c, 0xa4f1, 
    0xd69a, 0xef7e, 0xef7d, 0xef9e, 0xf7bf, 0xef9e, 0xdf1c, 0xd67a, 0xb595, 0x73a9, 0x52e4, 0x5ae4, 0x4222, 0x4201, 0x3a02, 0x4a64, 0x52c5, 0x5b04, 0x5ac4, 0x5ac4, 
    0x6b27, 0x6b27, 0x62e5, 0x7b69, 0x83aa, 0x940c, 0x940c, 0x6b08, 0x6307, 0x738b, 0x948f, 0x83ec, 0x5284, 0x62e6, 0x6b27, 0x6307, 0x83ed, 0x8c2d, 0x7389, 0x7bab, 
    0x83ac, 0x7b6a, 0x7b8b, 0x8c0d, 0x8c2d, 0x8bec, 0x7ba9, 0x83aa, 0x7b69, 0x7b89, 0xa4af, 0xacaf, 0xa46f, 0xa4b0, 0xbd32, 0xc573, 0xbd32, 0xbd73, 0x946f, 0x736b, 
    0x8bed, 0x9c0d, 0x93ed, 0xc532, 0xb4f1, 0x738c, 0x5aa9, 0x736c, 0x6b4b, 0x31a3, 0x29a2, 0x2982, 0x2161, 0x4b02, 0x5342, 0x42c1, 0x42c0, 0x3aa0, 0x4ac4, 0x6b69, 
    0x73c7, 0x7c47, 0x7c44, 0x5b82, 0x5b82, 0x6be3, 0x6bc3, 0x6325, 0x6345, 0x63a4, 0x5b44, 0x4aa3, 0x5b44, 0x5301, 0x4ae2, 0x6366, 0x6366, 0x5b03, 0x5b24, 0x6364, 
    0x5b43, 0x4ac2, 0x4262, 0x4242, 0x4a81, 0x52c3, 0x5ac5, 0x6b46, 0x6b45, 0x52a2, 0x4aa1, 0x5ae2, 0x31e1, 0x2982, 0x3a02, 0x52c1, 0x4281, 0x3a40, 0x3a21, 0x4263, 
    0x52e4, 0x4281, 0x52e2, 0x4262, 0x52a4, 0x7387, 0x6b85, 0x6341, 0x5b03, 0x5ae4, 0x52e4, 0x5324, 0x5b63, 0x4a83, 0x4a63, 0x5b23, 0x31c2, 0x2982, 0x31e2, 0x31e2, 
    0x1921, 0x2961, 0x5242, 0x5aa2, 0x4242, 0x4aa3, 0x52e5, 0x5b25, 0x4aa4, 0x4264, 0x31c3, 0x2141, 0x2181, 0x2161, 0x31c2, 0x31c2, 0x3a24, 0x4202, 0x2961, 0x1901, 
    
    0x9c8f, 0x944e, 0x946f, 0x9470, 0xa4b1, 0x946f, 0x9cd1, 0xad31, 0x946c, 0x9caf, 0x840b, 0x9ccf, 0xbdb4, 0xbd94, 0xc5d4, 0xc5d5, 0xb573, 0xad32, 0x8c0d, 0x840d, 
    0xa4f0, 0xa4f0, 0xa511, 0xad53, 0x9cb1, 0xa4f2, 0x9450, 0x736b, 0x5aa7, 0x5ae7, 0x738b, 0x9490, 0xad54, 0xa533, 0xb595, 0x8c70, 0x632b, 0x842f, 0x9cd2, 0xa534, 
    0x94f2, 0x8450, 0x8430, 0x94b2, 0x7bec, 0x5aa6, 0x5286, 0x6b09, 0x736a, 0x4a45, 0x4a25, 0x5246, 0x5225, 0x5ae8, 0x73ac, 0x528a, 0x52aa, 0x4248, 0x2166, 0x52cc, 
    0xb5b5, 0x8c6d, 0x5a84, 0x5283, 0x6b28, 0x83ac, 0x7bab, 0x5aa5, 0x62c6, 0x6329, 0x634d, 0x6b6e, 0x7bef, 0x6329, 0x4202, 0x4224, 0x6b68, 0x6367, 0x5304, 0x6b87, 
    0x7baa, 0x7bcc, 0x7bcc, 0x8c4f, 0xad74, 0x9cf1, 0x842d, 0x7c0c, 0x842d, 0x73c8, 0x3a21, 0x4262, 0x3a41, 0x4223, 0x39e1, 0x31a1, 0x41c3, 0x5245, 0x62c7, 0x5266, 
    0x4202, 0x4240, 0x5ac3, 0x62e6, 0x5aa5, 0x942d, 0xd5d4, 0xd5f5, 0xc552, 0xb4d0, 0x9c2d, 0x8bec, 0x8bec, 0x942d, 0xb512, 0xacf1, 0xa4f0, 0x9caf, 0x8c2d, 0x83cb, 
    0x83ec, 0x946e, 0x83cb, 0x840c, 0x8c4e, 0x736a, 0x7329, 0x7b8b, 0x5a86, 0x6ac6, 0x5a64, 0x5a64, 0x6ac5, 0x7b05, 0x7307, 0x8bcc, 0x8baa, 0x8b89, 0x8b89, 0x8baa, 
    0x93ec, 0x93ec, 0x8bab, 0x83ab, 0x5ac7, 0x4a44, 0x62c7, 0x6308, 0x7b8a, 0x9c4e, 0xad12, 0xc5f6, 0xd679, 0xd699, 0xce37, 0xbd73, 0xc5b4, 0xce16, 0xce79, 0xe75d, 
    0xef9f, 0xef7e, 0xef5e, 0xdefc, 0xc617, 0xa4f2, 0x738b, 0x52a5, 0x4a64, 0x4a83, 0x3a21, 0x31c0, 0x39e2, 0x5263, 0x5285, 0x6b28, 0x6b06, 0x5ac4, 0x5aa4, 0x62e6, 
    0x8389, 0x940c, 0x942d, 0x8bec, 0x7baa, 0x8bcb, 0x83ab, 0x6b08, 0x5aa5, 0x6b49, 0x83eb, 0x7b89, 0x7347, 0x83a9, 0x7368, 0x7b89, 0x7bca, 0x7b89, 0x840b, 0xa4d0, 
    0x8c0c, 0x7b89, 0x946e, 0x942d, 0x83eb, 0x940d, 0x8c0c, 0x8c0c, 0x83ea, 0x8c0c, 0xa48f, 0xa48f, 0x9c2e, 0xbd32, 0xc573, 0x942f, 0x8c0f, 0x9cd2, 0x9cd1, 0x9c90, 
    0xbd52, 0xbd51, 0xacce, 0x946b, 0x7369, 0x736c, 0x946f, 0x736c, 0x4226, 0x18c1, 0x0020, 0x0040, 0x31e2, 0x5ba2, 0x63c2, 0x5b81, 0x5323, 0x5325, 0x5325, 0x6365, 
    0x6bc5, 0x7c66, 0x7c23, 0x6383, 0x52e2, 0x52e2, 0x73c5, 0x8428, 0x8c8a, 0x6bc5, 0x5b03, 0x5b02, 0x6bc4, 0x5b23, 0x5b23, 0x7c07, 0x73a7, 0x52e3, 0x52c2, 0x52c2, 
    0x4ac2, 0x4282, 0x52a3, 0x6b04, 0x6b43, 0x6b47, 0x83ea, 0x7ba6, 0x5b04, 0x4242, 0x31c1, 0x3a22, 0x4a83, 0x4263, 0x4a82, 0x52e2, 0x3a21, 0x3a21, 0x4262, 0x52e5, 
    0x52c3, 0x4241, 0x4a81, 0x3a22, 0x4262, 0x5302, 0x6324, 0x4a82, 0x4aa1, 0x2981, 0x2141, 0x5303, 0x4ae3, 0x29c1, 0x3202, 0x29c2, 0x1941, 0x2962, 0x2161, 0x1920, 
    0x4222, 0x5ac2, 0x4a82, 0x5283, 0x5b05, 0x4aa5, 0x4284, 0x4282, 0x29c1, 0x39e3, 0x5265, 0x39e4, 0x4243, 0x3a02, 0x4a44, 0x2942, 0x18e2, 0x2962, 0x3a22, 0x3a22, 
    
    0x9cf0, 0x8c2b, 0x9c8e, 0x9c8f, 0x83eb, 0xa4d1, 0x9cb0, 0x9c8d, 0x946b, 0xb594, 0xad32, 0xb553, 0xb553, 0xbdb4, 0xc5b5, 0xc5f6, 0xb573, 0xad32, 0xa4d0, 0x9cf1, 
    0x9cf0, 0xa510, 0xb573, 0xbd94, 0xa512, 0x9cb1, 0x8bee, 0x732b, 0x734a, 0x62e8, 0x5aa6, 0x736a, 0xa533, 0x9cf2, 0x7bed, 0x5ac7, 0x4203, 0x5a84, 0x840d, 0x9cf2, 
    0xa533, 0x8c91, 0x8c91, 0xa534, 0xa513, 0x8c90, 0x83ed, 0x62e9, 0x6309, 0x5aa6, 0x5265, 0x5266, 0x4227, 0x31c7, 0x5aeb, 0x5aea, 0x73ad, 0x8c92, 0x636d, 0x4ac9, 
    0x6bc8, 0x5302, 0x52c3, 0x52a3, 0x5aa4, 0x5aa3, 0x5283, 0x4202, 0x4222, 0x4a63, 0x5285, 0x4a64, 0x4a63, 0x4201, 0x4a62, 0x4201, 0x4a44, 0x7bec, 0x7bea, 0x842c, 
    0x7bca, 0x8c0d, 0x738a, 0x7bcb, 0x9490, 0xad54, 0xad95, 0xad95, 0xa534, 0x8c6e, 0x4a83, 0x4223, 0x4222, 0x3a22, 0x3a01, 0x31a2, 0x41c4, 0x49e4, 0x39e2, 0x3162, 
    0x3182, 0x5ae6, 0x844c, 0x8c8e, 0x6306, 0x5ac5, 0x7ba9, 0x946d, 0xaccf, 0xb510, 0xa48e, 0x8bcb, 0x83cb, 0xb4f0, 0xc552, 0xbd32, 0xacf1, 0xad11, 0xbd94, 0xb573, 
    0x9c8f, 0x9c8f, 0x944e, 0x9c90, 0x944e, 0x942e, 0x940d, 0x942e, 0x62e8, 0x62a6, 0x8349, 0x7b08, 0x7b08, 0x836a, 0x8bcc, 0x8bed, 0x9c0c, 0x9c4e, 0xa48f, 0xacaf, 
    0xa48f, 0xa4b0, 0xa490, 0x9450, 0x8c4f, 0x9cd1, 0xb575, 0xc618, 0xd6bb, 0xe75d, 0xef9e, 0xef7e, 0xef7e, 0xef5d, 0xe75e, 0xef5d, 0xef7e, 0xef7e, 0xef9f, 0xef9f, 
    0xe71d, 0xc618, 0x9cf2, 0x6b4a, 0x5284, 0x4a42, 0x4221, 0x3a01, 0x4243, 0x4a43, 0x4202, 0x4a63, 0x5ac6, 0x5ac5, 0x5aa5, 0x5aa5, 0x62a6, 0x7349, 0x8c0c, 0x8beb, 
    0x83ec, 0x840d, 0x6b28, 0x738a, 0x7bcb, 0x8c0c, 0x83ec, 0x7b89, 0x6b27, 0x6b28, 0x7b89, 0x7ba9, 0x8389, 0x940c, 0x940c, 0x9c6d, 0x840b, 0x83eb, 0x9c6f, 0x9c4e, 
    0x7baa, 0x7b89, 0x942b, 0x8c0a, 0x7baa, 0x944e, 0xa4b0, 0xa4d0, 0x948f, 0x944e, 0x8bec, 0x732a, 0x4a07, 0x4a07, 0x5aaa, 0x2124, 0x18e3, 0x1903, 0x5268, 0x7b6c, 
    0x7b6a, 0x6b87, 0x5b04, 0x5b62, 0x52e2, 0x3162, 0x41c5, 0x4a06, 0x2943, 0x1081, 0x0000, 0x2161, 0x5b43, 0x63c2, 0x63e1, 0x5361, 0x5b45, 0x6bc7, 0x6383, 0x5302, 
    0x5302, 0x63a3, 0x6bc4, 0x7424, 0x5323, 0x52a4, 0x7388, 0x7be8, 0x7c4a, 0x6385, 0x5b04, 0x6ba5, 0x6363, 0x7bc6, 0x7bc5, 0x6b64, 0x5284, 0x3a23, 0x4222, 0x52a3, 
    0x52c2, 0x52c2, 0x6323, 0x5aa2, 0x6b44, 0x7ba8, 0x7387, 0x7386, 0x5b04, 0x4a82, 0x3a21, 0x4242, 0x5b23, 0x5b05, 0x4283, 0x4a83, 0x52c2, 0x4a81, 0x5304, 0x52c3, 
    0x4281, 0x4221, 0x3a01, 0x4241, 0x4242, 0x4262, 0x31c1, 0x2961, 0x3200, 0x1920, 0x2121, 0x5b64, 0x4a84, 0x4224, 0x4263, 0x31c3, 0x31c3, 0x2141, 0x2961, 0x2981, 
    0x4a82, 0x5b22, 0x5b03, 0x4a82, 0x3a03, 0x31e3, 0x29e2, 0x2181, 0x1921, 0x31a2, 0x41e3, 0x4a43, 0x5ae3, 0x4a62, 0x4a42, 0x3a03, 0x31a3, 0x4203, 0x3a03, 0x4a42, 
    
    0xbd94, 0x946c, 0x8c2b, 0x9c8e, 0x8bea, 0xad10, 0xb532, 0x9caf, 0x8c0b, 0x8c0a, 0x944c, 0xad32, 0x9cb0, 0xad33, 0xad32, 0xb594, 0xa512, 0x944d, 0x944e, 0xa512, 
    0xa532, 0xad31, 0xbd93, 0xb573, 0xb594, 0xbd94, 0xb553, 0xb573, 0xbdb5, 0xbdd5, 0xad73, 0x8c4f, 0x9490, 0xa512, 0x62e8, 0x5245, 0x5285, 0x5285, 0x62e8, 0x738b, 
    0x6b6b, 0x840e, 0xa512, 0x94b0, 0x738c, 0x8c2f, 0x9cd2, 0x6308, 0x6328, 0x7bed, 0x738b, 0x736b, 0x6b69, 0x5ac8, 0x5289, 0x73ce, 0x6349, 0x7c0e, 0x94d2, 0x6ba9, 
    0x52e3, 0x73c9, 0x6b88, 0x6326, 0x5ae5, 0x5b05, 0x62e6, 0x7369, 0x6b27, 0x62e7, 0x6b67, 0x5b44, 0x52e2, 0x4a23, 0x4202, 0x52a5, 0x52a7, 0x5ac9, 0x7bce, 0x83ee, 
    0x6b29, 0x62e7, 0x5ae6, 0x7349, 0x8c2d, 0x9cb0, 0xa511, 0xa512, 0x8c6f, 0x840e, 0x7389, 0x62e6, 0x5aa6, 0x5285, 0x52c5, 0x4a04, 0x3964, 0x39a4, 0x3181, 0x2980, 
    0x4aa5, 0x94b0, 0xb5b6, 0xb5b6, 0x844d, 0x5b24, 0x4ac1, 0x4ac2, 0x6305, 0x7347, 0x6306, 0x7347, 0x8c0c, 0xa4af, 0xacd0, 0xb4f1, 0xa4b0, 0x8c0d, 0x9c90, 0xa4d2, 
    0xa4f2, 0xa512, 0x9cb0, 0x9c6f, 0x9c6f, 0x9c6f, 0x9c2d, 0x8bcc, 0x8c0d, 0x83ac, 0x942e, 0xb574, 0xce38, 0xce58, 0xce59, 0xc638, 0xce79, 0xe71c, 0xe75d, 0xe71c, 
    0xdefb, 0xdefb, 0xdf3c, 0xdf3d, 0xdf3d, 0xe75e, 0xef9f, 0xefbf, 0xef9f, 0xef7e, 0xef7e, 0xe73d, 0xe73d, 0xe73d, 0xef5e, 0xef7e, 0xef7e, 0xe73d, 0xd69a, 0xad53, 
    0x8c4e, 0x7349, 0x4a44, 0x4223, 0x3a21, 0x3a40, 0x4a83, 0x4a84, 0x4a63, 0x4a63, 0x5aa4, 0x62c5, 0x6306, 0x62c6, 0x5285, 0x5265, 0x5a85, 0x6307, 0x83cc, 0x8c4e, 
    0x736a, 0x6308, 0x7389, 0x8c2d, 0x8c4d, 0x8c0c, 0x83cb, 0x83cb, 0x9c8f, 0x944e, 0x83cb, 0x7348, 0x8bca, 0xa48e, 0xacae, 0x9c6e, 0x8c4c, 0x7bca, 0x83eb, 0x9c6e, 
    0x9c4e, 0x8beb, 0x8c0b, 0x942c, 0x6b48, 0x7baa, 0x83eb, 0x83ac, 0x8bed, 0x8c2e, 0x8c2e, 0x5a89, 0x20e3, 0x3185, 0x2144, 0x0860, 0x2123, 0x31c6, 0x2104, 0x0840, 
    0x2980, 0x4ac2, 0x4ac3, 0x5b42, 0x5b42, 0x2141, 0x0020, 0x0000, 0x0000, 0x0000, 0x29c1, 0x63a1, 0x6be1, 0x63c3, 0x5ba3, 0x5b64, 0x63a4, 0x5302, 0x5b62, 0x5341, 
    0x4ae1, 0x4ae2, 0x5342, 0x63a3, 0x6bc5, 0x7369, 0x8c0d, 0x7bcb, 0x6366, 0x63a5, 0x6365, 0x73a7, 0x6b85, 0x7385, 0x6303, 0x3a01, 0x4203, 0x4a43, 0x5284, 0x52a3, 
    0x4a62, 0x52a2, 0x6364, 0x4a63, 0x52c5, 0x6b85, 0x6364, 0x6b65, 0x5b45, 0x5302, 0x5b22, 0x6ba6, 0x6365, 0x5b03, 0x4262, 0x5302, 0x6384, 0x5b24, 0x4262, 0x3a21, 
    0x3a21, 0x39e1, 0x4203, 0x5aa4, 0x5a83, 0x3a22, 0x2982, 0x2141, 0x4241, 0x4aa2, 0x4a83, 0x4aa4, 0x3a02, 0x4a62, 0x4a63, 0x4223, 0x2942, 0x39c3, 0x4a63, 0x52c3, 
    0x3a22, 0x29a1, 0x4263, 0x4284, 0x3202, 0x2181, 0x29a1, 0x2161, 0x3203, 0x4243, 0x41e1, 0x4a42, 0x5aa3, 0x39c2, 0x39e2, 0x4a63, 0x4a42, 0x6323, 0x5ae3, 0x5ae5, 
    
    0xb574, 0xb594, 0x83ec, 0x83eb, 0x944c, 0xa4ae, 0x9c4e, 0x9c8f, 0x944d, 0x83aa, 0x8c0c, 0x9c90, 0x9cb0, 0x9cb0, 0xa511, 0xa512, 0x9cd1, 0x9cd0, 0x8c0c, 0x840d, 
    0x9470, 0x9cb0, 0xb573, 0xb573, 0xbdb5, 0xc617, 0xc616, 0xb573, 0xb573, 0xb5b5, 0xb594, 0x9cb1, 0x738b, 0x9490, 0xb594, 0x946f, 0x62e8, 0x5ac8, 0x83ed, 0x7bab, 
    0x5aa7, 0x5ae8, 0x8c2e, 0x7bed, 0x6309, 0x6b2a, 0x738c, 0x7bcc, 0x9490, 0x7bcd, 0x6309, 0x6309, 0x5285, 0x49e3, 0x3985, 0x630c, 0x5ae7, 0x3a03, 0x52a8, 0x62e7, 
    0x5aa6, 0x5ac6, 0x4a23, 0x5285, 0x6329, 0x6b6c, 0x73ab, 0x6b67, 0x5b03, 0x6349, 0x83ed, 0x7b8b, 0x6308, 0x73ab, 0x52a7, 0x52a8, 0x5ae8, 0x634a, 0x8c91, 0x8c50, 
    0x7bcd, 0x5ae7, 0x7bab, 0x7369, 0x7348, 0x944d, 0x948e, 0x8c2c, 0x6b27, 0x7bab, 0x83ed, 0x6b48, 0x6307, 0x62e6, 0x6307, 0x5aa6, 0x5245, 0x4a24, 0x4a43, 0x4261, 
    0x52e2, 0x6327, 0x6b09, 0x6308, 0x6b48, 0x5302, 0x5b60, 0x6b83, 0x7bc7, 0x7366, 0x7387, 0x7366, 0x7367, 0x8c0c, 0x9c6e, 0x8c0c, 0x7348, 0x7b8a, 0x8c2e, 0x83cd, 
    0x83ed, 0x8c0d, 0x8c2d, 0xa4b1, 0x944f, 0x940e, 0x9c4f, 0x9c6f, 0x9c6f, 0xad33, 0xd6db, 0xf7df, 0xf7bf, 0xf79f, 0xef9e, 0xef9e, 0xef7e, 0xe75d, 0xe75d, 0xe75d, 
    0xe75d, 0xe75d, 0xef5d, 0xe75d, 0xef7e, 0xef7e, 0xe75d, 0xe75d, 0xe75d, 0xe75d, 0xef5e, 0xe73d, 0xe71d, 0xdf1c, 0xd6ba, 0xce59, 0xbdd6, 0x946f, 0x6327, 0x4a42, 
    0x5284, 0x5aa5, 0x4222, 0x4223, 0x3a03, 0x4243, 0x5ae7, 0x83cb, 0x83cb, 0x8c2c, 0x9c8e, 0x83cb, 0x6b48, 0x6b28, 0x6b29, 0x62e7, 0x62c6, 0x6b27, 0x83ec, 0x83ab, 
    0x5a85, 0x7369, 0x9caf, 0x944d, 0x9c8f, 0x946e, 0x83ec, 0x7bab, 0x942f, 0xacf1, 0x9c6e, 0x940d, 0x9c6e, 0x7b88, 0x8beb, 0x9c8f, 0xa4d0, 0xa4af, 0xacd0, 0xa4b0, 
    0x9c6f, 0x9c4e, 0x942d, 0x8bcb, 0x7368, 0x7367, 0x7346, 0x83a9, 0x8c0c, 0xa4d0, 0xbd73, 0x9c70, 0x5a89, 0x5a89, 0x2103, 0x0000, 0x10a1, 0x3184, 0x3184, 0x0841, 
    0x31e2, 0x4282, 0x4aa3, 0x52e3, 0x5b24, 0x1901, 0x0880, 0x18c0, 0x1901, 0x29a2, 0x5b43, 0x5b61, 0x4b01, 0x4b02, 0x63a3, 0x6be4, 0x63a4, 0x5302, 0x5b42, 0x5b42, 
    0x42c1, 0x3201, 0x42a1, 0x5b03, 0x7387, 0x8beb, 0x8bed, 0x8c0c, 0x7be8, 0x6b86, 0x5b03, 0x6b65, 0x7ba7, 0x5283, 0x2941, 0x4202, 0x5b25, 0x6363, 0x6b64, 0x5b03, 
    0x4261, 0x4242, 0x52c3, 0x52c4, 0x6b66, 0x6364, 0x52e3, 0x5ae3, 0x5323, 0x5302, 0x5b22, 0x6323, 0x73c6, 0x6364, 0x5b43, 0x5322, 0x6c07, 0x6bc7, 0x4ae2, 0x4282, 
    0x3a02, 0x2982, 0x4224, 0x5ae4, 0x4221, 0x52e2, 0x5305, 0x31a2, 0x4264, 0x4ac3, 0x3a41, 0x3a62, 0x31e2, 0x29a1, 0x4243, 0x4222, 0x41e1, 0x4202, 0x4203, 0x5b05, 
    0x4aa3, 0x3201, 0x31c2, 0x29c2, 0x3201, 0x31e2, 0x31e1, 0x31e1, 0x4263, 0x5b06, 0x4203, 0x4202, 0x4a62, 0x39c2, 0x2942, 0x4203, 0x4a63, 0x6341, 0x7383, 0x7be6, 
    
    0x844f, 0xb594, 0xa4d1, 0x948f, 0xb594, 0xbd93, 0xacf1, 0x946f, 0x9c8e, 0x9c8e, 0xa4d0, 0xb573, 0x8c0d, 0x946e, 0x8c2c, 0x8c2b, 0x948e, 0xb574, 0xa4f1, 0x8c2e, 
    0x842f, 0x840d, 0xad32, 0xad53, 0x8c70, 0xb574, 0xc616, 0xbdb4, 0xa4f1, 0x94af, 0xa511, 0xbdd5, 0xb594, 0x8c4f, 0x9cb1, 0xbdd6, 0x9cf1, 0x62e8, 0x738b, 0x83ed, 
    0x6309, 0x5287, 0x736b, 0x8c4f, 0x9cb0, 0x83ed, 0x6b09, 0x8c0e, 0x9470, 0x734b, 0x62e8, 0x6b4a, 0x62c8, 0x5a86, 0x5267, 0x6b4a, 0x6b6a, 0x4a86, 0x4205, 0x5226, 
    0x4a04, 0x5264, 0x4203, 0x5286, 0x6b6b, 0x738c, 0x6308, 0x738a, 0x83eb, 0x7bec, 0x6b4b, 0x734b, 0x5ac6, 0x5304, 0x52e5, 0x31a2, 0x3181, 0x6329, 0x7bcd, 0x7bef, 
    0x9d13, 0x94b0, 0x8c4e, 0x83ec, 0x736a, 0x7bab, 0x7bcc, 0x840c, 0x5264, 0x6b08, 0x7bac, 0x6b29, 0x6b27, 0x5ac5, 0x5264, 0x62c7, 0x6308, 0x5286, 0x5a86, 0x5284, 
    0x4a64, 0x5285, 0x4a44, 0x5aa5, 0x62e6, 0x5b03, 0x5b22, 0x6b85, 0x7bc7, 0x7be7, 0x83e8, 0x7386, 0x6b25, 0x7baa, 0x946e, 0x8c4d, 0x7368, 0x7b88, 0x7328, 0x6b08, 
    0x7b8a, 0x7b69, 0x7349, 0x944e, 0x9c6f, 0x83ac, 0x83cc, 0x944f, 0xbdb6, 0xef5d, 0xf7bf, 0xef9e, 0xf79e, 0xef7e, 0xef7d, 0xef7e, 0xef7e, 0xe75d, 0xe73d, 0xe73d, 
    0xe73d, 0xe75d, 0xef7e, 0xf7bf, 0xf7bf, 0xf7bf, 0xef9f, 0xe75e, 0xe71d, 0xdefc, 0xce59, 0xb595, 0x94b0, 0x7beb, 0x6327, 0x52a5, 0x52a4, 0x4a43, 0x4222, 0x4a23, 
    0x4a63, 0x4222, 0x4202, 0x5285, 0x62e8, 0x6b4a, 0x736b, 0x9c6f, 0x7b8b, 0x7bab, 0x8c0c, 0x7b8a, 0x7b8a, 0x8bec, 0x7369, 0x6b07, 0x83cb, 0x9c8f, 0xa4af, 0x83ca, 
    0x6b29, 0x8c4e, 0x83cc, 0x83ec, 0x8c0c, 0x83ec, 0x62e6, 0x5aa4, 0x6307, 0x7baa, 0x944e, 0x946f, 0x9470, 0x944e, 0x944e, 0x9c6f, 0xa4d0, 0xa48f, 0xacd0, 0x944e, 
    0x8c0e, 0x83cc, 0x62c8, 0x62e7, 0x7368, 0x7bca, 0x8c2b, 0xa4cf, 0x9caf, 0xb554, 0xa4b1, 0x9c4e, 0x83cb, 0x62c7, 0x4a65, 0x2962, 0x0840, 0x0000, 0x0820, 0x31a2, 
    0x4ac3, 0x4ae1, 0x4ac2, 0x6305, 0x6b64, 0x29a1, 0x1100, 0x4260, 0x5340, 0x5b82, 0x5b82, 0x4ae1, 0x4ae2, 0x5303, 0x5b43, 0x5322, 0x5322, 0x5322, 0x4ae2, 0x3a41, 
    0x3a61, 0x3201, 0x4241, 0x5ae4, 0x6b26, 0x7b67, 0x8407, 0x8c48, 0x7bc6, 0x6344, 0x6b84, 0x7be5, 0x5b04, 0x31e3, 0x2161, 0x4aa2, 0x5b44, 0x5303, 0x52e2, 0x4ac2, 
    0x4ac2, 0x4aa3, 0x52c3, 0x73c7, 0x7bc7, 0x6b45, 0x5b02, 0x5b41, 0x4aa0, 0x4aa1, 0x52e2, 0x52e2, 0x5302, 0x5362, 0x5382, 0x63e5, 0x5b84, 0x5323, 0x5ba4, 0x5b64, 
    0x52a3, 0x4a83, 0x4aa3, 0x3a41, 0x29c2, 0x4282, 0x5304, 0x4ac3, 0x4ac4, 0x4262, 0x4261, 0x3a41, 0x3a42, 0x31c2, 0x2161, 0x2941, 0x3141, 0x41a2, 0x4a43, 0x4aa3, 
    0x4aa1, 0x52e1, 0x31e1, 0x10e0, 0x08a1, 0x10c1, 0x31e2, 0x4263, 0x31c2, 0x31e3, 0x31e2, 0x2961, 0x31a3, 0x4a45, 0x39c3, 0x5285, 0x5ac5, 0x5b01, 0x5ae1, 0x8c43, 
    
    0x6b6c, 0x6b0a, 0x9470, 0xad31, 0xb573, 0xbd94, 0xa4af, 0x942c, 0x8c0a, 0x8c4b, 0xa4f0, 0xc5d5, 0xa4d0, 0x944d, 0x9c8d, 0xa4cf, 0xad11, 0x9caf, 0x9cae, 0x946e, 
    0xa4f2, 0xad53, 0xb553, 0xad52, 0x8c2e, 0x944d, 0xad11, 0xc5d5, 0xb593, 0x9cf0, 0xad52, 0xa532, 0xad53, 0xa533, 0x83cc, 0x9cd1, 0xa533, 0x9491, 0xad33, 0xad53, 
    0x9cf1, 0x83ed, 0x7bac, 0x83cc, 0x8c2e, 0x83ec, 0x7b8b, 0xa4f2, 0xa533, 0x9490, 0x8c4f, 0x9cb0, 0x9cb0, 0x9cd1, 0x944f, 0x6b09, 0x6b0a, 0x7c0f, 0x7bed, 0x6b2a, 
    0x62a8, 0x946f, 0x9490, 0x7bcb, 0x6b29, 0x6b49, 0x7bcc, 0xa513, 0xad33, 0x9470, 0x7bed, 0x946f, 0x83ed, 0x738a, 0x73c9, 0x5285, 0x3181, 0x5245, 0x7bed, 0x842e, 
    0x8c8f, 0x8c6f, 0x8c2e, 0x8c70, 0x8c2e, 0x738b, 0x736a, 0x738b, 0x5aa6, 0x4a24, 0x6309, 0x7bac, 0x6b08, 0x62e6, 0x5285, 0x4a24, 0x5265, 0x5245, 0x4203, 0x62e8, 
    0x6b08, 0x6308, 0x62c7, 0x5265, 0x5265, 0x7bcb, 0x7bec, 0x736a, 0x738a, 0x8c2a, 0x840a, 0x73a8, 0x7bea, 0x8c4d, 0x6328, 0x7bea, 0x8c2a, 0x8bc8, 0x7b47, 0x62c6, 
    0x6ae6, 0x7306, 0x6b08, 0x83ab, 0xacf1, 0x83cb, 0x62a7, 0x940e, 0xd699, 0xf7df, 0xf79e, 0xf7be, 0xef7e, 0xf79f, 0xffdf, 0xf79f, 0xef7e, 0xf7bf, 0xf7df, 0xf7df, 
    0xf7bf, 0xef9e, 0xe73d, 0xce99, 0xbdf7, 0xbdd6, 0xa532, 0x8c6e, 0x8c4e, 0x7bcc, 0x62e7, 0x5284, 0x3a01, 0x31e0, 0x3a01, 0x4223, 0x4222, 0x4221, 0x4222, 0x4a63, 
    0x5284, 0x6b06, 0x62e6, 0x7369, 0x83ab, 0x62e7, 0x5ac6, 0x7b6a, 0x83ab, 0x7349, 0x6b28, 0x7369, 0x83cb, 0x8beb, 0x5a84, 0x5aa6, 0x7bab, 0x9c8f, 0x7baa, 0x6b27, 
    0x83eb, 0x83cb, 0x7369, 0x7347, 0x6303, 0x7368, 0x5b06, 0x6b67, 0x842b, 0x8c4d, 0x9cd1, 0x632b, 0x73ad, 0x9470, 0x9cd1, 0xad53, 0xa4d1, 0x944e, 0x9cb0, 0x9d12, 
    0x7bcd, 0x6b6c, 0x8c2f, 0x8c0e, 0xa4f2, 0xb553, 0xb553, 0xbd52, 0xbd52, 0xa4af, 0x7389, 0x6346, 0x6385, 0x5b44, 0x6384, 0x4a63, 0x10c0, 0x1900, 0x10a0, 0x3a42, 
    0x4ae2, 0x4ae2, 0x5322, 0x6b84, 0x6363, 0x5302, 0x5304, 0x6ba5, 0x7c67, 0x6363, 0x5b42, 0x6384, 0x5b43, 0x5322, 0x4aa2, 0x4282, 0x5b44, 0x4ae3, 0x3201, 0x29e1, 
    0x4aa2, 0x4aa1, 0x52c2, 0x6344, 0x7b85, 0x7b86, 0x6b64, 0x6b63, 0x6343, 0x6364, 0x6b84, 0x4261, 0x4241, 0x52a5, 0x6364, 0x5302, 0x5303, 0x5b45, 0x42a2, 0x52e2, 
    0x4a83, 0x4262, 0x52e4, 0x6ba5, 0x73c6, 0x5b23, 0x5b21, 0x5b20, 0x4261, 0x52c3, 0x5b65, 0x5344, 0x42e1, 0x3ac0, 0x3ac2, 0x5b84, 0x4b22, 0x42e2, 0x5345, 0x4aa3, 
    0x39e2, 0x4244, 0x4243, 0x4242, 0x52e5, 0x3202, 0x3a42, 0x4ac3, 0x42a1, 0x4282, 0x4262, 0x3a41, 0x4aa4, 0x3204, 0x18c1, 0x1060, 0x20e1, 0x5284, 0x4262, 0x4262, 
    0x4262, 0x5b22, 0x3a41, 0x2982, 0x10c1, 0x2121, 0x2982, 0x39e2, 0x52a3, 0x31c1, 0x1900, 0x1901, 0x2963, 0x18c2, 0x31a2, 0x4a62, 0x4aa2, 0x4262, 0x4282, 0x5b23, 
    
    0x94b0, 0x73ad, 0x94b1, 0xbdb5, 0xa511, 0xad12, 0xad52, 0x8389, 0x83cb, 0xad31, 0x8c6f, 0x9cd1, 0xc616, 0xb571, 0xb572, 0xb573, 0x9c8e, 0x944c, 0x9c8d, 0xad31, 
    0xb553, 0xad12, 0xa4d0, 0x944d, 0x946d, 0xa4f0, 0xa4f1, 0xb553, 0xc5f5, 0xbdd5, 0xad32, 0xa511, 0xad53, 0xb5b5, 0xb5b5, 0xad53, 0x8c4e, 0xad54, 0xb594, 0x9c8f, 
    0xa4f1, 0xb595, 0xa512, 0x83ed, 0x6ae8, 0x7309, 0x946f, 0xb594, 0xb5b5, 0x9d12, 0x9cd1, 0x9cf1, 0x9cf2, 0x94b0, 0xb594, 0xa512, 0x73ac, 0x6b6c, 0x7bce, 0x94b1, 
    0x83cd, 0x7bac, 0x7bce, 0x736b, 0x736b, 0x7bac, 0x8c70, 0x94b1, 0x9cb1, 0x946f, 0x8c4e, 0x946f, 0x944f, 0x9cd0, 0x946e, 0x944d, 0x738a, 0x736b, 0x8c2e, 0x6b4a, 
    0x4264, 0x73ab, 0x9cb1, 0x9cb1, 0x8c2e, 0x7bcc, 0x8c4f, 0x9cb0, 0x7bcc, 0x6b09, 0x5a86, 0x62c7, 0x62c7, 0x6b07, 0x7389, 0x6307, 0x5285, 0x4202, 0x39c2, 0x4a45, 
    0x5265, 0x5286, 0x5266, 0x4224, 0x39e3, 0x6309, 0x9cd2, 0x840e, 0x7bab, 0x7bac, 0x8c6f, 0x8c4f, 0x6309, 0x6b6b, 0x4a65, 0x4223, 0x7367, 0x9c0a, 0xa44c, 0x9c0a, 
    0x7b47, 0x72e6, 0x8348, 0x93eb, 0xa46e, 0x9c6f, 0x940d, 0xac8f, 0xbd31, 0xd679, 0xef5d, 0xce9a, 0x94b2, 0xad54, 0xa4f2, 0x8c4f, 0x9cd0, 0xad53, 0xad53, 0xb593, 
    0xad52, 0x8c6f, 0x7bcc, 0x5ae7, 0x5285, 0x5264, 0x4a43, 0x4222, 0x5263, 0x4a43, 0x4a43, 0x4a63, 0x52a3, 0x4a84, 0x5285, 0x52e4, 0x4ac2, 0x4a62, 0x5284, 0x4a83, 
    0x4a64, 0x5285, 0x5285, 0x62e7, 0x8c2d, 0x7b8a, 0x5aa5, 0x6307, 0x83eb, 0x7b89, 0x7349, 0x83cb, 0x940d, 0x7b48, 0x62c5, 0x738a, 0x8c2d, 0x7b8a, 0x5aa5, 0x6b48, 
    0x7347, 0x7368, 0x83cb, 0x7ba9, 0x5ac6, 0x7bed, 0xbdf6, 0xbe17, 0xa554, 0x7bce, 0x8c4f, 0x840f, 0x8c50, 0x5289, 0x632b, 0x94b2, 0x9491, 0x9cd2, 0xa554, 0xa513, 
    0x94b1, 0x9490, 0x8c2f, 0x842f, 0xa4d2, 0xb553, 0xb512, 0xb4b0, 0xa46e, 0x7387, 0x42a2, 0x3240, 0x3a60, 0x4ae2, 0x31e1, 0x18e1, 0x4242, 0x5b81, 0x4ac1, 0x4ac2, 
    0x5322, 0x5303, 0x5b82, 0x5341, 0x5321, 0x5302, 0x948c, 0xd635, 0xde37, 0xb552, 0x73c7, 0x5322, 0x42a1, 0x5322, 0x4a41, 0x4aa2, 0x6384, 0x42c2, 0x1960, 0x21a1, 
    0x42c2, 0x4ac1, 0x5b43, 0x6b64, 0x8426, 0x9468, 0x6b63, 0x52c1, 0x52c2, 0x4a82, 0x5ae4, 0x31c2, 0x39c2, 0x4a64, 0x5b63, 0x5b44, 0x52e3, 0x5304, 0x4262, 0x4aa2, 
    0x4a82, 0x4aa3, 0x5b24, 0x5322, 0x5b43, 0x52e2, 0x3a41, 0x3a41, 0x4aa2, 0x5b24, 0x5323, 0x3ae2, 0x3ac1, 0x3240, 0x2a00, 0x3a42, 0x3201, 0x42a3, 0x6386, 0x4283, 
    0x4aa3, 0x4aa4, 0x5285, 0x52c6, 0x4aa5, 0x4aa4, 0x5b45, 0x5b05, 0x52e3, 0x4282, 0x3a41, 0x3a40, 0x3201, 0x29a1, 0x18a2, 0x1081, 0x2162, 0x52e5, 0x3a02, 0x4242, 
    0x3a02, 0x3a02, 0x2141, 0x39e2, 0x31a2, 0x4a43, 0x5264, 0x4203, 0x4a63, 0x39e1, 0x1080, 0x18c1, 0x18e1, 0x10c1, 0x18e1, 0x4242, 0x31c1, 0x2182, 0x3a42, 0x4243, 
    
    0xbdd6, 0xb594, 0xb5b5, 0xa533, 0x8c6f, 0x942d, 0xb573, 0x8c0b, 0x9c8e, 0xad11, 0xa512, 0x9c8f, 0xbd93, 0x8429, 0x83ea, 0x8c0a, 0xad31, 0xb572, 0xa4af, 0xacf1, 
    0xbdb4, 0xb532, 0x9cb0, 0x946f, 0x9caf, 0xacf0, 0xbd94, 0xb573, 0xad53, 0xbdb5, 0x9490, 0xad74, 0xb573, 0xbdd5, 0xc616, 0xb594, 0xad73, 0xad53, 0xb573, 0xa4f0, 
    0x944e, 0xa4f2, 0xad33, 0x9cd0, 0x7bac, 0x83ed, 0xa4f2, 0x9490, 0x9cd1, 0x9cf1, 0x8c4f, 0x9cd1, 0xa512, 0x9cf2, 0x94b0, 0x9cf1, 0x9cd0, 0x9cd0, 0x8c4f, 0x738c, 
    0x6287, 0x4a05, 0x4a47, 0x41c5, 0x5225, 0x6b2a, 0x7bee, 0x6b6b, 0x73ac, 0x840e, 0x9cd1, 0x944f, 0x7bac, 0x7bac, 0x6b2a, 0x736b, 0x9cb0, 0x9cd1, 0x944f, 0x6b4a, 
    0x5ac7, 0x840d, 0x9c90, 0x842b, 0x6b66, 0x738a, 0x8c0e, 0xb574, 0xad33, 0x9cd1, 0x946e, 0x83ed, 0x944f, 0x738a, 0x6b27, 0x6b47, 0x6b47, 0x5ac6, 0x62a7, 0x5a86, 
    0x4a44, 0x4224, 0x31a2, 0x31a1, 0x31a1, 0x4203, 0x6b29, 0x62e8, 0x5ac7, 0x6308, 0x7bac, 0x6b2a, 0x4224, 0x31a1, 0x4203, 0x41e3, 0x41e3, 0x8388, 0x9c4b, 0xa48c, 
    0xa46c, 0xa48d, 0xb4cf, 0xbd0f, 0xacae, 0xa46f, 0xa44e, 0x9c2e, 0xa48f, 0xc5f7, 0xd6db, 0x6b6d, 0x4a48, 0x732a, 0x6b49, 0x5b04, 0x5ae4, 0x5ac6, 0x5283, 0x4a42, 
    0x5282, 0x4a43, 0x52a5, 0x52a6, 0x52a5, 0x4241, 0x4221, 0x4a62, 0x52a3, 0x4a63, 0x4a43, 0x4a83, 0x52c4, 0x5aa5, 0x5284, 0x4243, 0x52a4, 0x6b48, 0x62e7, 0x5aa6, 
    0x5285, 0x5ac6, 0x5285, 0x5265, 0x7349, 0x6b07, 0x6b07, 0x7bab, 0x6b49, 0x6b27, 0x7bab, 0x8c0d, 0x942d, 0x7328, 0x7348, 0x7bca, 0x83ec, 0x738a, 0x7369, 0x83cb, 
    0x83ec, 0x8c2e, 0x9cd0, 0x7c2d, 0x73ce, 0x6b8e, 0x9cf3, 0x9491, 0x6b2b, 0x62ea, 0x94b1, 0xad53, 0x9d13, 0x73ce, 0x6b8d, 0x6b8c, 0x8c70, 0x9d13, 0x94d2, 0x7bef, 
    0x8c30, 0x840f, 0x942f, 0xad53, 0xad12, 0xb512, 0xacb0, 0x940d, 0x5ac7, 0x29a1, 0x1940, 0x31e1, 0x3a22, 0x3a22, 0x10a1, 0x3a03, 0x6363, 0x5b81, 0x63a1, 0x5b81, 
    0x4b01, 0x5322, 0x5b43, 0x4ae1, 0x4ae1, 0x5b60, 0x5284, 0x8b8e, 0xc554, 0xacf0, 0x6385, 0x42e1, 0x3a82, 0x42a2, 0x4262, 0x5303, 0x4ae2, 0x3a02, 0x2141, 0x3222, 
    0x5342, 0x5323, 0x6384, 0x8407, 0x8c67, 0x7be5, 0x73a4, 0x52c2, 0x4a63, 0x4204, 0x62c4, 0x5282, 0x4aa2, 0x5302, 0x4ac2, 0x52e4, 0x5b25, 0x4283, 0x4262, 0x4ac2, 
    0x4aa2, 0x42a2, 0x4281, 0x4ac2, 0x6362, 0x5b23, 0x4a63, 0x4aa2, 0x5b42, 0x5361, 0x4b43, 0x4302, 0x3ac1, 0x3a83, 0x42a4, 0x4aa3, 0x4a65, 0x4a84, 0x5b25, 0x3a22, 
    0x3a82, 0x4aa2, 0x4aa2, 0x4aa4, 0x4284, 0x4264, 0x5b06, 0x6ba5, 0x5ae4, 0x4263, 0x52e4, 0x52e5, 0x52c3, 0x4243, 0x18c2, 0x39e3, 0x4ac5, 0x5325, 0x4263, 0x31c0, 
    0x2141, 0x2983, 0x31e2, 0x4262, 0x3a23, 0x31c3, 0x4262, 0x52c3, 0x5b05, 0x3a02, 0x2942, 0x2122, 0x2122, 0x3a24, 0x31a1, 0x2981, 0x1901, 0x10c0, 0x1901, 0x3a02, 
    
    0xd699, 0xc617, 0xd6b9, 0xc616, 0xbdd5, 0xbd94, 0xc616, 0xb593, 0x9c8f, 0x8bca, 0x944c, 0x9c4d, 0xacf1, 0x946f, 0x9caf, 0x948e, 0xb573, 0xad52, 0x9c6e, 0x942e, 
    0xacf2, 0xad31, 0xad31, 0xb594, 0xa4f0, 0x8c2c, 0xc5d5, 0xc616, 0x9cb0, 0xb573, 0xbdb5, 0xa512, 0x9cb0, 0xad52, 0x9cb0, 0xa4d0, 0x9cb0, 0x946e, 0xa512, 0xbdd5, 
    0xb553, 0xad12, 0xad74, 0xad54, 0xad32, 0x946f, 0x94b0, 0x946f, 0x9470, 0x9cd2, 0x840e, 0x9490, 0xa553, 0xad54, 0x9cd1, 0x9cb0, 0xa512, 0xad53, 0xad54, 0x9cd1, 
    0x6b4a, 0x5226, 0x5247, 0x4a06, 0x4a25, 0x52a7, 0x6b2a, 0x52a6, 0x52a5, 0x6307, 0x8c2e, 0x9490, 0x6b4a, 0x5266, 0x5a86, 0x6309, 0x8c70, 0xa513, 0x8c70, 0x840e, 
    0x7b8b, 0x7bab, 0x7b8a, 0x7bcb, 0x73aa, 0x8c4f, 0x83ee, 0x9491, 0x9490, 0x944f, 0xad53, 0xb553, 0x9490, 0x6b48, 0x5a85, 0x5a85, 0x5284, 0x4a45, 0x5a86, 0x6b08, 
    0x4a44, 0x41c3, 0x41e3, 0x2980, 0x2980, 0x2960, 0x31a2, 0x39c2, 0x39a2, 0x39e3, 0x4204, 0x41e3, 0x5aa5, 0x5aa4, 0x7327, 0x83a9, 0x7327, 0x940a, 0xa48c, 0xacac, 
    0xacae, 0x940c, 0x942c, 0x8beb, 0x7348, 0x7b8a, 0x7b8b, 0x6b2a, 0x8c2e, 0xb574, 0x94d2, 0x6b4b, 0x8c0e, 0x840b, 0x6346, 0x52a2, 0x5283, 0x5284, 0x5263, 0x4a42, 
    0x4a62, 0x52a3, 0x52c4, 0x4a84, 0x52c5, 0x4aa3, 0x4242, 0x4a82, 0x52c4, 0x4a63, 0x4222, 0x4a42, 0x4a43, 0x5ac7, 0x7bab, 0x6309, 0x6b29, 0x6309, 0x62e8, 0x5265, 
    0x6b08, 0x8c0d, 0x83cc, 0x8c4e, 0x738b, 0x6ac7, 0x83ec, 0x7bcc, 0x6b09, 0x736a, 0x8bed, 0x8c0e, 0x840e, 0x840d, 0x83ec, 0x736a, 0x7bab, 0x83cb, 0x7bab, 0x7bcb, 
    0x842e, 0x73ce, 0x73ee, 0x8c70, 0x8c90, 0x4a47, 0x52a9, 0x7bcd, 0x738b, 0x840e, 0xa513, 0x842e, 0x738a, 0x7c0c, 0x73ac, 0x7bed, 0xa532, 0x7c0b, 0x7c0e, 0x7bef, 
    0x8450, 0x9491, 0xad12, 0xb573, 0x9cb0, 0xacd0, 0x942d, 0x39e4, 0x2961, 0x2161, 0x2981, 0x3a22, 0x3a42, 0x2981, 0x31e2, 0x5302, 0x5302, 0x4ae1, 0x4b01, 0x3a41, 
    0x4282, 0x5b21, 0x4262, 0x31c1, 0x4ac1, 0x5b42, 0x4221, 0x4244, 0x5b25, 0x4b03, 0x3240, 0x4283, 0x5b47, 0x52e5, 0x52e3, 0x5b23, 0x52c3, 0x6384, 0x6b84, 0x6385, 
    0x5b63, 0x5b03, 0x6b65, 0x8c68, 0x6384, 0x5301, 0x6343, 0x73a7, 0x6b06, 0x6b46, 0x6344, 0x52e1, 0x5301, 0x5b22, 0x4261, 0x4aa3, 0x5b45, 0x5b42, 0x5301, 0x5303, 
    0x5323, 0x4ac2, 0x3a42, 0x4261, 0x4261, 0x6b85, 0x7be6, 0x6363, 0x42e1, 0x3ac1, 0x4b44, 0x4283, 0x4aa1, 0x6b85, 0x73e9, 0x5303, 0x4222, 0x31c2, 0x3a03, 0x4243, 
    0x3a22, 0x4262, 0x31c0, 0x4262, 0x52e5, 0x4243, 0x52a4, 0x6325, 0x4244, 0x2981, 0x31c2, 0x31e3, 0x2121, 0x39c3, 0x4a65, 0x4aa3, 0x4ae5, 0x5b47, 0x5b25, 0x29a1, 
    0x2962, 0x4244, 0x3a21, 0x29a1, 0x3a02, 0x4a63, 0x31e1, 0x1920, 0x29a1, 0x2982, 0x39c4, 0x4203, 0x4243, 0x3a24, 0x3202, 0x2981, 0x18e1, 0x0860, 0x18c2, 0x2965, 
    
    0xce98, 0xc5f6, 0xd698, 0xc637, 0xc617, 0xc637, 0xc616, 0xbdf6, 0xa511, 0x946d, 0x8c0a, 0x9caf, 0xad32, 0xa511, 0xa512, 0xb594, 0xbdd5, 0x9caf, 0x9c8e, 0xa48f, 
    0xb532, 0xad12, 0xb552, 0xa4f0, 0x7bcb, 0x9caf, 0xad52, 0xa4b0, 0x9c6f, 0xad11, 0xce16, 0xc5f5, 0xad53, 0xa512, 0xa4f1, 0x9caf, 0x8c0c, 0x83cb, 0x946f, 0xb594, 
    0xbd94, 0xc5d5, 0xbdd6, 0xbdb5, 0xbd94, 0x948e, 0x7ba9, 0x9caf, 0x83cc, 0x5ac7, 0x73ab, 0x9cf2, 0x9cf2, 0xa512, 0xa4f2, 0xa512, 0x94b0, 0x948f, 0x9cf1, 0xad53, 
    0x8c2f, 0x736b, 0x6b29, 0x5245, 0x4a05, 0x5ac9, 0x8c4f, 0x8c2d, 0x6b68, 0x6b27, 0x6307, 0x6b29, 0x6b2a, 0x5aa7, 0x5286, 0x6308, 0x738c, 0x7bad, 0x4a47, 0x62ea, 
    0x5265, 0x5224, 0x5245, 0x5ac6, 0x6b49, 0x5245, 0x41c4, 0x5246, 0x5aa5, 0x4a44, 0x6b28, 0xa4b0, 0x946e, 0x6b48, 0x5245, 0x41c3, 0x39c2, 0x4a23, 0x7348, 0x7388, 
    0x62e5, 0x4a26, 0x62c7, 0x39e2, 0x2981, 0x2961, 0x2941, 0x4a23, 0x5264, 0x5ac7, 0x634a, 0x6b49, 0x940b, 0x9c4d, 0x940b, 0x8bc9, 0x8ba8, 0x8388, 0x7b68, 0x8389, 
    0x62e8, 0x4a25, 0x5265, 0x4a44, 0x634a, 0x7bcd, 0x6b6a, 0x73ac, 0x840d, 0x840d, 0x7beb, 0x7beb, 0x7389, 0x5ae5, 0x52c4, 0x52a5, 0x52a5, 0x5285, 0x5285, 0x5ac5, 
    0x4a64, 0x52c5, 0x4a81, 0x4241, 0x4a63, 0x5ac6, 0x52a5, 0x52c4, 0x5284, 0x52a5, 0x5ac6, 0x4a23, 0x4a22, 0x4a43, 0x6b28, 0x6b08, 0x5aa7, 0x4a44, 0x5aa6, 0x6b29, 
    0x83cc, 0x7349, 0x7348, 0x8c4f, 0x736a, 0x6b08, 0x7bab, 0x7bab, 0x736b, 0x6b29, 0x738b, 0x736b, 0x840e, 0x83ed, 0x7bca, 0x7bcb, 0x7bcb, 0x738a, 0x6b48, 0x7bab, 
    0x73cd, 0x842f, 0x73ab, 0x5b08, 0x7bac, 0x840e, 0x8c2d, 0x9c90, 0xa4d1, 0x9cd2, 0x7bee, 0x7bcc, 0x946f, 0x842d, 0x9cb0, 0xad33, 0xad53, 0x94b0, 0x5b0b, 0x5aeb, 
    0x73ad, 0x9470, 0x9cb0, 0x73aa, 0x4a85, 0x4a25, 0x4244, 0x3a21, 0x3a01, 0x4222, 0x4241, 0x4aa2, 0x4aa2, 0x4281, 0x5b62, 0x5b62, 0x5341, 0x5341, 0x42a1, 0x3a21, 
    0x4ac1, 0x52e1, 0x4ac2, 0x52c2, 0x6382, 0x5b63, 0x5b04, 0x5b64, 0x42e2, 0x3a81, 0x42c2, 0x5b66, 0x73e8, 0x6ba6, 0x7c64, 0x7403, 0x5302, 0x4282, 0x5b24, 0x5b24, 
    0x3a22, 0x52a5, 0x6b47, 0x5305, 0x2161, 0x4283, 0x3a42, 0x5b24, 0x6363, 0x5b64, 0x5323, 0x5b42, 0x52e2, 0x3a61, 0x4262, 0x52e4, 0x5b45, 0x6be4, 0x63a3, 0x5302, 
    0x4ae2, 0x4aa2, 0x4262, 0x5b04, 0x4242, 0x52e3, 0x6384, 0x6364, 0x3241, 0x2201, 0x2a01, 0x31a1, 0x4221, 0x4b01, 0x4ae3, 0x3a63, 0x1921, 0x2121, 0x3a22, 0x7b86, 
    0x5a82, 0x39c2, 0x2161, 0x4ae2, 0x5b44, 0x5b06, 0x4243, 0x4243, 0x4a25, 0x2121, 0x2160, 0x4224, 0x2122, 0x18e1, 0x4203, 0x4a65, 0x3a23, 0x5324, 0x3222, 0x3a02, 
    0x4264, 0x4aa3, 0x2161, 0x2162, 0x31e2, 0x4242, 0x39e1, 0x18e0, 0x10c0, 0x2162, 0x4a65, 0x4a24, 0x3983, 0x31a3, 0x4a88, 0x5289, 0x4a47, 0x4a68, 0x5289, 0x5a89, 
    
    0xd698, 0xce58, 0xce58, 0xc658, 0xce99, 0xce38, 0xbdd5, 0xb5b5, 0xc637, 0xd6b9, 0xbdf5, 0xbdd5, 0xa4f1, 0x9caf, 0xa512, 0xbdd5, 0xce57, 0xa510, 0x8c0b, 0x83a9, 
    0xa4cf, 0xc616, 0xad12, 0xad32, 0xad31, 0xa50f, 0x8c2b, 0x8beb, 0xa4af, 0x944d, 0x9c8f, 0xbdb4, 0xce37, 0xb594, 0xb573, 0xc5f6, 0xb573, 0xad32, 0xbdd5, 0xbdb5, 
    0xbd94, 0xc5f5, 0xc617, 0xbdd6, 0xad53, 0x9caf, 0x7bca, 0x8beb, 0x840b, 0x6b27, 0x62c4, 0x946e, 0x9cd0, 0x9490, 0x9490, 0x842d, 0x7bcb, 0x73aa, 0x7bea, 0x840b, 
    0x7bcc, 0x83ec, 0x8c4b, 0x7bc9, 0x7ba9, 0x6b49, 0x7b8b, 0x7bac, 0x738c, 0x83ab, 0x6b49, 0x738b, 0x736b, 0x6b29, 0x4204, 0x4224, 0x6b4a, 0x6b29, 0x4204, 0x31a1, 
    0x4203, 0x39c3, 0x39a3, 0x39a1, 0x41c2, 0x4a02, 0x4203, 0x4202, 0x4200, 0x3a01, 0x31a2, 0x4a43, 0x83ea, 0x946f, 0x8c0d, 0x62c7, 0x7bcc, 0x948f, 0xad12, 0x9c6b, 
    0x8be8, 0x83ea, 0x7bca, 0x83eb, 0x7bcb, 0x7328, 0x5a84, 0x5aa4, 0x5283, 0x5ac8, 0x7c0e, 0x7bac, 0x9470, 0xa4f2, 0x944e, 0x7369, 0x736a, 0x62e7, 0x62c7, 0x736b, 
    0x7b8c, 0x7bab, 0x840d, 0x8c4f, 0x94b0, 0x8c6e, 0x73aa, 0x7bec, 0x7beb, 0x842e, 0x7bcc, 0x6b48, 0x5ac5, 0x52a5, 0x6328, 0x5ac6, 0x5285, 0x5285, 0x4a44, 0x3a02, 
    0x3a03, 0x5285, 0x52a5, 0x62e6, 0x7bcb, 0x946e, 0x8c4d, 0x6b6a, 0x6328, 0x7389, 0x6b28, 0x5264, 0x4a23, 0x4a44, 0x4a23, 0x41e2, 0x4a24, 0x4a24, 0x5ac7, 0x7bac, 
    0x738b, 0x62e7, 0x5ac6, 0x5ac6, 0x5aa5, 0x7349, 0x6b28, 0x6b28, 0x840d, 0x7bcc, 0x736a, 0x7b8b, 0x8c4e, 0x9490, 0x8c4e, 0x738b, 0x7c0e, 0x842e, 0x8c70, 0x9490, 
    0xa4f2, 0xad33, 0x5267, 0x39a4, 0x5aa9, 0x7b6c, 0x944f, 0xa4d1, 0xa4f1, 0x7bcc, 0x7bec, 0x9cb1, 0x8c2f, 0x9470, 0xa511, 0x9cf2, 0xad54, 0xa513, 0x8430, 0x7bee, 
    0x738c, 0x73ac, 0x6b49, 0x31c2, 0x18e0, 0x0880, 0x2141, 0x4241, 0x4a82, 0x52a3, 0x4aa2, 0x4261, 0x4261, 0x4261, 0x4282, 0x5301, 0x5341, 0x4ae1, 0x4ae1, 0x52e1, 
    0x52c2, 0x5301, 0x5b61, 0x63a1, 0x63c3, 0x5323, 0x4282, 0x42a1, 0x42e2, 0x5363, 0x5b82, 0x7c45, 0x7c64, 0x84c4, 0x7c63, 0x4ac2, 0x1920, 0x3163, 0x7bac, 0x6306, 
    0x52c4, 0x73c8, 0x6347, 0x29a2, 0x1921, 0x4263, 0x42a3, 0x4282, 0x5321, 0x5b64, 0x4b02, 0x4ac2, 0x5323, 0x5b43, 0x5343, 0x4ae2, 0x52c2, 0x6bc6, 0x73e6, 0x4a82, 
    0x2160, 0x39e2, 0x4a64, 0x6b25, 0x6304, 0x39e1, 0x4241, 0x5b23, 0x4a62, 0x4202, 0x4242, 0x3a02, 0x4222, 0x4ac3, 0x5344, 0x4263, 0x2941, 0x2980, 0x5281, 0x7bc6, 
    0x62e3, 0x4202, 0x2962, 0x4282, 0x4aa2, 0x4284, 0x3a22, 0x4241, 0x39e1, 0x10c0, 0x31e2, 0x52c4, 0x4aa4, 0x3202, 0x4203, 0x5285, 0x31e2, 0x4284, 0x29c3, 0x31e2, 
    0x2180, 0x31c1, 0x18c1, 0x1901, 0x10c1, 0x31e2, 0x2982, 0x2121, 0x2141, 0x1921, 0x3a23, 0x3183, 0x3965, 0x4a65, 0x5aa8, 0x62ca, 0x6308, 0x734b, 0x8c10, 0x7b8d, 
    
    0xbdf5, 0xce78, 0xce37, 0xce58, 0xd6ba, 0xce78, 0xce58, 0xbdf6, 0xc617, 0xd679, 0xce99, 0xc616, 0xb594, 0xb573, 0xbdf5, 0xce37, 0xc637, 0xbdd5, 0xad52, 0xa4ef, 
    0xbd94, 0xce58, 0xb594, 0x9c6e, 0xbdb4, 0xad31, 0x948e, 0xa4f0, 0xbd93, 0x9caf, 0x8c2d, 0xad11, 0xb552, 0xbd94, 0xc5f6, 0xbdb5, 0xbdb4, 0xad32, 0xc5f5, 0xc5f6, 
    0xbdd5, 0xc5d6, 0xbdb5, 0xb594, 0xad73, 0x9cf2, 0xa512, 0x9cf1, 0xa511, 0xa511, 0x8c4d, 0x83ea, 0x944d, 0x944e, 0x83ec, 0x840c, 0xa4f1, 0xad53, 0xa512, 0x94af, 
    0xa532, 0xb594, 0xb573, 0x9cf0, 0xa4d0, 0xad11, 0x946f, 0x840d, 0x73ac, 0x4a47, 0x6ae8, 0x7349, 0x62c8, 0x5286, 0x5286, 0x6b8b, 0x842f, 0x7369, 0x5ae5, 0x6b87, 
    0x7388, 0x5ac5, 0x5283, 0x5aa5, 0x5263, 0x6b05, 0x6306, 0x6306, 0x6322, 0x52a1, 0x4222, 0x4a63, 0x5285, 0x4a27, 0x5ac9, 0x7bac, 0x73ad, 0x9d34, 0xbd95, 0xb530, 
    0x6b45, 0x6b25, 0x7388, 0x8c4e, 0x9cd1, 0x8be9, 0x7346, 0x7347, 0x83ea, 0x83ec, 0x83ad, 0x5267, 0x6b4b, 0xad95, 0x9cb1, 0x7bcd, 0x94d1, 0xa512, 0x946e, 0x8bcc, 
    0x7b8b, 0x83cc, 0x9cd0, 0x8c2e, 0x5ae6, 0x6b48, 0x5ac5, 0x4a84, 0x5b08, 0x6b4b, 0x52c6, 0x4a62, 0x4241, 0x3a01, 0x3a03, 0x4223, 0x6308, 0x6b49, 0x4a85, 0x4a44, 
    0x4a44, 0x5ae7, 0x738b, 0x842f, 0x94b1, 0x7bee, 0x7bee, 0x946f, 0xad33, 0xa4f0, 0x8c0c, 0x6b28, 0x62c6, 0x6b29, 0x5285, 0x5264, 0x5a85, 0x6b49, 0x842e, 0x62e7, 
    0x5285, 0x7369, 0x738a, 0x7baa, 0x840b, 0x840d, 0x7bab, 0x7baa, 0x842c, 0x8c4e, 0x83cc, 0x9cb0, 0x9491, 0x840f, 0x840e, 0x6b8d, 0x8470, 0x8c71, 0x94b2, 0x9491, 
    0x9c6f, 0x942f, 0x6b0a, 0x5aa8, 0x7b8b, 0x944f, 0x9c90, 0x9c90, 0x9c8f, 0x83ab, 0x9c8e, 0xacf1, 0x942d, 0x942e, 0xa4d1, 0x7bee, 0x83eb, 0x8c2c, 0xa4f1, 0xad12, 
    0x8c2f, 0x2965, 0x2963, 0x2101, 0x18e1, 0x29a2, 0x31e1, 0x31c0, 0x4a81, 0x52c2, 0x4aa2, 0x4242, 0x3a01, 0x4221, 0x4ae1, 0x5b42, 0x5321, 0x4ac1, 0x5301, 0x5b01, 
    0x52e2, 0x5b41, 0x6be3, 0x6c05, 0x5343, 0x4b02, 0x4b01, 0x42c1, 0x4b02, 0x6382, 0x6be2, 0x6c02, 0x7c84, 0x6bc2, 0x52e2, 0x2983, 0x18e3, 0x4244, 0x73a8, 0x52c3, 
    0x5b23, 0x73a6, 0x6b67, 0x52e5, 0x5302, 0x5b82, 0x5b63, 0x5323, 0x6385, 0x63a6, 0x5304, 0x4ac2, 0x4ae2, 0x5303, 0x6363, 0x4ae2, 0x4a42, 0x6b46, 0x6b46, 0x4a84, 
    0x3a23, 0x4aa4, 0x5ae6, 0x5b05, 0x52a3, 0x4a45, 0x4223, 0x62e3, 0x7344, 0x5283, 0x52c3, 0x5b26, 0x5283, 0x5b44, 0x5b84, 0x52c4, 0x5262, 0x5ae3, 0x6b43, 0x5b24, 
    0x6323, 0x5281, 0x39c3, 0x39e3, 0x3182, 0x3a23, 0x52c3, 0x52a1, 0x3a01, 0x3202, 0x3202, 0x29a0, 0x3a61, 0x5322, 0x4a43, 0x31e2, 0x31c2, 0x3a05, 0x3a26, 0x29a2, 
    0x10c0, 0x4203, 0x4223, 0x1901, 0x0861, 0x2102, 0x0840, 0x0840, 0x2140, 0x0860, 0x0860, 0x0020, 0x39c4, 0x5ae5, 0x4a43, 0x5aa6, 0x7349, 0x736b, 0x7bcd, 0x5aa7, 
    
    0x8caf, 0xc615, 0xd699, 0xce58, 0xce58, 0xb594, 0xc5f6, 0xc616, 0xbdf6, 0xbdb5, 0xc5f6, 0xbdb5, 0xbdf6, 0xbdd5, 0xce57, 0xc5f6, 0xb5b4, 0xad53, 0xb594, 0xc616, 
    0xbdd6, 0xbdd6, 0xb594, 0xb552, 0xb552, 0xa4f1, 0xbdd5, 0xbdb4, 0xad31, 0xad52, 0xad72, 0xa511, 0x9c8e, 0xb532, 0xc5f5, 0xbd72, 0xa4cf, 0xad11, 0xbd94, 0xb573, 
    0xad32, 0xbdd5, 0xc5f6, 0xa512, 0xa512, 0xb594, 0xbdd4, 0xb594, 0xad53, 0xb595, 0xb595, 0xa512, 0x946f, 0x840d, 0x8c2e, 0x8c2e, 0x9470, 0xbd95, 0xc5d6, 0xb553, 
    0xa4f1, 0xad33, 0xb595, 0xb595, 0xa512, 0x944e, 0x9cb0, 0x9cf1, 0x948f, 0x7348, 0x6b06, 0x6b06, 0x6b28, 0x62e7, 0x5aa7, 0x7bee, 0x8c0c, 0x7ba7, 0x6304, 0x7bca, 
    0x8c2d, 0x7bc6, 0x7385, 0x7388, 0x840a, 0x8be8, 0x7326, 0x6b06, 0x6304, 0x6306, 0x7389, 0x8c4f, 0x73ac, 0x4a65, 0x4206, 0x5248, 0x39c6, 0x5aca, 0x7b8d, 0x9c4e, 
    0x83c9, 0x6b28, 0x83aa, 0x944e, 0x840d, 0x840a, 0x944d, 0xacf2, 0x9cb0, 0x730a, 0x6288, 0x6b0a, 0x7bac, 0x946f, 0x62e9, 0x62ea, 0x9cf2, 0x9cd1, 0x7b8a, 0x5aa6, 
    0x4a24, 0x6b08, 0x7bca, 0x52a4, 0x3a01, 0x4a63, 0x52a4, 0x5ac6, 0x52c7, 0x39e3, 0x39e1, 0x4a62, 0x5283, 0x5ac6, 0x7349, 0x7369, 0x83cb, 0x83cb, 0x7b8b, 0x7bab, 
    0x6b69, 0x6307, 0x73cd, 0x8430, 0x94d2, 0x7c0f, 0x73ae, 0x8c2f, 0x8c4e, 0xa4f1, 0xad33, 0x946f, 0x8c4e, 0x946f, 0x840d, 0x6b49, 0x62e7, 0x7bab, 0x9cf2, 0x738a, 
    0x6308, 0x734a, 0x7bab, 0x7bcc, 0x9490, 0x9cd1, 0x946f, 0x9cd1, 0xad73, 0x94af, 0x9490, 0x9cf3, 0x7c10, 0x9471, 0x7bad, 0x83ee, 0x632b, 0x7bad, 0x6b49, 0x83cc, 
    0x83cc, 0x83ed, 0x9cb0, 0x7b89, 0x83ec, 0x840f, 0x734b, 0x7328, 0x83cb, 0xa4d0, 0xa4f1, 0xa48f, 0xacf1, 0xa4d1, 0xad53, 0xa513, 0x946e, 0x8c0b, 0x83ea, 0x9cb0, 
    0x7bce, 0x10a2, 0x18c1, 0x2121, 0x4242, 0x4ae2, 0x4281, 0x4a81, 0x4a61, 0x3a01, 0x29a1, 0x39c2, 0x4242, 0x5b41, 0x6ba1, 0x6382, 0x5303, 0x5321, 0x5b41, 0x5b02, 
    0x5b22, 0x6383, 0x5b63, 0x5344, 0x5b64, 0x5b43, 0x42c1, 0x3a82, 0x52e2, 0x6b43, 0x73e4, 0x73e3, 0x73e4, 0x4a64, 0x4203, 0x4203, 0x5ae5, 0x6be5, 0x5b44, 0x4282, 
    0x4aa3, 0x5ae3, 0x5b24, 0x5b44, 0x4ae2, 0x42a1, 0x3a21, 0x5b24, 0x6ba5, 0x6b85, 0x4aa3, 0x5323, 0x42a2, 0x3a42, 0x52c3, 0x5b04, 0x39a2, 0x5aa5, 0x6b28, 0x5286, 
    0x5b28, 0x5b06, 0x5ae5, 0x6307, 0x5ae7, 0x6305, 0x4a23, 0x4a61, 0x6323, 0x6325, 0x52c5, 0x4263, 0x4242, 0x63a4, 0x5b64, 0x3a02, 0x4242, 0x4a83, 0x5b03, 0x52e2, 
    0x4a61, 0x4a42, 0x4a43, 0x39e2, 0x3181, 0x4261, 0x52c2, 0x4a61, 0x2161, 0x3202, 0x3a41, 0x29c1, 0x21a1, 0x31e2, 0x31e2, 0x10e0, 0x1922, 0x3a24, 0x2183, 0x08a1, 
    0x2961, 0x6304, 0x5ae5, 0x2102, 0x2924, 0x39a6, 0x18a2, 0x2102, 0x41c4, 0x18c2, 0x2944, 0x39a5, 0x62e8, 0x5aa6, 0x5244, 0x6ae7, 0x7349, 0x8bab, 0x8ba9, 0x62e5, 
    
    0x9d10, 0xad51, 0xc637, 0xce78, 0xc637, 0xbdd6, 0xb5b5, 0xbdd5, 0xc616, 0xbdd5, 0xb594, 0x950e, 0x94ef, 0xad93, 0x9d30, 0x846b, 0x848c, 0x94ef, 0xa551, 0xb5b4, 
    0xb594, 0xbdf6, 0xce57, 0xce58, 0xb574, 0xb573, 0xce57, 0xc5f5, 0xb552, 0xb552, 0xbdb4, 0xb594, 0xad52, 0xb572, 0xad31, 0xb532, 0x9cae, 0x9caf, 0xad32, 0xad11, 
    0x9c8f, 0x9caf, 0xa511, 0xad52, 0xa512, 0xa512, 0xad52, 0xb593, 0xad73, 0xb574, 0xa4f2, 0xb574, 0xa512, 0x946f, 0x9490, 0x8c6f, 0x6308, 0x738b, 0x8c2f, 0xa4f1, 
    0x8c2d, 0xa4d1, 0xb574, 0xad74, 0xa532, 0x83eb, 0x83ea, 0x944d, 0x9cb0, 0x9c4d, 0x9c8d, 0x8c0b, 0x7b69, 0x7b69, 0x7349, 0x7b8a, 0x942c, 0x83c8, 0x7345, 0x7346, 
    0x6b47, 0x83e9, 0x9c8d, 0x840a, 0x83eb, 0x7bc8, 0x7bc7, 0x7be8, 0x7be8, 0x7baa, 0x62e9, 0x5aea, 0x73ac, 0x7baa, 0x8c6f, 0x6308, 0x3164, 0x3123, 0x5283, 0x5aa3, 
    0x62c9, 0x5227, 0x3985, 0x7bac, 0x946f, 0x9cb0, 0xb533, 0xb554, 0xad12, 0x9c2f, 0x732b, 0x7b8d, 0x6b2a, 0x62e6, 0x734a, 0x6b4c, 0x6329, 0x5ac6, 0x5ae7, 0x5265, 
    0x4224, 0x5286, 0x4a44, 0x4a64, 0x5ac7, 0x52a6, 0x52a5, 0x5a85, 0x5285, 0x4a64, 0x4a44, 0x5ac6, 0x736a, 0x8bcc, 0xb4b0, 0xac8f, 0x6b07, 0x5264, 0x6b28, 0x7369, 
    0x7bcb, 0x73ac, 0x73ad, 0x840e, 0x9490, 0x7c0f, 0x9491, 0x8c4f, 0x736a, 0x73ab, 0x7bab, 0x7bab, 0x7bab, 0x8c2e, 0x8c2e, 0x840d, 0x7bcc, 0x7bab, 0x7bac, 0x6b29, 
    0x8c2e, 0x946f, 0x7bed, 0x52a7, 0x7bab, 0x9cf2, 0x8c2f, 0x83ee, 0xad75, 0xa533, 0x94b2, 0xa534, 0x8c91, 0x736c, 0x5aa9, 0x7b8c, 0x6b0a, 0x736a, 0x5aa4, 0x7348, 
    0x946f, 0x8c0e, 0x7b6b, 0x7349, 0x8c2e, 0x6b0a, 0x6ac9, 0x8bcb, 0x8c0c, 0x9caf, 0xad32, 0xad12, 0x942e, 0x8c2f, 0xa4f1, 0xa4d0, 0x8bcc, 0x93ec, 0x7b8b, 0x7bac, 
    0x5267, 0x2102, 0x3183, 0x4282, 0x4ae1, 0x4281, 0x4a81, 0x4a81, 0x3a01, 0x3181, 0x31a2, 0x4a42, 0x6342, 0x6ba2, 0x6ba3, 0x6362, 0x6364, 0x5b21, 0x52c1, 0x52a3, 
    0x5b44, 0x63a3, 0x5304, 0x4282, 0x42c2, 0x4a82, 0x31e1, 0x3a43, 0x6bc8, 0x7be5, 0x6344, 0x52a4, 0x5265, 0x62e8, 0x6b67, 0x73c5, 0x6ba5, 0x5b43, 0x52c4, 0x5b04, 
    0x6ba5, 0x52e2, 0x3221, 0x3a63, 0x3a44, 0x18e1, 0x31a1, 0x6364, 0x5b23, 0x5ac3, 0x4243, 0x3a42, 0x3a42, 0x52e2, 0x4aa2, 0x52c2, 0x4a43, 0x5aa5, 0x6b29, 0x5aea, 
    0x6b2b, 0x6309, 0x62e5, 0x62e8, 0x5aa8, 0x52c4, 0x5ae4, 0x4261, 0x52e3, 0x84a7, 0x6365, 0x42a3, 0x4aa3, 0x5324, 0x7446, 0x5ba5, 0x5b05, 0x4262, 0x4ac2, 0x4a82, 
    0x4a82, 0x5b05, 0x6324, 0x52e1, 0x3201, 0x4241, 0x3a01, 0x4a23, 0x1901, 0x1901, 0x2181, 0x3202, 0x29c2, 0x10e2, 0x0860, 0x1922, 0x2982, 0x1901, 0x0860, 0x0000, 
    0x20e1, 0x39a2, 0x2922, 0x4a26, 0x5286, 0x5a86, 0x4a45, 0x6b08, 0x838b, 0x5246, 0x41c3, 0x41e4, 0x6b08, 0x5a85, 0x41c2, 0x6286, 0x93ca, 0x9bea, 0x8349, 0x5aa5, 
    
    0x740b, 0x8cac, 0x9cef, 0xc5f6, 0xce58, 0xc637, 0xbdb5, 0xb574, 0xbdb4, 0x9cef, 0x6369, 0x3a63, 0x6387, 0x846c, 0x5b86, 0x4b03, 0x5364, 0x5ba6, 0x7469, 0x950d, 
    0x9d2f, 0xbdf5, 0xc5f5, 0xbdb4, 0xb5b5, 0xbdb4, 0xbdb4, 0xc616, 0xb573, 0xb552, 0xb552, 0xad32, 0xad52, 0xc5f5, 0xbdb4, 0xad12, 0xbdd5, 0xc5f5, 0xa4b0, 0x8c2e, 
    0xad12, 0xad32, 0x9cb0, 0xb552, 0xbd94, 0xad33, 0xa512, 0xa511, 0xa511, 0xb574, 0xa512, 0xad32, 0xa512, 0xad32, 0x9cd1, 0xad53, 0x94af, 0x7389, 0x8c0d, 0x8c2e, 
    0x8c4e, 0xad53, 0xa4f1, 0xa4f1, 0xa4f1, 0x7ba8, 0x6b24, 0x7ba8, 0xa4d0, 0xad33, 0xad33, 0x8c2d, 0x83ca, 0x8bea, 0x83aa, 0x7b88, 0x7b88, 0x7346, 0x7344, 0x83e9, 
    0x948e, 0x83ea, 0x946e, 0x8c2d, 0x842c, 0x73aa, 0x842c, 0x8429, 0x8408, 0x8429, 0x8c4c, 0x946e, 0x7ba7, 0x7368, 0x8c70, 0x846f, 0x630a, 0x6b0a, 0x5284, 0x5b07, 
    0x62ea, 0x5a89, 0x62e9, 0x7bcb, 0x7bec, 0x8c50, 0x9490, 0x7b6b, 0x944e, 0x7baa, 0x62c7, 0x7329, 0x8c2e, 0x948f, 0x83ac, 0x62e7, 0x4a24, 0x4a44, 0x5aa7, 0x6307, 
    0x5285, 0x4a24, 0x6b09, 0x83cd, 0x5aa7, 0x4a44, 0x5285, 0x5285, 0x5aa5, 0x5aa5, 0x4a23, 0x41e2, 0x6b29, 0x83ac, 0xbcd0, 0xa44e, 0x62a7, 0x5264, 0x5aa6, 0x5aa6, 
    0x842f, 0x8471, 0x73ac, 0x6b6a, 0x6b4a, 0x6b29, 0x6309, 0x6b29, 0x6308, 0x6b6a, 0x6308, 0x6307, 0x5ac6, 0x5aa5, 0x5285, 0x738a, 0x94d2, 0x842f, 0x6b4b, 0x634a, 
    0x73ac, 0x9cd2, 0x94b2, 0x6b6b, 0x7bac, 0x840e, 0x632b, 0x630b, 0x73ae, 0x83ee, 0x8c2e, 0x7bcd, 0x9490, 0x734b, 0x732a, 0x83cc, 0x946e, 0x7349, 0x8bab, 0x734b, 
    0x62ea, 0x6b0a, 0x83ac, 0x7b6a, 0x836b, 0x8bcd, 0xacf1, 0xa4af, 0xa48f, 0x9c6f, 0x8c4f, 0x736b, 0x8c0d, 0xacf1, 0xb573, 0x9c8f, 0xa46e, 0xa48f, 0x5a88, 0x62c9, 
    0x62c7, 0x4243, 0x52e3, 0x42a1, 0x29a0, 0x31c1, 0x4241, 0x3a01, 0x4201, 0x4223, 0x52a2, 0x6362, 0x73c3, 0x73e2, 0x6363, 0x5b02, 0x5b22, 0x52e1, 0x5b43, 0x63a6, 
    0x5b85, 0x5304, 0x5304, 0x5304, 0x3a42, 0x29a2, 0x4a43, 0x5b45, 0x7409, 0x7365, 0x52c5, 0x6326, 0x7bc8, 0x8448, 0x73a6, 0x7c06, 0x6ba5, 0x5304, 0x52c4, 0x4ac3, 
    0x4aa2, 0x4281, 0x3a42, 0x3a23, 0x4264, 0x3a03, 0x3a21, 0x5323, 0x42a3, 0x2982, 0x4204, 0x52c4, 0x5305, 0x5305, 0x6347, 0x4aa3, 0x5ae6, 0x6307, 0x6b2a, 0x6b0b, 
    0x5aa9, 0x6b2c, 0x5aa7, 0x5286, 0x6308, 0x5b06, 0x5b05, 0x52a4, 0x4aa4, 0x5323, 0x5323, 0x42c2, 0x4aa3, 0x6366, 0x6c04, 0x5364, 0x52e3, 0x6383, 0x7425, 0x7c26, 
    0x6b64, 0x5ac2, 0x5ae1, 0x52c1, 0x4a22, 0x52a2, 0x39e1, 0x4203, 0x39e1, 0x10e0, 0x0881, 0x1960, 0x21a1, 0x10a1, 0x0840, 0x2142, 0x3182, 0x31c2, 0x1901, 0x0040, 
    0x0020, 0x18c1, 0x5244, 0x7b67, 0x6b46, 0x4a43, 0x4204, 0x7348, 0x83ab, 0x62e7, 0x39c2, 0x41e2, 0x5264, 0x5a44, 0x49e3, 0x5a44, 0x72c5, 0x8b68, 0x8b8a, 0x7b8b, 
    
    0x5b87, 0x5bc4, 0x6be7, 0x94cf, 0xc617, 0xbdd5, 0xad52, 0xad52, 0x94ae, 0x4ac5, 0x29a2, 0x2141, 0x5286, 0x5264, 0x3201, 0x3a61, 0x4b23, 0x53a4, 0x53a4, 0x5c05, 
    0x7489, 0xa571, 0xb593, 0xb552, 0xbdd5, 0xb594, 0xbdd5, 0xbdd5, 0xbdb4, 0xb594, 0xbdb4, 0xacf0, 0xacf1, 0xb532, 0xcdf5, 0xb594, 0xb553, 0xa50f, 0xa4cf, 0xad53, 
    0xbd94, 0xbdb4, 0xb573, 0xbdb4, 0xbd94, 0xb573, 0xb594, 0xad11, 0xa4f1, 0xad33, 0xad32, 0x9caf, 0xa511, 0xa511, 0x9caf, 0x9cb0, 0xbdb5, 0xad32, 0xad52, 0xa4d0, 
    0x8c2e, 0xad33, 0xa511, 0x944e, 0x7b69, 0x7389, 0x7bca, 0x7366, 0x946d, 0xb594, 0xb553, 0x946f, 0x8c0d, 0x9c8f, 0x8c2e, 0x8beb, 0x8bea, 0x7ba9, 0x7ba9, 0x8be9, 
    0x840a, 0x6b27, 0x6b26, 0x7347, 0x8c09, 0x83c9, 0x7369, 0x8c2b, 0x7be8, 0x8409, 0x946c, 0x8c2a, 0x7bc6, 0x83e6, 0x7be9, 0x6b6b, 0x844d, 0x8c2f, 0x736b, 0x7b8c, 
    0x836b, 0x83cd, 0x8c2e, 0x840c, 0x5ae7, 0x6308, 0x6b08, 0x62e7, 0x62e7, 0x52a5, 0x5284, 0x4a64, 0x5aa5, 0x6307, 0x734a, 0x6b28, 0x5264, 0x5263, 0x5263, 0x5284, 
    0x5283, 0x5263, 0x7348, 0x9caf, 0x6b49, 0x5aa7, 0x5aa6, 0x62c7, 0x4a44, 0x4202, 0x39c1, 0x3181, 0x5244, 0x62a7, 0x93ec, 0x6ac9, 0x49e5, 0x4a26, 0x4a44, 0x4a44, 
    0x6b4a, 0x8450, 0x738b, 0x5b08, 0x5ae9, 0x5286, 0x5285, 0x6308, 0x6b69, 0x6b69, 0x62e7, 0x62e7, 0x73aa, 0x6329, 0x738b, 0x6327, 0x842e, 0x8cb1, 0x73ce, 0x7c30, 
    0x8c70, 0x844f, 0x8c50, 0x738c, 0x738c, 0x6b6b, 0x5aa8, 0x6b2a, 0x7bac, 0x7b6b, 0x7bad, 0x5288, 0x7bad, 0x9cd0, 0x8c2d, 0x8c2e, 0x8c2e, 0x8c2e, 0xa4f1, 0x8c70, 
    0x62ea, 0x7b6b, 0x946f, 0x7b6b, 0x7b4b, 0x9c6f, 0xad32, 0xa4b0, 0x8bac, 0x83ac, 0x7bee, 0x73cd, 0xad33, 0xa4d1, 0x9cb1, 0xa4d1, 0xacd0, 0xa48f, 0xa490, 0x5aa9, 
    0x4a63, 0x5b03, 0x5302, 0x3a01, 0x3a01, 0x4a41, 0x4221, 0x31c0, 0x5284, 0x7348, 0x7346, 0x73a5, 0x6ba4, 0x6382, 0x6342, 0x5b22, 0x6344, 0x5323, 0x5b45, 0x6367, 
    0x5305, 0x4ac4, 0x4282, 0x4ae3, 0x4282, 0x4282, 0x6b67, 0x6b87, 0x52c5, 0x6326, 0x6366, 0x5b44, 0x73e6, 0x7406, 0x52e3, 0x52e4, 0x6385, 0x52e2, 0x5b03, 0x5b45, 
    0x4aa4, 0x4aa4, 0x42a2, 0x42a2, 0x42a2, 0x52c3, 0x4aa1, 0x4ae3, 0x4b05, 0x4263, 0x52e6, 0x52e4, 0x6327, 0x6349, 0x5b28, 0x52a7, 0x52a8, 0x6b2a, 0x62e8, 0x7348, 
    0x7be9, 0x844a, 0x7407, 0x63a4, 0x5b43, 0x4ac3, 0x4ac3, 0x6ba6, 0x52c4, 0x31e1, 0x29e2, 0x4b03, 0x5344, 0x5324, 0x5323, 0x52e3, 0x4282, 0x3a61, 0x5322, 0x63a3, 
    0x52e3, 0x4a62, 0x5281, 0x41e2, 0x41c2, 0x39e1, 0x31a1, 0x4a43, 0x52a2, 0x18e1, 0x3a03, 0x4263, 0x0840, 0x0860, 0x18c1, 0x39e3, 0x2961, 0x4a82, 0x4262, 0x31c1, 
    0x3161, 0x4202, 0x7b86, 0x7b66, 0x62e4, 0x41e2, 0x2922, 0x5267, 0x7ba8, 0x62e6, 0x41e2, 0x5284, 0x4a23, 0x41c2, 0x5a44, 0x5a44, 0x49c3, 0x49c3, 0x62a6, 0x62e8, 
    
    0x6bc8, 0x6ba6, 0x5b66, 0x740a, 0x9cce, 0x844b, 0x7409, 0x7409, 0x4ac5, 0x4244, 0x5285, 0x39a4, 0x41a5, 0x49c4, 0x4223, 0x5324, 0x5364, 0x5344, 0x3ac2, 0x4323, 
    0x5384, 0x7cab, 0xad72, 0xbdd5, 0xa553, 0xad94, 0xc5f6, 0xad52, 0xb573, 0xce78, 0xd6b9, 0xc5d4, 0xacd0, 0xb532, 0xce15, 0xce16, 0xb593, 0xad31, 0xbdd4, 0xce57, 
    0xc5f5, 0xbd73, 0xbdb4, 0xbdd5, 0xad11, 0xad10, 0xbd93, 0xbdb4, 0xb552, 0xad32, 0xa4f0, 0xa4cf, 0xb552, 0xad11, 0xad11, 0xad32, 0xb573, 0xb553, 0xb574, 0xb594, 
    0xad33, 0x9cd1, 0xa511, 0xa4f0, 0x83ca, 0x8c2d, 0x946e, 0xa4d1, 0xb574, 0xb553, 0xb532, 0xb532, 0x8bec, 0x8c0f, 0x9cf2, 0x8c4f, 0x8c6f, 0x7bce, 0x6309, 0x6b46, 
    0x7bc8, 0x83c7, 0x7386, 0x7ba8, 0x7386, 0x7ba5, 0x7384, 0x7384, 0x7387, 0x8c6f, 0x9c90, 0x83ec, 0x7be8, 0x73c5, 0x7bc8, 0x946e, 0x9ccf, 0x8c8d, 0x73c9, 0x6326, 
    0x73ab, 0x8c4f, 0x944f, 0x5ac6, 0x4a42, 0x5264, 0x62c5, 0x62e5, 0x6b28, 0x6b08, 0x6b07, 0x5aa5, 0x5282, 0x4a41, 0x62e6, 0x5aa4, 0x4221, 0x4a41, 0x4221, 0x4a41, 
    0x4221, 0x4221, 0x39e0, 0x5aa5, 0x7369, 0x5246, 0x5a47, 0x7b6b, 0x6308, 0x4204, 0x4a45, 0x6308, 0x6307, 0x4a23, 0x5286, 0x7349, 0x7b8b, 0x4a45, 0x5286, 0x4a43, 
    0x4a24, 0x62e7, 0x62e6, 0x6308, 0x5ac7, 0x4a44, 0x5ae7, 0x5ac8, 0x634a, 0x73cc, 0x5b08, 0x5b0a, 0x8c91, 0x8450, 0x94b2, 0x7bed, 0x6b6b, 0x7bcd, 0x7bed, 0x94b2, 
    0x9d13, 0x73ee, 0x7bef, 0x73cd, 0x6b6b, 0x7bcd, 0x7b4a, 0x7329, 0x6b09, 0x62a7, 0x734b, 0x83ee, 0x7bac, 0x840e, 0x8c90, 0x8c4f, 0x5aa9, 0x7b8c, 0x8c0e, 0x5a89, 
    0x3164, 0x730a, 0x944d, 0x8c0d, 0x944f, 0x8c2e, 0x8c0e, 0x7b8d, 0x6b4c, 0x6b6c, 0xad33, 0x9cf2, 0xa554, 0x9cb1, 0x732b, 0x7b4b, 0xa46f, 0xa46f, 0xa48f, 0x6327, 
    0x3a61, 0x4ac1, 0x4ae1, 0x4a81, 0x4a62, 0x4a23, 0x4201, 0x4aa1, 0x7368, 0x83ca, 0x7368, 0x6b84, 0x6362, 0x5b22, 0x6323, 0x6364, 0x6bc5, 0x5304, 0x4ac5, 0x73ca, 
    0x5305, 0x4ae2, 0x3a82, 0x42a2, 0x3a62, 0x5b24, 0x7c4a, 0x6b67, 0x52a4, 0x6348, 0x6b89, 0x5b06, 0x6326, 0x6346, 0x5b25, 0x4ac3, 0x4aa2, 0x4281, 0x4281, 0x6387, 
    0x6b88, 0x4aa4, 0x3a62, 0x3a41, 0x4ae2, 0x52e3, 0x4221, 0x5b26, 0x6bc8, 0x5b46, 0x5b27, 0x52a6, 0x4aa4, 0x52a5, 0x52a8, 0x630a, 0x736a, 0x6b08, 0x62c6, 0x6b65, 
    0x7c44, 0x5b22, 0x42a1, 0x5b62, 0x7445, 0x7c87, 0x7427, 0x5b64, 0x3a21, 0x4262, 0x4b04, 0x63e5, 0x5b84, 0x2a01, 0x29a1, 0x4a42, 0x52a3, 0x3a01, 0x4261, 0x4ae2, 
    0x4a82, 0x3a01, 0x4221, 0x2961, 0x2942, 0x1901, 0x2961, 0x5ae5, 0x7427, 0x5b45, 0x6be5, 0x5b45, 0x2961, 0x2982, 0x39e3, 0x4243, 0x4202, 0x5ac2, 0x6362, 0x6342, 
    0x6b42, 0x6b43, 0x7345, 0x7325, 0x4a02, 0x20e1, 0x2102, 0x5a86, 0x736a, 0x6326, 0x5ac5, 0x39c3, 0x39a3, 0x41c3, 0x49e4, 0x49c4, 0x3984, 0x49e4, 0x62e7, 0x5ac7, 
    
    0x7389, 0x7ba8, 0x7be9, 0x7bea, 0x6b27, 0x52c4, 0x5304, 0x4ae4, 0x4a84, 0x52e5, 0x6347, 0x7b89, 0x6267, 0x51e6, 0x5a86, 0x4ac4, 0x3a83, 0x3a83, 0x3a83, 0x4304, 
    0x5365, 0x744a, 0xa551, 0x8caf, 0x846d, 0x9d31, 0xb5b4, 0xa510, 0xa4cf, 0xb573, 0xc637, 0xce58, 0xbdb5, 0xce37, 0xce57, 0xce36, 0xbd94, 0xc616, 0xd678, 0xce36, 
    0xd678, 0xce16, 0xce16, 0xc5f5, 0xb553, 0xb552, 0xb572, 0xc5f6, 0xad32, 0x948e, 0xad11, 0xacf0, 0x9c8e, 0x946d, 0xad11, 0xb573, 0x9c8e, 0x9c6e, 0xad11, 0xad32, 
    0xa4f1, 0x9c90, 0x8bec, 0x8bec, 0x9cd1, 0xad53, 0xad53, 0xa4f2, 0xad13, 0xce16, 0xbd94, 0xa4b0, 0x734c, 0x7bce, 0x7bef, 0x842f, 0x7bee, 0x83ee, 0x948e, 0x948e, 
    0x948f, 0x944d, 0x8c0c, 0x7ba9, 0x6b47, 0x7ba9, 0x8c09, 0x948d, 0x94b0, 0x83ee, 0x8bed, 0x948e, 0x73a7, 0x6348, 0x630a, 0x8c6e, 0x94ae, 0x94ad, 0x94ae, 0x842c, 
    0x8c8e, 0x840d, 0x8c6e, 0x7bea, 0x6b68, 0x52a4, 0x4a41, 0x4a62, 0x5283, 0x62e4, 0x7388, 0x5284, 0x4a61, 0x5ae3, 0x52c1, 0x3a20, 0x4240, 0x52a2, 0x52c2, 0x4221, 
    0x3a00, 0x4201, 0x5283, 0x7bcb, 0x7baa, 0x4a05, 0x3984, 0x6b28, 0x7bcc, 0x7c0e, 0x52c6, 0x6b47, 0x6b89, 0x5ac6, 0x4a64, 0x7389, 0xa4d0, 0x7bed, 0x6b6b, 0x4223, 
    0x4a64, 0x5aa6, 0x4a64, 0x62e6, 0x6b48, 0x6b6a, 0x73ce, 0x52eb, 0x5b2b, 0x73cf, 0x634c, 0x7c30, 0x8cb2, 0x7c2f, 0x6b6a, 0x6b6a, 0x5ac9, 0x7bcd, 0x842e, 0x8450, 
    0x9d14, 0x73cf, 0x73ae, 0x7bed, 0x7bcc, 0x9c6f, 0xacd0, 0x944f, 0x7b6b, 0x944e, 0x9c6f, 0x8c0d, 0x62e9, 0x4207, 0x7bad, 0x83cd, 0x736c, 0x5a89, 0x5a89, 0x5a88, 
    0x6ae9, 0x7b8c, 0x83cb, 0x9c8e, 0xa48f, 0x83cc, 0x5289, 0x630b, 0x8450, 0x630b, 0x7b4b, 0xb533, 0xa4d1, 0x940e, 0x940e, 0x8bcc, 0x8b8b, 0x83ab, 0x5ac5, 0x3a42, 
    0x42a1, 0x4281, 0x4261, 0x3a21, 0x39e2, 0x4a44, 0x5aa4, 0x946d, 0x9caf, 0x6b65, 0x5b22, 0x5b22, 0x5b22, 0x6382, 0x6382, 0x6363, 0x3a24, 0x4a87, 0x52c6, 0x5b46, 
    0x4ae4, 0x4ae3, 0x42a2, 0x4262, 0x5b07, 0x6bc9, 0x6385, 0x52c4, 0x52a4, 0x52e4, 0x5b07, 0x6347, 0x52c5, 0x4a83, 0x6365, 0x4ae2, 0x42a2, 0x5323, 0x5302, 0x52c4, 
    0x6326, 0x5b03, 0x4262, 0x31c1, 0x31e1, 0x4aa3, 0x5b06, 0x6367, 0x6ba7, 0x6367, 0x52a6, 0x4a86, 0x3a23, 0x4a64, 0x62c8, 0x7b6c, 0x7b8b, 0x62c8, 0x7ba7, 0x73a5, 
    0x31c0, 0x4222, 0x4204, 0x3a01, 0x7447, 0x8508, 0x7486, 0x63a4, 0x3182, 0x2962, 0x5b85, 0x5b23, 0x4ac1, 0x29e0, 0x21a2, 0x52e4, 0x4242, 0x31a1, 0x3a21, 0x3200, 
    0x39e1, 0x3a03, 0x29c1, 0x31a1, 0x3a03, 0x3a03, 0x3a23, 0x5302, 0x63a5, 0x4a84, 0x4aa3, 0x63a4, 0x4ae3, 0x3a02, 0x4263, 0x4aa3, 0x6303, 0x7325, 0x7343, 0x6b03, 
    0x62e3, 0x5ac1, 0x6303, 0x6303, 0x41e0, 0x20e0, 0x4204, 0x7387, 0x5285, 0x39e1, 0x2941, 0x2901, 0x41e4, 0x5a66, 0x49e4, 0x3962, 0x41a3, 0x5a84, 0x6b25, 0x6b48, 
    
    0x6b27, 0x6b47, 0x842a, 0x93eb, 0x6ae7, 0x4a63, 0x4aa4, 0x5b45, 0x6ba6, 0x4ac4, 0x4243, 0x7ba8, 0x7347, 0x5a85, 0x4204, 0x2942, 0x2982, 0x2142, 0x3a02, 0x5325, 
    0x63a7, 0x6bc7, 0x73e9, 0x6ba9, 0x5b87, 0x6be9, 0x8cad, 0xad51, 0xb573, 0xb573, 0xb594, 0xbdb4, 0xbdd5, 0xce57, 0xc637, 0xd678, 0xc5f5, 0xbd94, 0xbd93, 0xbd93, 
    0xc5f5, 0xd677, 0xc616, 0xbd94, 0xc616, 0xce37, 0xce36, 0xc5f5, 0xbdb4, 0xb552, 0xa50f, 0xad30, 0xbd73, 0xbd93, 0xb572, 0xc5b4, 0xc5d4, 0xb552, 0xb532, 0xc5b4, 
    0xc5f5, 0xbd94, 0xa4b0, 0xa4f1, 0xad12, 0xb594, 0xc5f5, 0xa4d1, 0x8c2f, 0xad33, 0xb552, 0x9c4f, 0x942e, 0x8c2f, 0x946f, 0x946f, 0x840d, 0x7bab, 0x8c2d, 0xad32, 
    0x9cb0, 0x838b, 0x944e, 0x8bea, 0x7baa, 0x7bab, 0x83aa, 0xa4b0, 0xb5b5, 0x9cd1, 0x8c0d, 0xa4f1, 0x8c4e, 0x7b8c, 0x738a, 0x6348, 0x842b, 0x948d, 0x9cb0, 0x9cb0, 
    0x8c6e, 0x94b0, 0x94af, 0x73ea, 0x6b89, 0x5ae5, 0x4aa1, 0x52e3, 0x3a20, 0x5b04, 0x73a8, 0x5b04, 0x6b85, 0x6ba4, 0x5b41, 0x5302, 0x6345, 0x6365, 0x6325, 0x5ae3, 
    0x5264, 0x5264, 0x52a5, 0x946f, 0x83cc, 0x738a, 0x6328, 0x6b48, 0x738a, 0x9cd0, 0x840b, 0x5b05, 0x7bea, 0x73a9, 0x6307, 0x6b47, 0x7b89, 0x6b29, 0x6b4b, 0x6b49, 
    0x4a63, 0x4a23, 0x4a64, 0x5285, 0x6308, 0x8c91, 0x8451, 0x8c92, 0x8c92, 0x8472, 0x8c72, 0x8c92, 0x8c92, 0x740f, 0x5b2a, 0x73ed, 0x7bcc, 0x6b29, 0x6b4a, 0x6329, 
    0x738c, 0x842e, 0x7bab, 0x736a, 0x83cc, 0x946f, 0xad33, 0xa490, 0x83ab, 0xacf1, 0xa4b0, 0xacf1, 0x9cb0, 0x840e, 0xad12, 0xbd73, 0x944f, 0x83ee, 0xb574, 0xa512, 
    0x9cb0, 0xa4f1, 0xbdd5, 0xad11, 0x8bea, 0x944e, 0x738d, 0x9cb1, 0xacf2, 0x7bad, 0x6aa9, 0x836c, 0x83ad, 0x83ad, 0x732b, 0x7b4b, 0x6aa8, 0x4204, 0x2180, 0x4282, 
    0x52e2, 0x4a63, 0x4a44, 0x5aa6, 0x62e7, 0x5284, 0x6b07, 0xa48e, 0x8c29, 0x6342, 0x5b22, 0x5301, 0x5b22, 0x5321, 0x5b41, 0x63a3, 0x3a24, 0x4a86, 0x5b06, 0x3a23, 
    0x4243, 0x3203, 0x4284, 0x5ae5, 0x6b67, 0x840c, 0x6b6a, 0x5b29, 0x5307, 0x4ae4, 0x4aa3, 0x5285, 0x39c4, 0x31c2, 0x5325, 0x4ae2, 0x6383, 0x6363, 0x4262, 0x4261, 
    0x4223, 0x5b04, 0x3a42, 0x31e2, 0x39e2, 0x4a84, 0x73ca, 0x52c5, 0x4242, 0x4aa5, 0x31c3, 0x3a05, 0x52c9, 0x52c5, 0x62e5, 0x6308, 0x7bcb, 0x846c, 0x73c7, 0x52c3, 
    0x39e2, 0x5305, 0x6bc7, 0x5b64, 0x5ba4, 0x63c6, 0x5b45, 0x5b43, 0x41e2, 0x39c3, 0x4aa3, 0x52a4, 0x6324, 0x4a84, 0x4244, 0x4aa4, 0x3201, 0x2140, 0x29a1, 0x1900, 
    0x1940, 0x4284, 0x4ac4, 0x52c6, 0x5ae5, 0x4262, 0x6325, 0x4aa2, 0x4242, 0x2141, 0x29a1, 0x4261, 0x3201, 0x4282, 0x4262, 0x39e2, 0x6ae6, 0x6b04, 0x6303, 0x52c3, 
    0x5ac5, 0x73a6, 0x6b63, 0x6b84, 0x6302, 0x62c2, 0x6324, 0x5aa5, 0x4a23, 0x39a2, 0x20e1, 0x3162, 0x5245, 0x7307, 0x7327, 0x5a66, 0x7349, 0x5aa5, 0x4a40, 0x52a3, 
    
    0x52e4, 0x5b25, 0x7ba8, 0x83aa, 0x62c6, 0x39c3, 0x4ac5, 0x5b45, 0x6ba5, 0x6386, 0x4a84, 0x4a44, 0x6345, 0x5b25, 0x4224, 0x3984, 0x3183, 0x31e3, 0x4ac4, 0x4ac5, 
    0x5b45, 0x6385, 0x5b25, 0x52e5, 0x5b87, 0x63e8, 0x63c8, 0x8cad, 0xb5b3, 0xb5f5, 0xc637, 0xbdd5, 0xad52, 0xad52, 0xbdb4, 0xbdd4, 0x948e, 0x83eb, 0x9c8e, 0xad31, 
    0xbd94, 0xc5d5, 0xb552, 0xa4f1, 0xb552, 0xbd94, 0xc5f5, 0xb552, 0xbd93, 0xc5f5, 0xbdd4, 0xc5d4, 0xc5d5, 0xbdb4, 0xce16, 0xc615, 0xce16, 0xce36, 0xc5f5, 0xc5d5, 
    0xbd93, 0xb511, 0xbd94, 0xc5d5, 0xc5d5, 0xc5d5, 0xc5d4, 0xc5d4, 0xacd0, 0xa4b0, 0xa4b0, 0xa48f, 0xa4d0, 0xacf2, 0xb573, 0xb531, 0xa48f, 0x9c6e, 0x8bec, 0x9c8f, 
    0xa4b0, 0x8bec, 0x9c8f, 0xacf0, 0x9c8e, 0x946e, 0x8c2b, 0x942c, 0x83ed, 0x7bca, 0x6b67, 0x9c8f, 0x9c91, 0x6b0b, 0x738c, 0x9490, 0x9cd1, 0x7b8b, 0x5aa7, 0x83ec, 
    0x840b, 0x840b, 0x948e, 0x6b87, 0x5b24, 0x5302, 0x4ac2, 0x5323, 0x52e2, 0x6364, 0x6344, 0x6b85, 0x6ba5, 0x6365, 0x8c8b, 0x8c4a, 0x7be8, 0x738a, 0x5aa8, 0x6b08, 
    0x83ec, 0x8bed, 0x8c2e, 0x8c4d, 0x8c0d, 0x7bcb, 0x948e, 0xad12, 0x948f, 0x7bcb, 0x842e, 0x7bed, 0x7bec, 0x6b87, 0x7386, 0x7387, 0x6b27, 0x7b89, 0x7b8a, 0x7349, 
    0x5285, 0x5284, 0x5ae8, 0x5b2b, 0x5aea, 0x8c91, 0x8c92, 0x8431, 0x8c92, 0x94d3, 0x8cb3, 0x7c30, 0x9cf3, 0x9d13, 0x9d34, 0x9d14, 0x7bcd, 0x5ac8, 0x73ab, 0x83ec, 
    0x8c0d, 0x7b8b, 0x5264, 0x736a, 0x7329, 0x738b, 0x944f, 0xacd1, 0xacf1, 0x9c6f, 0x83ad, 0x9c90, 0xacf1, 0x8c2e, 0x9c4e, 0xb553, 0x946f, 0x7b8c, 0x9cb0, 0x9cb0, 
    0xb574, 0xb594, 0xb574, 0xa4f1, 0x6327, 0x7b8a, 0x940e, 0xacd0, 0x942e, 0xa4b0, 0x83ac, 0x62c9, 0x62a8, 0x3984, 0x2903, 0x41e5, 0x3183, 0x39e2, 0x3a21, 0x4281, 
    0x4a83, 0x52a4, 0x5284, 0x8bcc, 0x7b89, 0x6b26, 0x7ba8, 0x7384, 0x6361, 0x6344, 0x6345, 0x5b21, 0x5b81, 0x5b61, 0x5b02, 0x6364, 0x5b45, 0x4ac3, 0x4283, 0x39a4, 
    0x3a03, 0x4282, 0x4ae3, 0x5b26, 0x6b48, 0x6b49, 0x6b6b, 0x738c, 0x5b09, 0x4284, 0x3a62, 0x39c3, 0x4a05, 0x4204, 0x39a3, 0x4a84, 0x4ac3, 0x3a21, 0x29a1, 0x3a21, 
    0x31e2, 0x3a02, 0x52e4, 0x5325, 0x4ac4, 0x52c5, 0x52c7, 0x3a23, 0x4a64, 0x6348, 0x5ae8, 0x4225, 0x634b, 0x6b67, 0x7c25, 0x8486, 0x84a7, 0x84c7, 0x6be5, 0x5b05, 
    0x5ae5, 0x5b43, 0x5ba3, 0x5bc4, 0x5363, 0x5302, 0x4242, 0x4a21, 0x62a3, 0x4223, 0x2981, 0x4222, 0x4a62, 0x5282, 0x4223, 0x3a22, 0x4241, 0x29a1, 0x2981, 0x2160, 
    0x29c0, 0x4241, 0x4242, 0x29a2, 0x29a2, 0x3a02, 0x5244, 0x31c2, 0x2980, 0x2941, 0x3a23, 0x3221, 0x31e1, 0x4a63, 0x4a42, 0x2961, 0x62a5, 0x73a8, 0x52a2, 0x5ae1, 
    0x6b87, 0x73ca, 0x5ac4, 0x4a43, 0x52a3, 0x5283, 0x62c4, 0x5a85, 0x5265, 0x4204, 0x5245, 0x5aa5, 0x62c5, 0x7328, 0x83aa, 0x944c, 0xa4ad, 0x6306, 0x31c0, 0x2960, 
    
    0x6b66, 0x6b66, 0x7b68, 0x8388, 0x7347, 0x5264, 0x52e5, 0x5b25, 0x6386, 0x63c6, 0x63a5, 0x4aa4, 0x31c2, 0x5a85, 0x3963, 0x41c4, 0x6326, 0x6386, 0x63a6, 0x4284, 
    0x31e3, 0x52c4, 0x5304, 0x42a3, 0x5346, 0x5bc7, 0x5b66, 0x63a8, 0x84ac, 0x950f, 0x9d10, 0x9d10, 0xa530, 0x9cef, 0x948d, 0x840a, 0x73a8, 0x7367, 0x7ba9, 0x9ccf, 
    0xb573, 0xbd93, 0xad11, 0xb552, 0xbdb4, 0xb573, 0xbdb4, 0xc5f6, 0xbdd5, 0xc5f6, 0xce57, 0xd678, 0xb553, 0x942e, 0xb532, 0xbdb4, 0xc5d5, 0xbd93, 0xc5d5, 0xbdb3, 
    0xad10, 0xbd93, 0xc5d5, 0xbdb4, 0xce16, 0xc5d5, 0xb532, 0xce37, 0xc616, 0xbd94, 0xb552, 0xb531, 0xacaf, 0x9c70, 0xa4d2, 0xb554, 0xad33, 0x946f, 0x8bed, 0x7b6b, 
    0x9c6e, 0x9c8f, 0x946f, 0xa4d1, 0x9cb0, 0xa4f1, 0xacf1, 0xa4af, 0x7bcb, 0x7bca, 0x840a, 0x83cc, 0x8c2f, 0x840d, 0x7bed, 0x738c, 0x738a, 0x5ae4, 0x52a2, 0x5ac3, 
    0x83ca, 0x7ba9, 0x73a8, 0x6363, 0x6363, 0x5b42, 0x6364, 0x6b85, 0x6b64, 0x6363, 0x5b01, 0x6b45, 0x83ea, 0x83cc, 0x8c0d, 0x83c9, 0x7366, 0x6b26, 0x83cb, 0x7baa, 
    0x83ea, 0x83eb, 0x9c90, 0x9c8f, 0x738a, 0x7369, 0x8c4e, 0x9cb0, 0x948f, 0x8c4e, 0x9490, 0x944f, 0x4a67, 0x5ac8, 0x842c, 0x7368, 0x734a, 0x62e8, 0x62c6, 0x7348, 
    0x73cc, 0x7baa, 0x7369, 0x634a, 0x5b0a, 0x73ce, 0x8470, 0x7c0f, 0x8c92, 0x73ee, 0x636b, 0x8c50, 0x9cd1, 0x9cb1, 0xad33, 0x736c, 0x62c9, 0x736b, 0x944e, 0x840d, 
    0x8c4e, 0x83ec, 0x6b08, 0x8bec, 0x942d, 0xad32, 0xb553, 0xc5b4, 0x9c4f, 0x83ee, 0x9c90, 0x7bac, 0x83ab, 0x7b8c, 0x7349, 0x83ab, 0x8bec, 0x946f, 0x9cb0, 0xa4d1, 
    0xb574, 0x9c6f, 0x8bed, 0x9c4e, 0x9c6f, 0x9c6e, 0x942d, 0xa46e, 0x9c4e, 0x9c4e, 0x8bcc, 0x8bcd, 0x838b, 0x62a8, 0x39c3, 0x3a22, 0x4282, 0x6326, 0x5ae4, 0x3a21, 
    0x4222, 0x4a83, 0x62e6, 0x7347, 0x6305, 0x6304, 0x6343, 0x5321, 0x52e1, 0x52a4, 0x52a3, 0x5b41, 0x5b61, 0x5b82, 0x6ba5, 0x6bc7, 0x6387, 0x4aa4, 0x4a64, 0x5b06, 
    0x52e3, 0x63a4, 0x6bc6, 0x52e6, 0x6b6a, 0x52a7, 0x4a85, 0x4aa6, 0x52c4, 0x4ac2, 0x4261, 0x4a83, 0x73c9, 0x6325, 0x4a43, 0x4aa4, 0x3222, 0x3221, 0x3a81, 0x3221, 
    0x4243, 0x4ac4, 0x5b45, 0x5323, 0x6b67, 0x6347, 0x4a63, 0x4a83, 0x5265, 0x7388, 0x7beb, 0x6348, 0x4a85, 0x6343, 0x73c3, 0x63a3, 0x8d07, 0x7465, 0x63e5, 0x5b26, 
    0x4264, 0x4ac2, 0x5b83, 0x5b24, 0x52c5, 0x4241, 0x3a01, 0x41e2, 0x5224, 0x4a44, 0x4a63, 0x2981, 0x2141, 0x2141, 0x2981, 0x52e1, 0x4261, 0x2180, 0x29c0, 0x4a82, 
    0x5ac5, 0x5ac5, 0x3a42, 0x1960, 0x29e2, 0x3203, 0x1922, 0x1101, 0x31e2, 0x2142, 0x2162, 0x2981, 0x31e3, 0x4244, 0x4202, 0x4a62, 0x5ae3, 0x5b05, 0x4242, 0x6b43, 
    0x7ba9, 0x5b09, 0x5263, 0x5201, 0x3162, 0x41e4, 0x6265, 0x72e6, 0x5223, 0x49e2, 0x5a84, 0x5a85, 0x6b27, 0x8bec, 0x940d, 0xa48d, 0x83c8, 0x4a62, 0x4203, 0x39a3, 
    
    0x6b44, 0x5b05, 0x7348, 0x942a, 0x83c9, 0x6345, 0x5b45, 0x52c4, 0x5b25, 0x5324, 0x5ba4, 0x5b86, 0x39c4, 0x4a06, 0x49e5, 0x62e6, 0x6385, 0x5ba6, 0x6406, 0x4284, 
    0x31c3, 0x3183, 0x5244, 0x41e4, 0x4284, 0x5346, 0x63c7, 0x63a7, 0x63c7, 0x63c7, 0x63a7, 0x7c4b, 0x8ccd, 0x7c4a, 0x6367, 0x5b25, 0x6346, 0x5ae4, 0x6b25, 0x8409, 
    0x9c8d, 0xb552, 0xc5f5, 0xbdf6, 0xc616, 0xc5f6, 0xb594, 0xbdb5, 0xc617, 0xbdd5, 0xc5f6, 0xc637, 0xc616, 0xc5f6, 0xb532, 0xad11, 0xbdb4, 0xc5d5, 0xc5d4, 0xc5d5, 
    0xad52, 0xb573, 0xbdb4, 0xc5f5, 0xbd94, 0xb573, 0xb573, 0xbdd5, 0xc5f5, 0xbdd5, 0xce16, 0xbd93, 0xacd0, 0x9c6f, 0x942e, 0xb533, 0xc5f6, 0xad53, 0xa4f2, 0x83cc, 
    0x940d, 0x942f, 0x83ed, 0x944e, 0x9c8f, 0x8c0c, 0x944f, 0xa4d0, 0x9c8f, 0x9caf, 0x948f, 0x840e, 0x83cd, 0xb574, 0x8c4d, 0x7ba8, 0x7387, 0x6b44, 0x5ae2, 0x52a1, 
    0x5ae4, 0x6b67, 0x6324, 0x6b85, 0x5b24, 0x5b22, 0x6323, 0x7387, 0x6b48, 0x62e7, 0x7bca, 0x8c4d, 0x944e, 0x83cc, 0x7348, 0x6b26, 0x6b46, 0x6b45, 0x6304, 0x6325, 
    0x6326, 0x7baa, 0x8c0e, 0x8bec, 0x7b8a, 0x736a, 0x7b8a, 0x8bcc, 0x940e, 0xb594, 0xa4d1, 0x6307, 0x4a85, 0x6309, 0x83ec, 0x7b8a, 0x7bab, 0x6b2a, 0x6308, 0x6b27, 
    0x8c2c, 0x8c0c, 0x7368, 0x6b69, 0x8c90, 0x9cd2, 0x842e, 0x840d, 0x840d, 0x7bcc, 0x738c, 0x6b2b, 0x39c5, 0x5247, 0x93ab, 0x838a, 0x946e, 0x944e, 0x7baa, 0x7b8a, 
    0x83cd, 0xacf1, 0xacb0, 0x8beb, 0x8bed, 0xa4d0, 0x9c6f, 0x9c8e, 0x7349, 0x62e9, 0x6ae9, 0x732a, 0x730a, 0x732a, 0x83ab, 0x83ab, 0x944e, 0xa4b0, 0x9c6f, 0xacf1, 
    0xa4b0, 0x940c, 0x7b49, 0x8bab, 0xa46e, 0xacaf, 0xacd0, 0xa46e, 0x8bcc, 0x734a, 0x62c7, 0x6b08, 0x8c0d, 0x7bac, 0x5b04, 0x4aa1, 0x4aa1, 0x52a3, 0x4a43, 0x39e2, 
    0x4222, 0x52a4, 0x6306, 0x4a62, 0x52a3, 0x52e3, 0x5301, 0x52e1, 0x52e2, 0x5b02, 0x5b41, 0x5b61, 0x5b64, 0x5b85, 0x6ba8, 0x6b86, 0x5284, 0x52c5, 0x5b07, 0x73e7, 
    0x6be4, 0x6365, 0x5b47, 0x6387, 0x5b25, 0x5b25, 0x4ae2, 0x4ae1, 0x4ae2, 0x3a61, 0x3200, 0x6324, 0x6b85, 0x4282, 0x5323, 0x4ac2, 0x31e1, 0x29c1, 0x21a1, 0x1900, 
    0x31c2, 0x4ac3, 0x3a22, 0x4242, 0x52a5, 0x5ac6, 0x39e1, 0x5262, 0x4a23, 0x39e2, 0x4a43, 0x6325, 0x52a6, 0x4a62, 0x52e2, 0x4282, 0x63a4, 0x7446, 0x6386, 0x31c2, 
    0x3a42, 0x5b43, 0x42a2, 0x4203, 0x4a24, 0x4223, 0x6345, 0x7427, 0x6ba7, 0x5ac7, 0x6368, 0x31e3, 0x0861, 0x18e1, 0x1902, 0x29a1, 0x29a1, 0x4281, 0x5323, 0x6343, 
    0x62c5, 0x6327, 0x4aa3, 0x4284, 0x4a84, 0x3a82, 0x42e3, 0x42c4, 0x5b65, 0x4ae4, 0x5304, 0x31e2, 0x39e4, 0x31c3, 0x52c8, 0x6347, 0x6b83, 0x4a62, 0x5ac4, 0x6b67, 
    0x7bc9, 0x5b06, 0x3a02, 0x39a1, 0x4a24, 0x3163, 0x5244, 0x6ae6, 0x4a22, 0x49e2, 0x49c3, 0x4204, 0x62c8, 0x83aa, 0x83a8, 0x6b25, 0x5aa4, 0x5283, 0x6307, 0x6285, 
    
    0x5241, 0x6b46, 0x7347, 0x7ba8, 0x8c0a, 0x8c4c, 0x842b, 0x7bcb, 0x5305, 0x4b03, 0x5344, 0x6bc7, 0x7389, 0x7b6b, 0x6b28, 0x6be6, 0x6406, 0x4b25, 0x5b85, 0x4ae5, 
    0x4a45, 0x5a47, 0x6aa8, 0x4a05, 0x31a3, 0x3223, 0x5345, 0x63c5, 0x5344, 0x3a82, 0x3aa3, 0x6bc8, 0x7c4b, 0x63c7, 0x4b25, 0x5305, 0x52e4, 0x5ae3, 0x6324, 0x6b64, 
    0x7365, 0x8c0a, 0xb552, 0xbd94, 0xb553, 0xb553, 0xb573, 0xad32, 0xbdb5, 0xbdd5, 0xa512, 0xad53, 0xbdd5, 0xc616, 0xbdd5, 0xbdd5, 0xbdb4, 0xbdb5, 0xbdb5, 0xc5f6, 
    0xbdb5, 0xc5f6, 0xc5d5, 0xacf1, 0xad11, 0xacf0, 0xacd0, 0xb511, 0xb531, 0xbd94, 0xc5f6, 0xce37, 0xc5d5, 0xbd94, 0xb531, 0xa48f, 0xb531, 0xb532, 0xa512, 0xb553, 
    0x9c6e, 0x940d, 0x8bcb, 0x8bec, 0x9c6f, 0x9c6e, 0x944f, 0x942f, 0x942f, 0x944f, 0xa533, 0xa513, 0x83ee, 0xa4cf, 0x8c4b, 0xa4cf, 0x9c8f, 0xa4f0, 0x948d, 0x7bea, 
    0x6ba7, 0x7388, 0x7b8a, 0x946f, 0x8c0c, 0x73a9, 0x946d, 0x9cb0, 0x9cb1, 0x83ce, 0x83ac, 0x944e, 0x7b8a, 0x736a, 0x7328, 0x62a6, 0x7328, 0x944d, 0x840b, 0x7baa, 
    0x738a, 0x7bac, 0x7bcb, 0x7ba9, 0x840c, 0x6b2a, 0x5226, 0x5a26, 0x5226, 0x7bab, 0x738b, 0x6308, 0x6329, 0x83ed, 0x948f, 0x83cc, 0x7bcb, 0x7369, 0x736a, 0x7baa, 
    0x840c, 0x7bcb, 0x6307, 0x738a, 0x83ed, 0x7b8c, 0x842e, 0x83ac, 0x9c6f, 0xa511, 0x83ec, 0x6308, 0x4206, 0x62ea, 0x8c0d, 0xad32, 0xc5d5, 0xa4f1, 0x7b8a, 0x83ab, 
    0x7b6b, 0x8bcc, 0xa48f, 0x940c, 0x7b8b, 0x7b8b, 0x6b07, 0x7327, 0x7b6a, 0x62c8, 0x72e9, 0x6ac8, 0x7b8c, 0x8bed, 0x8bec, 0x7b6a, 0x8bab, 0x940d, 0xa4b0, 0xa4b0, 
    0x942e, 0x93ec, 0x940d, 0xa48e, 0xa48e, 0xacd0, 0xacd1, 0x8bcd, 0x732a, 0x7b8a, 0x6326, 0x6b69, 0x8c2d, 0x6326, 0x4a61, 0x4a82, 0x4242, 0x3a01, 0x39e1, 0x4202, 
    0x4a83, 0x5285, 0x5265, 0x5283, 0x5b23, 0x5b42, 0x5302, 0x52e2, 0x5b02, 0x5b61, 0x5302, 0x4ac4, 0x6bc8, 0x5b67, 0x6367, 0x6386, 0x6347, 0x5b07, 0x5b26, 0x52e4, 
    0x7c49, 0x844b, 0x6baa, 0x63a6, 0x5b65, 0x4ae3, 0x4b02, 0x4ae1, 0x3a81, 0x3222, 0x3a02, 0x4aa3, 0x4282, 0x3201, 0x3221, 0x29e1, 0x2161, 0x2161, 0x0860, 0x10a1, 
    0x4283, 0x4aa2, 0x2140, 0x29a1, 0x4a63, 0x4a64, 0x3a03, 0x5285, 0x4a44, 0x4224, 0x4223, 0x52a2, 0x6346, 0x6345, 0x8486, 0x7c45, 0x4ae3, 0x5324, 0x5325, 0x3a22, 
    0x4aa2, 0x5b82, 0x3a22, 0x4a85, 0x4a03, 0x6305, 0x7406, 0x7424, 0x6c23, 0x7425, 0x6be6, 0x4ac5, 0x3a24, 0x5b25, 0x31e4, 0x2143, 0x3a24, 0x6345, 0x6385, 0x5b22, 
    0x4a62, 0x4a43, 0x5304, 0x5b45, 0x3181, 0x3200, 0x3ac2, 0x42e3, 0x5344, 0x5363, 0x4b03, 0x31c2, 0x4a65, 0x4226, 0x52a7, 0x4a84, 0x4241, 0x4a62, 0x4a64, 0x4a86, 
    0x4203, 0x39a2, 0x39c2, 0x4205, 0x2963, 0x18c1, 0x4a45, 0x6307, 0x5261, 0x4a42, 0x5285, 0x4a26, 0x4a07, 0x5a86, 0x6b23, 0x5ac2, 0x5284, 0x62e6, 0x6305, 0x39e1, 
    
    0x4a42, 0x5a83, 0x62a4, 0x5aa3, 0x83c9, 0x9c4d, 0xacd1, 0xc5b5, 0x740a, 0x4b02, 0x5344, 0x63c7, 0x944c, 0x942c, 0x6347, 0x4b03, 0x5ba5, 0x42a4, 0x42c4, 0x52e5, 
    0x6ae8, 0x8bab, 0x93cc, 0x8bab, 0x5aa7, 0x39e3, 0x3a42, 0x4b02, 0x3241, 0x21a0, 0x42a3, 0x5ba7, 0x5366, 0x4b24, 0x4b24, 0x4aa3, 0x4263, 0x5ac4, 0x52c2, 0x6323, 
    0x5ae2, 0x6b04, 0x8c2b, 0xa4d0, 0xacd0, 0xbd73, 0xb594, 0xb594, 0xbd94, 0xb594, 0xad33, 0xbdb5, 0xb573, 0xad11, 0xb553, 0xbdb5, 0xbd94, 0xbdb5, 0xb5b4, 0xb552, 
    0xa4f1, 0xbdb4, 0xad11, 0x944e, 0xb532, 0xb511, 0xb531, 0xbd94, 0xb532, 0xb531, 0xbd93, 0xbd94, 0xc594, 0xbd73, 0xacf0, 0x940b, 0x9c2d, 0xa48f, 0xa48f, 0xacb0, 
    0xb4f0, 0xacaf, 0x8bec, 0x944e, 0x942f, 0x9c4f, 0xa4b1, 0x8c0f, 0x7b8c, 0x9490, 0x9cd2, 0x8bee, 0x8bcd, 0x7bea, 0x7c08, 0x8c0d, 0x732a, 0x83ee, 0xad34, 0x9490, 
    0x840c, 0x83ed, 0x940e, 0x8c0d, 0x940d, 0x8c0e, 0xad13, 0x946f, 0x946f, 0x9c6f, 0x944e, 0x9c4e, 0x83ab, 0x5aa6, 0x4a27, 0x5268, 0x5a47, 0x6289, 0x7b4b, 0x8c2d, 
    0x946e, 0x7bab, 0x7348, 0x83ca, 0x840c, 0x8c2e, 0x738b, 0x83cd, 0x7bab, 0x6b08, 0x83cc, 0x73ab, 0x5ac7, 0x6b29, 0x7b8a, 0x83ec, 0x83ec, 0x6b68, 0x7389, 0x83eb, 
    0x8c4d, 0x8c0d, 0x944e, 0xa4af, 0x8bec, 0x6b29, 0x8c2e, 0x83ed, 0x83cd, 0x9cb0, 0x7b89, 0x6b28, 0x8c2e, 0xa48f, 0x9c6e, 0xa4d1, 0xb532, 0xacf1, 0x8c0d, 0x8bcb, 
    0x8bab, 0x8bcc, 0x942e, 0x8c2e, 0x8c2e, 0x944e, 0xa48e, 0xb4f0, 0xa46f, 0x9c4d, 0x9c4d, 0x6ac8, 0x7309, 0x7b29, 0x836a, 0xa46e, 0xa44e, 0x9c4e, 0xa490, 0x736c, 
    0x8bed, 0x9c90, 0x9c6f, 0x9c4e, 0x8bcc, 0x6aea, 0x734a, 0x6b47, 0x6b69, 0x7c0c, 0x52c4, 0x6306, 0x6b88, 0x6366, 0x52c3, 0x4a62, 0x4222, 0x31a1, 0x4222, 0x4222, 
    0x4222, 0x4a23, 0x4a63, 0x62e4, 0x6b64, 0x5342, 0x5303, 0x5b44, 0x5b22, 0x5b63, 0x52c6, 0x52e6, 0x740a, 0x6ba8, 0x6364, 0x6ba7, 0x6ba9, 0x4ac5, 0x5325, 0x5b26, 
    0x7c0c, 0x742b, 0x740b, 0x4ac4, 0x5304, 0x3202, 0x42a3, 0x4ae4, 0x3a42, 0x31e3, 0x4aa5, 0x4282, 0x3a61, 0x29a1, 0x1921, 0x08a0, 0x1941, 0x1900, 0x0861, 0x4243, 
    0x3a43, 0x4ac4, 0x42a3, 0x4ac4, 0x3a02, 0x39e2, 0x52e4, 0x5ae6, 0x5ae8, 0x4a65, 0x2962, 0x4263, 0x7c86, 0x84a6, 0x84a5, 0x84a5, 0x7445, 0x63c4, 0x5343, 0x4b02, 
    0x42c1, 0x5342, 0x5b45, 0x4264, 0x2961, 0x4aa3, 0x52e4, 0x4b03, 0x3a81, 0x4281, 0x5b43, 0x63a5, 0x5b65, 0x5324, 0x4284, 0x5ae7, 0x6347, 0x6346, 0x52c3, 0x52e3, 
    0x4242, 0x41e2, 0x4a83, 0x39e2, 0x18c0, 0x39c4, 0x6b8a, 0x4243, 0x4283, 0x3202, 0x3201, 0x4282, 0x5263, 0x41e3, 0x4223, 0x4a63, 0x5265, 0x5aa7, 0x5267, 0x39e4, 
    0x2102, 0x39c3, 0x4a43, 0x5ac6, 0x18e1, 0x10a1, 0x3163, 0x6307, 0x6b84, 0x52a3, 0x6328, 0x62ea, 0x6b0c, 0x6b0a, 0x4a23, 0x3981, 0x39a3, 0x4205, 0x3a02, 0x3a00, 
    
    0x6b46, 0x5242, 0x4a23, 0x4a43, 0x62e5, 0x6b07, 0x8bcb, 0xacd1, 0xad51, 0x7c2a, 0x5b86, 0x5ba6, 0x83ea, 0x83ca, 0x6346, 0x4ac3, 0x4ae4, 0x3a63, 0x4aa4, 0x6326, 
    0x6326, 0x7348, 0x7308, 0x8bcc, 0x838b, 0x4a05, 0x31a2, 0x3221, 0x29c1, 0x3a43, 0x42c3, 0x5365, 0x3ac4, 0x4b24, 0x5343, 0x52e3, 0x3a41, 0x3201, 0x3a21, 0x4281, 
    0x4a81, 0x5ac2, 0x7346, 0x83c9, 0x940c, 0xa48f, 0xad11, 0xad53, 0xbd94, 0xb553, 0xbd53, 0xbd94, 0xbdb4, 0xb553, 0xa4af, 0xb553, 0xb552, 0xacf1, 0xa4d0, 0xbd93, 
    0xbd73, 0xbd94, 0xacf1, 0xad11, 0xad33, 0xad12, 0xb553, 0xbd93, 0xacf0, 0xb552, 0xa4cf, 0x9c2c, 0xa44d, 0x9c2d, 0x9c4d, 0x9c8e, 0xb531, 0xb553, 0xb532, 0xb531, 
    0xbd73, 0xbd73, 0x9c8e, 0xad32, 0xb574, 0x8c0e, 0x83ee, 0xa4f2, 0x9c6f, 0xb574, 0x840f, 0x6aea, 0x8bee, 0x840e, 0x840d, 0x83ed, 0x6b49, 0x6b08, 0x8c0d, 0x8c0d, 
    0x8bed, 0x942f, 0x9c90, 0x942c, 0x83ab, 0x8c0e, 0x8c2f, 0x8c4f, 0x83cd, 0x944f, 0x736b, 0x62c7, 0x6ae9, 0x7b8c, 0x736c, 0x8c0e, 0x7b8c, 0x736b, 0x7bce, 0xa4f2, 
    0x9cd1, 0x83ec, 0x946e, 0xacf1, 0x8c2d, 0x842c, 0xad31, 0xb573, 0x8c2c, 0x736a, 0x8c2d, 0x8c2d, 0x83ec, 0x7bcb, 0x6b69, 0x8c2d, 0x8c2e, 0x946f, 0x9c8f, 0xacf1, 
    0xa4d1, 0x9c90, 0x942e, 0xb532, 0x944d, 0x7b8b, 0x8bed, 0x8bec, 0x838a, 0x942d, 0x8c0d, 0x942e, 0xa48f, 0x9c4e, 0xa48f, 0xa4d1, 0xacd0, 0x9c4e, 0x9c8f, 0xb553, 
    0xa4b0, 0x736c, 0x7b8c, 0x83ad, 0x8bed, 0x9c2e, 0xacaf, 0xb511, 0xbd31, 0xa46e, 0x836a, 0x7b49, 0x8baa, 0x93eb, 0x9c0d, 0xb4f1, 0x9c6f, 0x8c0e, 0x942e, 0x83ad, 
    0xa4d2, 0xacf2, 0x9c6f, 0x736b, 0x7b6a, 0x39e4, 0x4223, 0x4a82, 0x5b05, 0x5b06, 0x4261, 0x4260, 0x5b23, 0x52c3, 0x4a83, 0x4a43, 0x4222, 0x39a2, 0x3161, 0x3181, 
    0x4240, 0x4280, 0x52e2, 0x6b66, 0x6343, 0x5b21, 0x5b41, 0x5302, 0x52c3, 0x5304, 0x6366, 0x6be9, 0x5325, 0x5b24, 0x73c6, 0x6345, 0x5b25, 0x4ae4, 0x4ae3, 0x7408, 
    0x63a7, 0x4302, 0x63a4, 0x5b04, 0x4a63, 0x29c1, 0x42a3, 0x4b04, 0x3a21, 0x31e1, 0x3204, 0x31e2, 0x29e2, 0x29a2, 0x2143, 0x1101, 0x08c0, 0x0860, 0x18e1, 0x4283, 
    0x1901, 0x31a3, 0x5b06, 0x5b25, 0x4283, 0x31e2, 0x5284, 0x4243, 0x52c8, 0x4244, 0x4a84, 0x7408, 0x94e9, 0x73c4, 0x52e2, 0x6c04, 0x7cc5, 0x7c85, 0x6405, 0x6c25, 
    0x5b63, 0x42c3, 0x5b86, 0x5345, 0x3a43, 0x5304, 0x6bc5, 0x63c4, 0x42e3, 0x2a01, 0x3a22, 0x5b64, 0x5b64, 0x3a42, 0x4ac2, 0x52a2, 0x4a43, 0x4a65, 0x4a84, 0x4283, 
    0x4a43, 0x3983, 0x4204, 0x4202, 0x41e3, 0x62e8, 0x7bac, 0x31c2, 0x2961, 0x3a22, 0x5b43, 0x7465, 0x5b03, 0x4aa2, 0x4281, 0x3a02, 0x6287, 0x7b4b, 0x5aa8, 0x6328, 
    0x52c5, 0x5285, 0x31a1, 0x31a2, 0x4a26, 0x5a87, 0x4a44, 0x5ac6, 0x6b67, 0x6b86, 0x73c7, 0x840b, 0x8c2e, 0x6329, 0x4224, 0x4244, 0x3182, 0x4a44, 0x4a84, 0x3a22, 
    
    0x6ae7, 0x5a86, 0x62a7, 0x5266, 0x5a85, 0x5aa5, 0x62c5, 0x942c, 0xcdb5, 0xc5f6, 0xa532, 0x7c2b, 0x6b45, 0x5ac4, 0x4ac4, 0x42c4, 0x4ae4, 0x5304, 0x6bc6, 0x7407, 
    0x5b64, 0x5ae5, 0x7368, 0x8bca, 0x8bab, 0x7b4a, 0x7309, 0x6306, 0x5304, 0x5344, 0x5383, 0x5be4, 0x4303, 0x5364, 0x5343, 0x52e2, 0x4282, 0x29c1, 0x29c0, 0x31e0, 
    0x3a01, 0x52a2, 0x5ac2, 0x6b04, 0x7347, 0x944c, 0xb552, 0xb553, 0xbd73, 0xc5b4, 0xbd94, 0xbd94, 0xc5d5, 0xbd94, 0xad12, 0xb594, 0xad12, 0xa4d1, 0xa4b0, 0xb553, 
    0xbdb4, 0xbd73, 0xb532, 0xb532, 0xad12, 0x946f, 0xacf1, 0xbd73, 0xb532, 0xacb0, 0xa48f, 0xa48e, 0xac8f, 0xbd73, 0xc5f5, 0xbd94, 0xbd94, 0xc5d6, 0xbdd5, 0xc616, 
    0xc5d5, 0xbd74, 0xb532, 0xce38, 0xce38, 0xb553, 0xb554, 0xb554, 0xad73, 0xb594, 0x9c90, 0x7bee, 0x9cb1, 0xb533, 0x8c30, 0x840f, 0x94b0, 0x948f, 0x8c2e, 0x83ed, 
    0x944f, 0xb554, 0xad13, 0xa4d1, 0xacd1, 0xa4b1, 0x62c9, 0x7bad, 0xad12, 0x9c6f, 0x83ed, 0x83cc, 0x9c90, 0xa4d2, 0x944e, 0x8c2d, 0x944e, 0xa4d1, 0xb553, 0x8c4e, 
    0x73ab, 0x946f, 0xa4b0, 0x9c8f, 0x8c4d, 0x7bcb, 0x8c4e, 0x946e, 0x7bcb, 0x840d, 0x7b8b, 0x83eb, 0x7baa, 0x7bcb, 0x9caf, 0xa4d0, 0xa4d0, 0xa4d1, 0x8c0c, 0x8bec, 
    0x9c4e, 0x9c4f, 0x944f, 0x946f, 0x9c6e, 0xa48f, 0x9c4e, 0x83cb, 0x8bcb, 0xa4b0, 0xa4b0, 0xa4af, 0x8bcb, 0x942d, 0x9c8f, 0xb4f1, 0xacd0, 0x9c0d, 0x8bed, 0xbd94, 
    0xbdb5, 0x83ee, 0x7b6c, 0x83ad, 0x9c4f, 0x9c4e, 0x9c2d, 0xa46e, 0xacaf, 0x9c4d, 0x8b8b, 0x9c2d, 0xa46e, 0x940c, 0xacd0, 0xad12, 0x9c90, 0x9c6f, 0xb532, 0xa4b1, 
    0x9c90, 0x9c6f, 0x83cc, 0x6328, 0x52c5, 0x7389, 0x6b07, 0x4222, 0x4a83, 0x5b04, 0x4ac3, 0x4262, 0x4221, 0x39e1, 0x4a43, 0x4a63, 0x52a4, 0x4a43, 0x4222, 0x4221, 
    0x4a81, 0x5ae4, 0x5263, 0x5aa3, 0x5301, 0x6362, 0x5b42, 0x5304, 0x4a83, 0x31e2, 0x4262, 0x5303, 0x4ac2, 0x5b66, 0x6b87, 0x6346, 0x6ba7, 0x63a6, 0x4b04, 0x6386, 
    0x5b24, 0x3a80, 0x4281, 0x52c3, 0x4263, 0x3221, 0x29c1, 0x3201, 0x4242, 0x4a83, 0x3a23, 0x31a3, 0x31c3, 0x2142, 0x31c3, 0x29a2, 0x08c0, 0x10c1, 0x3202, 0x31c1, 
    0x2961, 0x3a03, 0x5286, 0x52a5, 0x4a64, 0x4223, 0x5ac5, 0x4222, 0x5ac7, 0x6367, 0x7c09, 0x8c4b, 0x7348, 0x6ae3, 0x6385, 0x7447, 0x7c86, 0x7445, 0x6c25, 0x7425, 
    0x6c05, 0x7426, 0x7447, 0x5be5, 0x5ba5, 0x6386, 0x6ba5, 0x4ac2, 0x63c3, 0x5ba3, 0x5363, 0x5b83, 0x42c2, 0x4263, 0x52c3, 0x4241, 0x31a1, 0x4243, 0x4aa4, 0x3a41, 
    0x4a83, 0x3183, 0x41e5, 0x4a44, 0x4243, 0x5284, 0x4a84, 0x4aa4, 0x3a42, 0x5302, 0x6383, 0x6385, 0x5b04, 0x4aa2, 0x52e2, 0x2961, 0x2101, 0x52a5, 0x5265, 0x5ae6, 
    0x5b06, 0x5b26, 0x31a3, 0x5ac9, 0x8bed, 0x62a5, 0x73a6, 0x7bea, 0x6328, 0x6b86, 0x8428, 0x844a, 0x5ac7, 0x738c, 0x842d, 0x6304, 0x5263, 0x6b04, 0x5283, 0x2961, 
    
    0x7328, 0x7308, 0x6ac8, 0x6ae8, 0x62a6, 0x5a63, 0x62a2, 0x7306, 0xacd0, 0xc5b5, 0xbd95, 0xb553, 0x8c8d, 0x7387, 0x6b88, 0x7389, 0x8c4b, 0x840a, 0x7c29, 0x8ccb, 
    0x94ce, 0x9cf0, 0xa510, 0xa4ef, 0x8bab, 0x93cb, 0x8baa, 0x7be8, 0x7406, 0x5363, 0x5383, 0x63e3, 0x6c25, 0x63e5, 0x4ac3, 0x3a41, 0x4262, 0x31e1, 0x3201, 0x4241, 
    0x3a01, 0x3a01, 0x3a00, 0x5282, 0x5aa3, 0x83a9, 0xacd0, 0xb511, 0xbd73, 0xbd73, 0xc5d5, 0xcdf5, 0xcdf5, 0xcdf6, 0xc5d5, 0xbdb4, 0xbdb5, 0xbd94, 0xacf1, 0xb574, 
    0xb573, 0xacf1, 0xbd94, 0xad12, 0xad32, 0xb552, 0xc593, 0xbdb4, 0xbd73, 0xb512, 0xbd94, 0xc5d5, 0xc5d5, 0xcdf6, 0xce16, 0xbdb5, 0xb554, 0xbdd5, 0xbdb5, 0xc616, 
    0xc5d6, 0xa4b0, 0xa4b1, 0xbdd6, 0xb595, 0xb553, 0xc617, 0xb575, 0x9471, 0x9cb1, 0xa4f2, 0x9cf3, 0x840f, 0x8bee, 0xad12, 0xb574, 0xb554, 0xbdb5, 0xa512, 0xa4d2, 
    0x83cd, 0x8c0d, 0x9470, 0x9cb1, 0xb553, 0xad11, 0x946f, 0xa4f2, 0x946f, 0x83ec, 0x9c8f, 0xb553, 0xa4f1, 0x8c2e, 0x9c8f, 0xa4d0, 0xad12, 0xad32, 0xa4f1, 0x9c90, 
    0x9cd0, 0x9c8f, 0x944e, 0x9cb0, 0xad12, 0x9cf1, 0x9cb0, 0x8c0d, 0x8c2e, 0x946f, 0x840d, 0x842d, 0x738a, 0x840d, 0xa4f1, 0x9c8f, 0x9c6f, 0xa4b0, 0x9c6f, 0x9c6e, 
    0x83cb, 0x7b8a, 0x8c2d, 0x944e, 0x942e, 0xad11, 0xb553, 0x9c6e, 0x7b6a, 0x9c4e, 0xa48f, 0xacaf, 0x93ec, 0x8bec, 0x8bcc, 0x8bcc, 0x940d, 0xa4b0, 0x734b, 0x83ee, 
    0xacf1, 0xa4af, 0xacb0, 0xacd1, 0xb512, 0xa4b0, 0xa48f, 0xb4f1, 0x942e, 0x836b, 0xa46f, 0xc572, 0xbd31, 0x7b6b, 0x942f, 0x9c90, 0xa490, 0xb532, 0xacf1, 0x83cd, 
    0x83cd, 0x83cb, 0x5b06, 0x6327, 0x7369, 0x7329, 0x7328, 0x62c5, 0x4a82, 0x52c3, 0x5ac5, 0x4a04, 0x39c2, 0x41e2, 0x4223, 0x52c4, 0x5b44, 0x5b63, 0x6ba5, 0x7367, 
    0x7348, 0x6ae8, 0x6ae7, 0x5ac3, 0x6342, 0x6363, 0x5304, 0x5b25, 0x52e4, 0x31e2, 0x29a1, 0x31e1, 0x4aa3, 0x6b88, 0x6326, 0x6366, 0x63a6, 0x5324, 0x4b02, 0x5343, 
    0x52a1, 0x3982, 0x20e1, 0x31c2, 0x3a21, 0x5305, 0x4ac5, 0x42a3, 0x4aa3, 0x3a22, 0x4263, 0x3a02, 0x2961, 0x31a3, 0x52c5, 0x52a4, 0x31c2, 0x2141, 0x4ac5, 0x6348, 
    0x4a84, 0x4283, 0x4244, 0x5ac5, 0x4a24, 0x62e6, 0x7bc6, 0x5ac4, 0x39c2, 0x6306, 0xa4f0, 0x732a, 0x41a5, 0x5aa4, 0x6344, 0x63a5, 0x5b84, 0x5321, 0x4ac1, 0x63a4, 
    0x6c05, 0x7c86, 0x84a6, 0x6c46, 0x7ca8, 0x6c06, 0x5b23, 0x52e3, 0x63e4, 0x7ca5, 0x6c44, 0x5343, 0x29a1, 0x4283, 0x73e5, 0x4aa3, 0x3201, 0x5344, 0x6364, 0x4241, 
    0x31a1, 0x1902, 0x31c3, 0x31c1, 0x3a02, 0x5326, 0x4ae4, 0x6346, 0x6b49, 0x5ae5, 0x5b64, 0x4aa5, 0x5285, 0x5287, 0x5ac9, 0x62c9, 0x5267, 0x4a84, 0x5265, 0x7347, 
    0x5ac6, 0x5aa7, 0x62c8, 0x6ae9, 0x7b69, 0x5a84, 0x7324, 0x6b05, 0x5286, 0x7368, 0x83ea, 0x6306, 0x4a63, 0x738a, 0x7bcb, 0x4a41, 0x39c1, 0x39e1, 0x41e2, 0x39a3, 
    
    0x6ae6, 0x49e3, 0x5243, 0x6b26, 0x62e5, 0x62c4, 0x6aa3, 0x5a63, 0x6ae5, 0x7b8a, 0x9c6f, 0xbd95, 0xc617, 0xbd94, 0x9c0e, 0xacd0, 0xcdd5, 0xbd94, 0xad53, 0xb5b5, 
    0xc5f7, 0xbdd6, 0xb595, 0xc5f6, 0xad32, 0x942c, 0x83ca, 0x6b66, 0x6bc6, 0x6344, 0x4ac3, 0x42c2, 0x5ba4, 0x5b84, 0x4b03, 0x3261, 0x31e1, 0x3201, 0x29c0, 0x4261, 
    0x3a21, 0x29c0, 0x31c0, 0x4220, 0x4221, 0x6b25, 0x8bca, 0x8beb, 0x9c6d, 0xb532, 0xc5b4, 0xce36, 0xcdf5, 0xd657, 0xc5d5, 0xc5d5, 0xbdb4, 0xc5d5, 0xbdb4, 0xbdb5, 
    0xbd74, 0xbd93, 0xbd94, 0xbdb4, 0xbdb4, 0xbd73, 0xbd73, 0xbd73, 0xb552, 0xb532, 0xbd94, 0xc5d5, 0xce16, 0xc5d5, 0xb553, 0xb532, 0xb553, 0xbd74, 0xbd94, 0xc5f6, 
    0xc5d6, 0xbdb5, 0xbdb6, 0xa4f2, 0xad54, 0xc5f7, 0xad33, 0xad74, 0xa534, 0xbdd6, 0xad13, 0xb574, 0xad34, 0x8bee, 0xacd1, 0xbd94, 0xbd95, 0x9c90, 0x942e, 0x9c2e, 
    0x8bcb, 0x9c8e, 0xad12, 0xad12, 0xb553, 0xa4d1, 0xa4d1, 0xb532, 0x8c0d, 0x9c8f, 0xacf1, 0xb512, 0xa4f0, 0xad32, 0xb574, 0xad33, 0x9cb1, 0x9cb1, 0xa4f1, 0xa4d1, 
    0xad12, 0x944e, 0x9c8f, 0xad32, 0xa4d1, 0xb553, 0xb533, 0x9c6f, 0x9c8f, 0xb553, 0xad12, 0xad12, 0xad12, 0xacf2, 0xb573, 0xa4b0, 0xa4b0, 0xa4b0, 0xa48f, 0x9c4e, 
    0x8beb, 0x7348, 0x83cb, 0x944e, 0x5aa8, 0x6aea, 0x9c8f, 0xacf0, 0x9c4e, 0x9c4e, 0x9c2d, 0x940c, 0x9c2d, 0xa48f, 0xa48f, 0x942d, 0x9c4e, 0x942e, 0x942f, 0x8c0e, 
    0x942e, 0xa4b0, 0xb512, 0xbdb5, 0xc5d5, 0xb512, 0xb532, 0xa490, 0x8bac, 0x942e, 0xb5b5, 0xbdb5, 0xb573, 0xb573, 0xb553, 0xad12, 0x942e, 0x942e, 0x7b6a, 0x5aa7, 
    0x8bcc, 0x6b08, 0x4223, 0x7b69, 0xac8f, 0x836a, 0x6ae8, 0x5ae5, 0x4aa2, 0x5ac5, 0x838a, 0x7309, 0x5ac5, 0x6326, 0x5b46, 0x5b65, 0x5323, 0x5302, 0x7bc7, 0x9c6c, 
    0x83c8, 0x7387, 0x8c2a, 0x8c6b, 0x6366, 0x5b46, 0x6367, 0x4ac2, 0x4ac3, 0x3a23, 0x31c2, 0x31e1, 0x3a42, 0x5286, 0x52c5, 0x6366, 0x5b05, 0x6383, 0x5bc3, 0x4302, 
    0x2981, 0x3902, 0x4183, 0x31c2, 0x29c0, 0x3a84, 0x3a64, 0x3a64, 0x42a3, 0x4263, 0x3a43, 0x31a1, 0x3163, 0x5aa4, 0x6324, 0x5282, 0x52a2, 0x5ae4, 0x7be9, 0x73c8, 
    0x52c5, 0x4263, 0x6b65, 0x6b26, 0x6348, 0x8405, 0x8be6, 0x6b27, 0x4a66, 0x732a, 0x942e, 0x83a9, 0x83ea, 0x6b67, 0x4aa1, 0x4aa3, 0x5b84, 0x3a81, 0x31e0, 0x4a85, 
    0x5b26, 0x63a5, 0x7464, 0x8d27, 0x84e7, 0x7c86, 0x6343, 0x6c04, 0x6c24, 0x63a3, 0x5b43, 0x6383, 0x5b45, 0x6364, 0x6b63, 0x2961, 0x2161, 0x29c2, 0x4284, 0x4284, 
    0x18e1, 0x2141, 0x4241, 0x52c5, 0x7c0b, 0x5b67, 0x4ac4, 0x52a3, 0x4a24, 0x52a6, 0x6367, 0x4aa5, 0x52a7, 0x4a07, 0x732c, 0xa470, 0x8bed, 0x6b09, 0x7328, 0x6284, 
    0x39a4, 0x4a25, 0x6285, 0x6ae5, 0x5283, 0x5282, 0x5261, 0x52a3, 0x6328, 0x736a, 0x7326, 0x5ae6, 0x52c4, 0x5ae6, 0x4264, 0x4a62, 0x7349, 0x5265, 0x41e1, 0x4a42, 
    
    0x62c5, 0x39c1, 0x4a02, 0x62c6, 0x5aa5, 0x4202, 0x5223, 0x6a83, 0x49e2, 0x5265, 0x736a, 0xa4d1, 0xb574, 0xd637, 0xacd1, 0xac90, 0xbd94, 0xbd95, 0xbdb5, 0xbdb5, 
    0xb533, 0xb574, 0xad33, 0xb554, 0xbd74, 0xb512, 0xa4d0, 0x7bc9, 0x6325, 0x7346, 0x52a5, 0x3a63, 0x4b03, 0x4b24, 0x42c3, 0x3202, 0x2181, 0x2181, 0x1980, 0x21a0, 
    0x31e0, 0x31e1, 0x29a1, 0x29a0, 0x31e0, 0x4a81, 0x52a3, 0x52a4, 0x7bc9, 0xacf0, 0xa48e, 0xb551, 0xcdf5, 0xcdf5, 0xc5b4, 0xbd73, 0xbd93, 0xbd94, 0xbd73, 0xbdb4, 
    0xc5f5, 0xc5d5, 0xbd94, 0xb553, 0xbd73, 0xb573, 0xb512, 0xb552, 0xb532, 0xb553, 0xb532, 0xbd73, 0xc5b5, 0xc5d5, 0xc5d5, 0xbd94, 0xbd74, 0xbd94, 0xbd95, 0xbd95, 
    0xbd95, 0xc5d6, 0xc5f7, 0xad75, 0xad34, 0xbdf7, 0xbdb6, 0xbdd6, 0xc617, 0xb574, 0xbdd6, 0xbdd7, 0x9cb2, 0x83ee, 0x9c90, 0xb554, 0xad13, 0x8c0e, 0x9cb0, 0xa48f, 
    0x8bec, 0x8c0d, 0xb512, 0xacf0, 0x9c8f, 0x944e, 0x940d, 0x9c4e, 0xb511, 0xc552, 0xbd11, 0xbd32, 0xbd53, 0xa4d1, 0x9c90, 0x944f, 0x8c0e, 0x8c2e, 0xad33, 0xacf2, 
    0xacf1, 0xad12, 0x8c2e, 0x8c2e, 0xa4b1, 0xa4d1, 0xa48f, 0x942d, 0xa4b0, 0xad11, 0xb511, 0xacf1, 0xacf1, 0xacd1, 0xacf1, 0xad12, 0xad12, 0xa48f, 0x9c4d, 0x8c0d, 
    0x8c0c, 0x83ec, 0x9c6f, 0x8c0d, 0x5267, 0x730a, 0x9c4e, 0xb532, 0xa48f, 0x9c4e, 0xa4d0, 0x8bed, 0x944f, 0xad12, 0xb532, 0xacb0, 0xa48f, 0xa4b0, 0xa4b0, 0x9c4f, 
    0xacf1, 0x9c4f, 0x83ad, 0x8c2f, 0xad53, 0xce37, 0xc5d5, 0xacd1, 0x9c2e, 0xad73, 0xc678, 0xbe37, 0xb5b5, 0xad33, 0xacf2, 0x9c4f, 0x7b6a, 0x62e6, 0x6b27, 0x6b08, 
    0x836b, 0x6b09, 0x6ae8, 0x9c2e, 0xb4f1, 0x8b8b, 0x5265, 0x4ac3, 0x5b25, 0x7b89, 0x83ca, 0x83ca, 0x840b, 0x946d, 0xad10, 0x9c6d, 0x6b47, 0x4ac2, 0x7ba7, 0x83c8, 
    0x5302, 0x5301, 0x6364, 0x73a8, 0x5b26, 0x5346, 0x5304, 0x29c2, 0x3202, 0x3222, 0x31c1, 0x29a1, 0x3a42, 0x52e5, 0x5ac6, 0x6326, 0x5ae4, 0x52e2, 0x63a6, 0x3243, 
    0x3203, 0x31c3, 0x31c2, 0x29c1, 0x3222, 0x4283, 0x31c1, 0x5b25, 0x52e4, 0x1920, 0x1921, 0x29a2, 0x5286, 0x6304, 0x4a81, 0x4221, 0x5261, 0x5b04, 0x6364, 0x6b82, 
    0x7be6, 0x7386, 0x7b67, 0x83cb, 0x840a, 0x6303, 0x7345, 0x73c6, 0x6326, 0x83ce, 0x83ac, 0x83c4, 0x7c06, 0x6b88, 0x5283, 0x31a3, 0x52e7, 0x5325, 0x5b65, 0x5ae7, 
    0x4a24, 0x6385, 0x84a6, 0x7465, 0x5343, 0x73c8, 0x52c3, 0x52a4, 0x4aa4, 0x4ae2, 0x4222, 0x4a22, 0x62e5, 0x4262, 0x5283, 0x2923, 0x0841, 0x0060, 0x2941, 0x39c2, 
    0x10c1, 0x2140, 0x31e0, 0x4aa5, 0x5ac7, 0x4242, 0x3a00, 0x3a00, 0x4a82, 0x5ae6, 0x6367, 0x52c4, 0x5286, 0x62ca, 0x83ac, 0x83ab, 0x83cd, 0x6aaa, 0x4a04, 0x4222, 
    0x52a5, 0x5284, 0x5242, 0x6306, 0x5ae5, 0x4a61, 0x4200, 0x4203, 0x52c4, 0x5aa4, 0x5a82, 0x5ac6, 0x5b07, 0x52c4, 0x31a1, 0x39c0, 0x5242, 0x4a03, 0x39a1, 0x2960, 
    
    0x5ac4, 0x5261, 0x62a2, 0x5a83, 0x5ac5, 0x39e2, 0x41e1, 0x5a62, 0x6284, 0x5265, 0x6b07, 0x8367, 0x93cb, 0xbd73, 0xc5d5, 0xacd1, 0xb553, 0xc5d5, 0xc5f6, 0xbdb5, 
    0xbd73, 0xbd73, 0xacf2, 0xad13, 0xbd94, 0xc594, 0xc594, 0xc594, 0x842b, 0x6b66, 0x6b46, 0x5b25, 0x5344, 0x4b04, 0x3a83, 0x21a1, 0x1920, 0x1961, 0x1960, 0x1940, 
    0x2180, 0x31e1, 0x2160, 0x1940, 0x31c0, 0x31e0, 0x31e0, 0x4241, 0x6b46, 0x7ba8, 0x8c2b, 0xad10, 0xb531, 0xb531, 0xbd93, 0xbd73, 0xbd73, 0xbd73, 0xb553, 0xb573, 
    0xc5b4, 0xc5d5, 0xbd94, 0xc5b4, 0xc5d5, 0xbd94, 0xbd94, 0xc5b5, 0xc5f6, 0xc5b5, 0xbd94, 0xbd94, 0xbdb5, 0xc617, 0xbdb5, 0xc617, 0xc5d5, 0xad33, 0xc5f7, 0xc617, 
    0xad33, 0x9cb1, 0xb595, 0xbdb6, 0xb595, 0xb575, 0xb595, 0x9cf3, 0xad55, 0xad34, 0xb574, 0xa513, 0x8c50, 0xa4d2, 0xad33, 0xa4f3, 0xacf2, 0xacf1, 0xb532, 0xacd1, 
    0x9c90, 0x8c0e, 0xa48f, 0x8bec, 0x9c4e, 0xa4d0, 0xacd0, 0x9c4e, 0xaccf, 0xb4f0, 0xbd11, 0xb4f0, 0xb511, 0xacd1, 0x7b8b, 0x734a, 0x83ed, 0xa4d0, 0xb532, 0xb532, 
    0xacf1, 0xb532, 0x9c6f, 0x9c8f, 0xacf1, 0xb532, 0xacf1, 0xa48f, 0xad11, 0xacf1, 0x9c4e, 0xa4af, 0xa48f, 0xacf1, 0xbd53, 0xb552, 0xb532, 0xacd0, 0xa4d0, 0xacf1, 
    0xa4b0, 0xacf1, 0xa490, 0x8bcd, 0x9c4f, 0xb512, 0xacb0, 0xb532, 0xacd0, 0xa48f, 0x9c4f, 0xa4b0, 0xacf1, 0xb532, 0xacf1, 0xacf1, 0xbd53, 0xacf1, 0x62c9, 0x5a68, 
    0x942e, 0x7b4b, 0x5206, 0x62c9, 0xa4d1, 0xcdf5, 0xcdf5, 0xce16, 0xad12, 0x8c4f, 0x946f, 0x9c6f, 0x942e, 0x836b, 0x7b2a, 0x6ac8, 0x6ae7, 0x83ca, 0x944d, 0x6ae9, 
    0x6b0a, 0x9c2e, 0x9c4e, 0xa48f, 0xa490, 0x940c, 0x6b67, 0x52e3, 0x6326, 0x83eb, 0x7388, 0x52a5, 0x83cc, 0xb4f1, 0xbd11, 0xa46e, 0x7b6a, 0x4a63, 0x5ae3, 0x52c2, 
    0x4aa2, 0x4ae2, 0x5323, 0x4ae4, 0x52e4, 0x4282, 0x31e2, 0x2162, 0x29a2, 0x2181, 0x31e1, 0x4ac3, 0x42c3, 0x4ae3, 0x4ac5, 0x52c5, 0x52c2, 0x31e1, 0x52e4, 0x5b26, 
    0x5323, 0x52e3, 0x3221, 0x29e1, 0x52e3, 0x4263, 0x4222, 0x6324, 0x52c2, 0x2182, 0x29c2, 0x3a41, 0x5305, 0x5b24, 0x4a60, 0x4221, 0x39c1, 0x31e2, 0x3a01, 0x5ae2, 
    0x62e3, 0x7345, 0x6b07, 0x6b08, 0x6b28, 0x5245, 0x4a46, 0x6b87, 0x52a2, 0x7bea, 0x840c, 0x5283, 0x5ac7, 0x52a5, 0x4aa1, 0x5b65, 0x6b48, 0x7beb, 0x844b, 0x5b07, 
    0x3a02, 0x5303, 0x5b42, 0x4282, 0x4ac3, 0x5ac6, 0x4a23, 0x5265, 0x39a4, 0x4ae2, 0x4a63, 0x3123, 0x5246, 0x4a46, 0x4224, 0x3a03, 0x2942, 0x10e0, 0x3a23, 0x39a3, 
    0x0020, 0x0880, 0x1921, 0x2941, 0x2120, 0x29a0, 0x31c1, 0x3a03, 0x5b25, 0x5b07, 0x5aa3, 0x4202, 0x5265, 0x7349, 0x7327, 0x5245, 0x6b0a, 0x6288, 0x6285, 0x6b46, 
    0x7be9, 0x4243, 0x4a44, 0x4225, 0x62e7, 0x3161, 0x18e1, 0x2141, 0x2960, 0x4200, 0x31a0, 0x31a1, 0x4242, 0x31c0, 0x2981, 0x4222, 0x3180, 0x2901, 0x2100, 0x2160, 
    
    0x4a43, 0x5263, 0x5aa2, 0x62c3, 0x6b25, 0x5ac3, 0x4a22, 0x4a43, 0x62c4, 0x5263, 0x5aa2, 0x5a60, 0x6ac3, 0x8bcb, 0xacd0, 0xb532, 0xb574, 0xbd94, 0xa4d2, 0xb554, 
    0xc5b5, 0xbd53, 0xb4f2, 0xa4b1, 0xb574, 0xc5b5, 0xc553, 0xb4f2, 0xad12, 0x6b67, 0x6385, 0x5b66, 0x3a63, 0x4ae3, 0x3a62, 0x3a42, 0x29e2, 0x21a1, 0x2181, 0x1121, 
    0x1961, 0x1920, 0x1940, 0x2160, 0x2980, 0x1940, 0x2160, 0x3a41, 0x4260, 0x52c2, 0x7be9, 0x948d, 0x948e, 0xa4f0, 0xad11, 0xb531, 0xacf0, 0xb531, 0xb552, 0xb532, 
    0xb512, 0xc594, 0xbd94, 0xbdb4, 0xc5d5, 0xc5f6, 0xbd94, 0xbdb5, 0xb594, 0xbd74, 0xc5b4, 0xc5d6, 0xbdb5, 0xc5f6, 0xa4d2, 0xad33, 0xce78, 0xce58, 0xad54, 0xbdf7, 
    0xb574, 0xa513, 0xc617, 0xc617, 0xc5d6, 0xc617, 0xb595, 0xbdb6, 0xbdd6, 0xad74, 0x9cd1, 0xad33, 0xb595, 0xb554, 0xad33, 0x9470, 0xa4d1, 0xbd73, 0xacd0, 0x9c4f, 
    0xbd73, 0xc5d5, 0xb552, 0x942d, 0x9c6f, 0xbd32, 0xbd31, 0xacd0, 0xa4ae, 0xb531, 0xbd52, 0xb4f1, 0xb4f0, 0xbd31, 0xa48f, 0x83eb, 0x8c2d, 0xa48f, 0x9c6e, 0xacf0, 
    0xacd0, 0xacd1, 0xb532, 0xbd73, 0xb512, 0xb511, 0xacf0, 0x942e, 0xb512, 0xbd53, 0xb511, 0xb552, 0xb552, 0xb532, 0xb552, 0xb532, 0xb511, 0x9c6f, 0xb512, 0xb532, 
    0xa4b0, 0xacf1, 0x9c4f, 0x946f, 0xad12, 0xb532, 0xb532, 0xbd53, 0xbd73, 0xb552, 0xacd0, 0xacf0, 0xa4d1, 0x734b, 0x83ed, 0xa4d1, 0xb533, 0x9cb0, 0x7b6c, 0x838c, 
    0x940e, 0x734b, 0x734b, 0x940e, 0x8bcd, 0x5a27, 0x6247, 0xa46f, 0x8c0d, 0x5a87, 0x62c8, 0x6b09, 0x732a, 0x7b6a, 0x7bab, 0x6b08, 0x8bcb, 0x9c4d, 0x9c90, 0x738c, 
    0x738c, 0x940d, 0x8c0c, 0x840b, 0x7be9, 0x7bc8, 0x7368, 0x7b48, 0x8bab, 0x9c4e, 0x7bc9, 0x4a82, 0x5a85, 0x7328, 0x5aa4, 0x7328, 0x83ab, 0x5245, 0x4aa2, 0x5321, 
    0x42a1, 0x4281, 0x3a62, 0x4283, 0x4284, 0x31e1, 0x1900, 0x2142, 0x4ac3, 0x3a22, 0x3201, 0x3a82, 0x4ae3, 0x42a3, 0x4aa4, 0x5305, 0x4ac3, 0x3a22, 0x4263, 0x5b04, 
    0x4262, 0x52e3, 0x4262, 0x4283, 0x3a43, 0x3a44, 0x4264, 0x31c1, 0x5282, 0x5b65, 0x4ae3, 0x42a2, 0x73e5, 0x73a3, 0x4a82, 0x39e2, 0x31a1, 0x3a02, 0x4aa3, 0x4a61, 
    0x4222, 0x5aa4, 0x5ac6, 0x6328, 0x6b6b, 0x5b0b, 0x632a, 0x7bcc, 0x5285, 0x6363, 0x6bc4, 0x5b24, 0x73a8, 0x6bc6, 0x5b43, 0x7447, 0x5b64, 0x6307, 0x7bac, 0x39e4, 
    0x5b05, 0x6b88, 0x6346, 0x5b24, 0x4aa2, 0x4243, 0x4a65, 0x3a03, 0x4a44, 0x31e2, 0x31a2, 0x39c4, 0x5267, 0x5ac8, 0x4a64, 0x52e2, 0x3a22, 0x2162, 0x4284, 0x4a44, 
    0x20c1, 0x2961, 0x4a42, 0x31a2, 0x4224, 0x3a01, 0x4a63, 0x5ae6, 0x5ac6, 0x4a44, 0x4a02, 0x41e3, 0x5283, 0x4a22, 0x5283, 0x7b89, 0x838b, 0x7328, 0x62c3, 0x5b07, 
    0x73cb, 0x4a85, 0x3182, 0x31c2, 0x31a1, 0x2940, 0x3163, 0x4a25, 0x5225, 0x41c3, 0x31c1, 0x3a41, 0x31e0, 0x2161, 0x31a3, 0x4204, 0x2101, 0x0840, 0x0860, 0x0860, 
    
    0x4a44, 0x4a43, 0x62c4, 0x62e5, 0x5ae4, 0x5ac4, 0x4a64, 0x4a65, 0x4a62, 0x62c3, 0x5ac2, 0x5281, 0x5261, 0x62a4, 0x7b48, 0x944d, 0xad12, 0xc5b5, 0xa4b1, 0x9c90, 
    0xbd74, 0xb4f2, 0xacd1, 0xa490, 0x9cb1, 0xacf2, 0xac90, 0x942e, 0xa4d1, 0x9cd0, 0x7c29, 0x6365, 0x4aa3, 0x5b84, 0x42c2, 0x4283, 0x4b05, 0x42c3, 0x42a3, 0x4263, 
    0x3a42, 0x21c1, 0x3a63, 0x5344, 0x29e1, 0x1120, 0x29a1, 0x31e1, 0x4281, 0x5302, 0x6364, 0x7bc8, 0x7be9, 0x844c, 0x946e, 0x9c6d, 0x83ca, 0x8c0c, 0x9c6e, 0xad11, 
    0xb531, 0xbd52, 0xb553, 0xbdb4, 0xc5d5, 0xc5f6, 0xbd94, 0xb553, 0xa512, 0xacf1, 0xb532, 0xb594, 0xbdf6, 0xbdb5, 0xb554, 0xb595, 0xc5f7, 0xce78, 0xc5f6, 0xc637, 
    0xc5f7, 0xb594, 0xbdd5, 0xc617, 0xc5f6, 0xbd95, 0xad13, 0xbdd6, 0xc5f6, 0xb554, 0xbdb5, 0xb574, 0xad33, 0xad13, 0xa4f1, 0xa4d1, 0xad12, 0xb553, 0xb4f1, 0xbd11, 
    0xbd32, 0xbd52, 0xb4f0, 0xb4f0, 0xacd0, 0xacd0, 0xacaf, 0xacd0, 0xbd52, 0xb4f1, 0xacaf, 0xb531, 0xb511, 0xacaf, 0xbd11, 0xb4f0, 0x9c8f, 0xa4b0, 0xa48f, 0xa48f, 
    0xacd0, 0xb4f1, 0xbd52, 0xbd32, 0xacf1, 0xacf1, 0xad11, 0x9c6e, 0xacd0, 0xb511, 0xbd32, 0xb553, 0xbd94, 0xad12, 0xacf1, 0xbd53, 0xb532, 0xb4f1, 0xbd53, 0xad12, 
    0xb532, 0xad12, 0x940e, 0xa4b0, 0xc5d4, 0xc5d5, 0xc5d5, 0xb532, 0xa4b0, 0xb552, 0xb531, 0xb4f1, 0x9c4e, 0x732b, 0x8c0e, 0xa4d0, 0xa4d1, 0xad12, 0x944f, 0x838c, 
    0x93ed, 0x83ab, 0x6b09, 0x7b4b, 0x7b8c, 0x5248, 0x1820, 0x5a46, 0x7b69, 0x942c, 0x9c8f, 0x942e, 0x7b8b, 0x62e8, 0x7b8a, 0xacf1, 0xad11, 0x83ac, 0x7bed, 0x73cd, 
    0x7c0e, 0x844e, 0x7be9, 0x5b44, 0x5324, 0x7bc9, 0xa46e, 0xc574, 0xb532, 0x83ab, 0x4a83, 0x4aa1, 0x6b66, 0x8c2c, 0x7baa, 0x6b26, 0x83e9, 0x842a, 0x5303, 0x4ae2, 
    0x4ae2, 0x3241, 0x3201, 0x42a4, 0x3223, 0x1940, 0x10e0, 0x31e2, 0x5323, 0x42a3, 0x3202, 0x29a1, 0x42a2, 0x4282, 0x4b04, 0x5325, 0x3a22, 0x4242, 0x3a42, 0x31e1, 
    0x2180, 0x3a02, 0x4ac5, 0x42a3, 0x3a83, 0x4ac4, 0x42a4, 0x3a21, 0x52e3, 0x4ae3, 0x4ac2, 0x3a41, 0x5b43, 0x5ae3, 0x3a04, 0x39e2, 0x5262, 0x5ac3, 0x3a22, 0x1900, 
    0x3a03, 0x5b06, 0x6b68, 0x6325, 0x5305, 0x5b48, 0x844e, 0x8c6e, 0x6329, 0x6366, 0x5b63, 0x6bc6, 0x7405, 0x6be4, 0x6387, 0x52e6, 0x5303, 0x4aa3, 0x52a5, 0x39c2, 
    0x4a44, 0x5a67, 0x62e7, 0x5b23, 0x4ac4, 0x4204, 0x4a44, 0x4243, 0x39c3, 0x2962, 0x2102, 0x39a3, 0x5285, 0x5b06, 0x4242, 0x4281, 0x5321, 0x6364, 0x5ac6, 0x6326, 
    0x62e3, 0x62c2, 0x5241, 0x31c2, 0x4a85, 0x4244, 0x4a82, 0x5ae4, 0x5284, 0x3a21, 0x39c2, 0x39e2, 0x4a62, 0x5aa2, 0x7344, 0x8c29, 0x940a, 0x83c7, 0x4a83, 0x4a65, 
    0x6367, 0x52c2, 0x3181, 0x4a64, 0x4244, 0x4242, 0x5283, 0x6b26, 0x62c6, 0x41e3, 0x52c3, 0x5303, 0x4283, 0x5284, 0x3143, 0x0880, 0x0880, 0x0841, 0x18c2, 0x1061, 
    
    0x2961, 0x4222, 0x4a23, 0x4a24, 0x52a4, 0x5ae5, 0x6325, 0x5ac5, 0x4a43, 0x62e3, 0x62e2, 0x5aa1, 0x4220, 0x5241, 0x6b07, 0xa48f, 0x942e, 0xa4af, 0x9c6d, 0x942e, 
    0x942f, 0xad12, 0xa44f, 0xa4b0, 0xacf1, 0xacd1, 0xb4d1, 0xb553, 0xb533, 0xc5d6, 0xb594, 0x8cab, 0x5b44, 0x4a83, 0x4aa3, 0x4ae3, 0x5324, 0x63c4, 0x63a5, 0x5344, 
    0x4b02, 0x3a82, 0x5364, 0x6c46, 0x53a4, 0x4b02, 0x5343, 0x5304, 0x4ae2, 0x4ae1, 0x5b42, 0x5b03, 0x6367, 0x73c9, 0x7bea, 0x6b48, 0x6306, 0x6307, 0x7baa, 0x9c8e, 
    0xacf0, 0xbd73, 0xbd73, 0xbd94, 0xc5d5, 0xc5f5, 0xc616, 0xbd94, 0xc616, 0xc5d5, 0xbdb5, 0xad33, 0xb554, 0xb553, 0xbd95, 0xce58, 0xbdf6, 0xc5d6, 0xbd94, 0xbd74, 
    0xad12, 0xad32, 0xb553, 0xad12, 0xa4d1, 0xc5b6, 0xbd94, 0xb532, 0xb553, 0xb533, 0xb513, 0xb533, 0xb512, 0xb532, 0xb532, 0xb512, 0xacf1, 0xb573, 0xbd94, 0xc573, 
    0xc532, 0xcd52, 0xc531, 0xb510, 0xac8f, 0xb511, 0xb511, 0xacaf, 0xb511, 0xc593, 0xbd52, 0xc573, 0xbd52, 0xb4f0, 0xaccf, 0xb511, 0xb4f0, 0xacd0, 0xb4f0, 0x942d, 
    0x8bed, 0xacd0, 0xbd32, 0xbd32, 0xb512, 0xbd32, 0xb511, 0xbd31, 0xb511, 0xacb0, 0xa4f1, 0xb553, 0xb532, 0xacf1, 0xb532, 0xc5b4, 0xbd52, 0xb4f0, 0xa48f, 0xc573, 
    0xd5f5, 0xd636, 0xc593, 0xb4f1, 0xbd52, 0xbd73, 0xbd73, 0xbd32, 0xb4f1, 0xb4f1, 0xbd31, 0xbd31, 0x9c6f, 0xa4d0, 0xb512, 0xb532, 0xa48f, 0xad12, 0x736c, 0x5a68, 
    0x6b29, 0x6ae7, 0x6b08, 0x7b6b, 0x83cd, 0x83ad, 0x5266, 0x5a84, 0x940c, 0xc552, 0xacd0, 0xa4d0, 0x944e, 0x7349, 0x9c4d, 0xb4d0, 0xa46f, 0xacd1, 0xb532, 0x946f, 
    0x6b8a, 0x5325, 0x42e2, 0x5b25, 0x9c8e, 0xb4f1, 0xd616, 0xde77, 0xbd73, 0x9c6e, 0x7bea, 0x5ae5, 0x7baa, 0xc5d3, 0xcdd4, 0x6b67, 0x5b03, 0x6386, 0x4ae3, 0x4aa3, 
    0x4281, 0x3a41, 0x3a81, 0x3a62, 0x3a63, 0x3a03, 0x3a44, 0x4aa4, 0x3222, 0x3aa3, 0x3a63, 0x4a82, 0x42c2, 0x3222, 0x3a44, 0x3a03, 0x2122, 0x41e3, 0x2981, 0x1941, 
    0x1941, 0x31e2, 0x63a7, 0x63c5, 0x5303, 0x7c08, 0x6346, 0x4a82, 0x5b44, 0x4ae3, 0x52e2, 0x5261, 0x5262, 0x4242, 0x5264, 0x39e2, 0x39c1, 0x4a41, 0x31e1, 0x1901, 
    0x4264, 0x6348, 0x5b28, 0x4285, 0x3a42, 0x73ca, 0x8c8d, 0x6b87, 0x73c7, 0x7427, 0x7405, 0x6306, 0x6324, 0x5b43, 0x3a43, 0x39e2, 0x39e2, 0x2981, 0x31e2, 0x29a2, 
    0x18e1, 0x3983, 0x39a3, 0x4223, 0x5b26, 0x39e3, 0x2961, 0x4a43, 0x2961, 0x5263, 0x4a63, 0x52c5, 0x4203, 0x31e1, 0x29a1, 0x5ae5, 0x6342, 0x7384, 0x6b25, 0x6b65, 
    0x5b03, 0x39e1, 0x2961, 0x3a22, 0x4222, 0x4223, 0x29a1, 0x3a03, 0x5305, 0x52e3, 0x31a2, 0x4a66, 0x6b87, 0x7368, 0x6b07, 0x83e9, 0x8be9, 0x7346, 0x83a9, 0x6329, 
    0x52c7, 0x2981, 0x18e0, 0x31e3, 0x4a24, 0x5263, 0x4222, 0x6346, 0x5b29, 0x52c6, 0x4a83, 0x4ac2, 0x4284, 0x4263, 0x2961, 0x1901, 0x2121, 0x10a1, 0x2923, 0x3964, 
    
    };